x,y,z
0.0308105,0.0546011,0
0.027204,0.0145248,0
0.0469524,0.00390665,0
0.0390224,0.0266096,0
0.0543295,0.0374721,0
0.0065282,0.00902397,0
0.0232128,0.0381056,0
0.0325724,0.012615,0
0.0423156,0.0466959,0
0.0506149,0.0180218,0
0.0352643,0.0279064,0
0.0178401,0.00100278,0
0.0128469,0.00575217,0
0.045329,0.032461,0
0.0292352,0.015829,0
0.0403638,0.0443982,0
0.0170562,0.0245382,0
0.0521662,0.00810963,0
0.04379,0.0216607,0
0.034204,0.0413758,0
0.0221161,0.0118772,0
0.0487444,0.0485579,0
0.0366138,0.00321693,0
0.0204697,0.0306955,0
0.0430821,0.0106556,0
0.0312697,0.0457837,0
0.0240294,0.020953,0
0.0512146,0.0301434,0
0.00094161,0.00180074,0
0.0356065,0.0198181,0
0.0547339,0.0252794,0
0.0382072,0.0359427,0
0.0143899,0.00700764,0
0.0482011,0.0529482,0
0.0119142,0.0164644,0
0.0263888,0.0312396,0
0.0301687,0.0061662,0
0.0191418,0.0184976,0
0.0373237,0.050975,0
0.0494834,0.000116856,0
0.0447372,0.0393416,0
0.0086331,0.0132118,0
0.0334352,0.023054,0
0.0281435,0.0334938,0
0.0258809,0.00474135,0
0.0459226,0.0148814,0
0.0528947,0.0419589,0
0.0411574,0.00954824,0
0.0578248,0.0454364,0
0.109944,0.0217694,0
0.0736271,0.0107418,0
0.0949134,0.0405872,0
0.0665979,0.0193133,0
0.0971659,0.0485621,0
0.0879509,0.00334418,0
0.0826519,0.0300168,0
0.102246,0.00745512,0
0.0630575,0.0360543,0
0.0856511,0.0446586,1.19209e-07
0.0769722,0.024243,0
0.0611414,0.00529262,0
0.107011,0.0323367,0
0.0912667,0.0155704,1.19209e-07
0.0719095,0.0532848,1.19209e-07
0.107876,0.0482686,1.19209e-07
0.0555369,0.0238231,0
0.0965113,0.0131095,0
0.0747878,0.0389588,0
0.0804639,0.00114068,0
0.0891072,0.0286644,0
0.067763,0.0508357,0
0.098491,0.0188557,1.19209e-07
0.084014,0.0264952,0
0.0786577,0.0429851,0
0.0649364,0.0100461,0
0.100923,0.0364452,0
0.105271,0.00381149,0
0.0597103,0.0341139,0
0.0707964,0.0144023,0
0.0929825,0.053811,0
0.076655,0.0375403,0
0.0849285,0.00947531,0
0.0634481,0.0276179,0
0.103221,0.0420097,0
0.0616273,0.055041,0
0.105845,0.0152641,0
0.0709798,0.00516032,0
0.0903093,0.0336637,0
0.0978061,0.000764374,1.19209e-07
0.0660795,0.027732,0
0.0814027,0.0173911,0
0.0869224,0.0514083,1.19209e-07
0.109151,0.0381428,1.19209e-07
0.0581797,0.012699,0
0.0937559,0.0231875,0
0.0731808,0.0467458,0
0.0830324,0.0350272,0
0.0778836,0.00833533,0
0.0641305,0.0434814,0
0.101393,0.0256776,0
0.103863,0.0518627,0
0.0589857,0.017104,0
0.069954,0.0312404,0
0.0919816,0.00650186,1.19209e-07
0.0796813,0.0496869,1.19209e-07
0.0887536,0.0204645,1.19209e-07
0.0687831,0.00239297,0
0.0995931,0.0306228,0
0.0950436,0.0465086,0
0.0754886,0.0208634,0
0.056904,0.0408591,0
0.108642,0.0118307,0
0.155299,0.00248417,0
0.124201,0.0280447,0
0.133796,0.0212029,0
0.138717,0.0459311,0
0.111639,0.0126505,0
0.16379,0.041267,1.19209e-07
0.126307,0.050363,0
0.147831,0.0174042,1.19209e-07
0.157904,0.0536365,0
0.118432,0.0152652,1.19209e-07
0.135496,0.0364469,1.19209e-07
0.144184,0.00811534,0
0.129798,0.00491819,1.19209e-07
0.148795,0.0316995,0
0.159466,0.0273539,0
0.114428,0.0415556,0
0.112844,0.0391243,0
0.16541,0.0114361,0
0.145623,0.0499661,0
0.124826,0.0197378,0
0.122502,0.000893211,0
0.152679,0.0304235,0
0.13133,0.0479619,1.19209e-07
0.140052,0.0240631,0
0.161835,0.0437867,0
0.115875,0.0257164,0
0.128013,0.0342527,1.19209e-07
0.150928,0.00536593,1.19209e-07
0.142253,0.0349298,0
0.137111,0.00982969,0
0.120873,0.0524569,1.19209e-07
0.156365,0.015843,1.19209e-07
0.125325,0.040414,1.19209e-07
0.146333,0.0133421,0
0.164561,0.0515296,0
0.113862,0.0186566,0
0.132469,0.00286308,1.19209e-07
0.141516,0.029051,0
0.121763,0.0450426,1.19209e-07
0.153377,0.0223206,0
0.14291,0.0138998,1.19209e-07
0.137993,0.0551011,1.19209e-07
0.119891,0.00704996,1.19209e-07
0.156017,0.0376497,0
0.129009,0.0262041,0
0.151881,0.042869,0
0.116954,0.0326003,0
0.161303,0.00390789,0
0.136169,0.017037,0
0.145092,0.0532434,0
0.158539,0.00940619,1.19209e-07
0.118057,0.0362641,0
0.160509,0.0336273,1.19209e-07
0.115655,0.00641263,1.19209e-07
0.131251,0.0448482,0
0.149718,0.0248244,1.19209e-07
0.1398,0.000132659,1.19209e-07
0.134292,0.029933,0
0.153785,0.0473437,0
0.123425,0.0224662,0
0.127594,0.0104367,0
0.147646,0.0388624,0
0.162744,0.0203544,0
0.110898,0.0485178,0
0.179545,0.0184892,0
0.209567,0.0501799,0
0.193545,0.0128319,0
0.188343,0.0405893,0
0.202632,0.0284784,0
0.181772,0.00235305,0
0.166318,0.045137,0
0.218926,0.020994,0
0.169432,0.00757416,1.19209e-07
0.215343,0.0378979,0
0.20444,0.0152021,0
0.18503,0.0544611,1.19209e-07
0.190642,0.0261047,1.19209e-07
0.19922,0.0424435,0
0.213364,0.00481766,0
0.174472,0.0312398,0
0.19773,0.0243179,0
0.192481,0.044503,0
0.211489,0.0338775,1.19209e-07
0.175391,0.00526862,1.19209e-07
0.205749,0.0531922,0
0.183374,0.0159266,1.19209e-07
0.171363,0.0361191,1.19209e-07
0.216373,0.00941002,1.19209e-07
0.177782,0.0497195,0
0.208837,0.0206314,0
0.195697,0.0383866,0
0.187436,0.0113079,1.19209e-07
0.179843,0.0309513,0
0.201399,0.00116044,0
0.220671,0.0472343,0
0.168581,0.023578,0
0.191465,0.0330479,0
0.199888,0.0063237,0
0.212969,0.0434967,1.19209e-07
0.173419,0.0257611,1.19209e-07
0.185934,0.00999118,0
0.205357,0.0346838,0
0.170501,0.0521725,0
0.214751,0.0170714,0
0.203315,0.0225605,0
0.182302,0.0482677,0
0.167433,0.000752253,0
0.218133,0.0294298,1.19209e-07
0.189482,0.0193151,0
0.195021,0.0485351,0
0.178766,0.0392447,0
0.210333,0.0108759,0
0.1678,0.0285717,0
0.21974,0.00342524,1.19209e-07
0.181168,0.0221667,0
0.201145,0.0457969,1.19209e-07
0.207301,0.0408693,1.19209e-07
0.176908,0.0135607,0
0.18781,0.051507,0
0.19678,0.0174156,0
0.172617,0.0138506,0
0.217513,0.0538496,1.19209e-07
0.18477,0.0366109,1.19209e-07
0.206709,0.00815962,0
0.193212,0.00420534,0
0.198566,0.0321821,0
0.175064,0.0415253,1.19209e-07
0.212055,0.0269413,0
0.236348,0.0543977,0
0.258743,0.0144893,0
0.222498,0.00486644,1.19209e-07
0.27485,0.0311558,0
0.244791,0.027008,0
0.249616,0.0438002,0
0.265231,0.00933235,0
0.234708,0.0347359,0
0.230394,0.0178271,0
0.268062,0.05134,0
0.245621,0.0304442,1.19209e-07
0.253434,0.000824588,0
0.269919,0.023114,0
0.225036,0.0459743,1.19209e-07
0.241678,0.0128441,0
0.260557,0.041395,0
0.257291,0.0526279,0
0.238259,0.016637,0
0.273517,0.00654583,0
0.223085,0.0340795,0
0.251695,0.0255848,0
0.243511,0.0426788,0
0.231538,0.00846199,1.19209e-07
0.263728,0.037359,1.19209e-07
0.254895,0.0289436,0
0.248598,0.00225242,1.19209e-07
0.267536,0.0196463,0
0.228214,0.049073,0
0.261904,0.011686,0
0.239509,0.0380382,0
0.227907,0.0211716,0
0.271676,0.0482452,0
0.264748,0.0420572,0
0.233719,0.0249524,0
0.249308,0.00718147,0
0.243619,0.0366438,0
0.276254,0.0161448,1.19209e-07
0.22175,0.0532902,0
0.235475,0.0053436,0
0.258171,0.033133,0
0.253017,0.0494241,0
0.246679,0.0205825,0
0.268582,0.00259696,0
0.230749,0.0276494,0
0.270767,0.0391525,0
0.22564,0.0110652,0
0.259215,0.0222992,1.19209e-07
0.240585,0.0471956,0
0.262635,0.0261387,0
0.233083,0.0448333,0
0.250446,0.035843,0
0.242272,0.00957685,0
0.224407,0.0147924,0
0.274172,0.0546601,0
0.256425,0.00399682,0
0.236774,0.0326265,0
0.254165,0.018552,0
0.247119,0.0507597,1.19209e-07
0.229557,0.00116477,1.19209e-07
0.266478,0.0293975,0
0.272614,0.0136617,0
0.226949,0.0404692,0
0.238832,0.0237158,0
0.260877,0.0456035,1.19209e-07
0.287513,0.00874253,0
0.323604,0.034917,0
0.297999,0.0525796,0
0.309851,0.01455,0
0.293599,0.0257021,0
0.311658,0.0436155,0
0.281839,0.0332217,0
0.328114,0.00556041,0
0.318438,0.0216305,0
0.285649,0.0479464,0
0.303832,0.000238832,0
0.307119,0.0305625,0
0.327514,0.0498263,1.19209e-07
0.278274,0.0195922,0
0.315718,0.0114163,0
0.291106,0.038581,0
0.28329,0.0232038,1.19209e-07
0.319681,0.0458658,0
0.301922,0.0288191,1.19209e-07
0.304581,0.00199139,0
0.325283,0.0178982,0
0.276456,0.0510614,0
0.292465,0.0127302,0
0.316988,0.0411766,0
0.295503,0.0423736,1.19209e-07
0.31346,0.0269925,0
0.280138,0.00485153,0
0.330451,0.0318218,0
0.308275,0.0535747,0
0.300121,0.0171019,0
0.289246,0.0374817,0
0.321942,0.00857577,1.19209e-07
0.331337,0.0246914,0
0.280907,0.0440408,1.19209e-07
0.296589,0.00608187,0
0.313021,0.0344001,0
0.299332,0.035903,0
0.307838,0.00989524,1.19209e-07
0.322342,0.0531566,0
0.289874,0.0148544,0
0.320961,0.00152984,1.19209e-07
0.284329,0.0301154,0
0.305383,0.0473672,1.19209e-07
0.301263,0.0211728,0
0.316579,0.0204159,0
0.29326,0.048838,1.19209e-07
0.325718,0.0395588,1.19209e-07
0.277467,0.0107935,0
0.329125,0.0420785,1.19209e-07
0.282998,0.0267478,1.19209e-07
0.295145,0.0327581,0
0.312266,0.00364917,0
0.310634,0.036847,0
0.297651,0.00712489,0
0.288281,0.0547532,0
0.324416,0.0161423,0
0.302842,0.0455796,1.19209e-07
0.306067,0.0235655,0
0.286175,0.00269165,0
0.319238,0.0281266,0
0.326797,0.0137311,0
0.279686,0.0404219,0
0.314465,0.0509044,0
0.290141,0.0184269,0
0.36853,0.00108737,1.19209e-07
0.350648,0.0399381,0
0.334863,0.0174824,0
0.380878,0.0464415,1.19209e-07
0.374611,0.0237709,0
0.341319,0.0488823,0
0.352676,0.0133433,0
0.363171,0.0293406,0
0.360068,0.0142581,0
0.356807,0.0439857,0
0.377821,0.0346783,0
0.344603,0.00348234,1.19209e-07
0.3361,0.0320541,1.19209e-07
0.386061,0.00896452,0
0.345474,0.0263395,1.19209e-07
0.37224,0.0539464,0
0.343456,0.0372811,0
0.37917,0.00603122,1.19209e-07
0.359087,0.0168517,1.19209e-07
0.360827,0.0423479,1.19209e-07
0.38477,0.0342038,0
0.337735,0.00855385,1.19209e-07
0.34717,0.0530861,0
0.36945,0.0242792,0
0.339995,0.022113,0
0.374404,0.0506943,1.19209e-07
0.354889,0.0294575,0
0.364414,0.0119441,0
0.349087,0.00324242,0
0.367029,0.0382346,0
0.333024,0.0469027,1.19209e-07
0.382602,0.0200997,0
0.351687,0.0191432,0
0.368741,0.0474861,0
0.333507,0.0394328,0
0.380066,0.00179301,0
0.376201,0.0307809,0
0.340812,0.0105144,0
0.363551,0.0211388,0
0.353641,0.0517188,0
0.356122,0.00649073,0
0.359475,0.0365629,0
0.344349,0.0420188,0
0.376794,0.0158585,0
0.335349,0.0250358,0
0.385224,0.0525349,0
0.34674,0.03282,1.19209e-07
0.371456,0.00714874,1.19209e-07
0.357961,0.0361001,0
0.362123,0.00469104,0
0.378276,0.0444608,1.19209e-07
0.342654,0.0150992,0
0.337097,0.0552345,0
0.383576,0.0269566,0
0.370725,0.0314328,1.19209e-07
0.347952,0.0102793,0
0.365669,0.0493079,0
0.354104,0.0224575,0
0.338998,0.0280203,0
0.373121,0.0122512,1.19209e-07
0.349736,0.0453619,0
0.366219,0.0183347,0
0.332039,0.000400884,0
0.382158,0.0408502,0
0.413614,0.0471383,0
0.417169,0.0199805,0
0.433026,0.0307387,1.19209e-07
0.39757,0.011033,0
0.440483,0.00282222,0
0.390267,0.0394081,0
0.402148,0.0226833,0
0.425516,0.0493999,1.19209e-07
0.394361,0.0520285,1.19209e-07
0.430098,0.0242964,0
0.409489,0.00677286,0
0.420197,0.0352828,1.19209e-07
0.388831,0.013857,0
0.435394,0.0431807,0
0.421539,0.0094761,1.19209e-07
0.407303,0.0333681,1.19209e-07
0.391832,0.00044227,0
0.438747,0.0405651,1.19209e-07
0.427107,0.0209985,1.19209e-07
0.403653,0.0509339,0
0.433156,0.0125712,0
0.398808,0.0286946,0
0.415884,0.0461945,0
0.411581,0.0178184,0
0.405587,0.00834391,0
0.424379,0.0311416,0
0.436605,0.0170662,0
0.387465,0.0425212,0
0.395335,0.0271953,0
0.428484,0.0542665,0
0.419183,0.00443022,0
0.40753,0.0373428,0
0.402932,0.00219288,1.19209e-07
0.427644,0.0384782,0
0.439229,0.0241061,0
0.392933,0.0491123,0
0.412396,0.0301739,0
0.414541,0.011803,0
0.399978,0.0193553,1.19209e-07
0.434495,0.048297,0
0.429319,0.00572003,0
0.396253,0.0354626,0
0.417958,0.0533122,0
0.408584,0.0250459,0
0.438016,0.034384,1.19209e-07
0.388072,0.00956347,0
0.404595,0.0446254,0
0.42304,0.0148312,0
0.422408,0.0419989,1.19209e-07
0.40602,0.0157637,0
0.436249,0.00774056,0
0.389815,0.0319928,0
0.430792,0.0367415,0
0.394542,0.00402672,0
0.420819,0.0262582,0
0.410176,0.0552242,0
0.425309,0.000984645,0
0.401075,0.040362,0
0.441395,0.0506401,0
0.391477,0.0216647,1.19209e-07
0.412889,0.0132728,0
0.416719,0.0281827,0
0.431502,0.0186083,0
0.397924,0.0454475,1.19209e-07
0.484451,0.00869629,1.19209e-07
0.451527,0.0350115,0
0.467922,0.0269935,0
0.46969,0.0439871,0
0.443065,0.00494249,0
0.492697,0.0317697,0
0.458553,0.053899,0
0.481629,0.0138599,0
0.462565,0.0302418,0
0.473909,0.00029526,0
0.48918,0.0516145,1.19209e-07
0.453383,0.0175754,0
0.494754,0.0227913,1.19209e-07
0.446528,0.046375,0
0.461771,0.0128295,0
0.478111,0.0413906,0
0.4644,0.00178199,0
0.474866,0.0285403,0
0.487473,0.0198191,0
0.455269,0.0483754,1.19209e-07
0.447812,0.0215513,0
0.495431,0.0479612,0
0.476828,0.0120309,0
0.459685,0.0383647,0
0.480759,0.0522229,0
0.456557,0.0169998,0
0.491615,0.00610159,0
0.444702,0.0340793,0
0.485776,0.0373719,0
0.449543,0.00804048,1.19209e-07
0.471997,0.0258671,0
0.466064,0.0428511,1.19209e-07
0.457884,0.00566488,0
0.482872,0.0330654,0
0.442367,0.0534722,0
0.491777,0.015754,0
0.450506,0.0246356,1.19209e-07
0.483063,0.0416198,1.19209e-07
0.468712,0.036557,1.19209e-07
0.47096,0.00765712,0
0.49353,0.0390167,0
0.445878,0.0109437,1.19209e-07
0.460905,0.0474206,0
0.479564,0.0221251,0
0.488731,0.00322922,0
0.452804,0.0281817,0
0.472793,0.0498844,1.19209e-07
0.463617,0.0205171,1.19209e-07
0.460502,0.0241548,0
0.477319,0.0450569,0
0.447465,0.0403797,1.19209e-07
0.496442,0.0137949,1.19209e-07
0.453941,0.00164057,0
0.486616,0.0295766,0
0.465004,0.0504518,0
0.475673,0.0186119,0
0.467342,0.0103185,0
0.471111,0.0354474,0
0.484834,0.0261367,1.19209e-07
0.448764,0.0445434,0
0.444108,0.0153493,1.19209e-07
0.490733,0.0551765,0
0.479597,0.00402608,0
0.456163,0.0320841,1.19209e-07
0.547824,0.039893,1.19209e-07
0.502748,0.00100457,0
0.511489,0.0462755,1.19209e-07
0.532851,0.0173907,0
0.541791,0.0131059,0
0.504613,0.0291922,1.19209e-07
0.525788,0.0490086,0
0.520488,0.0240086,0
0.530434,0.00365917,0
0.521812,0.0348649,0
0.540023,0.0435642,0
0.507769,0.0143205,1.19209e-07
0.536008,0.0322158,1.19209e-07
0.516595,0.00901096,0
0.499207,0.0540135,0
0.551736,0.0266019,1.19209e-07
0.543354,0.0293648,0
0.505705,0.0116543,1.19209e-07
0.518339,0.0507253,0
0.526966,0.0220768,0
0.50056,0.0380054,0
0.545741,0.00313063,0
0.512783,0.0199013,0
0.534225,0.0466797,1.19209e-07
0.515511,0.0342244,0
0.537739,0.00844729,0
0.49777,0.0245063,0
0.549917,0.0526572,0
0.528691,0.0372345,0
0.523527,0.00560735,0
0.509689,0.0424872,1.19209e-07
0.538845,0.0171013,1.19209e-07
0.501937,0.0185331,0
0.546444,0.0456069,0
0.533029,0.000425232,1.19209e-07
0.513389,0.0407037,1.19209e-07
0.506784,0.0495503,1.19209e-07
0.544442,0.0227489,0
0.517436,0.012107,0
0.526625,0.027653,0
0.548354,0.0100038,0
0.497196,0.031228,0
0.536688,0.0548127,0
0.514803,0.0270354,0
0.52266,0.0445793,1.19209e-07
0.527741,0.0148639,0
0.508821,0.00453584,1.19209e-07
0.539295,0.0357838,0
0.529837,0.0420829,1.19209e-07
0.521328,0.0156623,0
0.508245,0.0365605,0
0.541005,0.00654691,1.19209e-07
0.550675,0.0328778,0
0.499604,0.00695129,0
0.51574,0.0525307,0
0.535121,0.0253566,0
0.511003,0.00187364,0
0.53166,0.0396569,0
0.546988,0.0191635,0
0.503177,0.0474497,1.19209e-07
0.504044,0.0208091,0
0.542512,0.0513747,0
0.524745,0.010603,0
0.519178,0.0307531,0
0.58072,0.00986337,0
0.575113,0.0311138,0
0.559868,0.0262418,0
0.597239,0.0551268,0
0.566653,0.00471527,1.19209e-07
0.588983,0.0375598,1.19209e-07
0.555245,0.0436225,0
0.602798,0.015139,0
0.578582,0.0177572,0
0.58451,0.0456547,0
0.593444,0.00017443,0
0.562513,0.040548,0
0.605693,0.0294428,0
0.553517,0.0124843,1.19209e-07
0.572334,0.0490191,0
0.590773,0.0231447,0
0.604285,0.0110135,0
0.55215,0.0288636,1.19209e-07
0.592496,0.0509286,0
0.570496,0.0220531,0
0.594762,0.0396031,0
0.564731,0.00308807,0
0.577292,0.0476868,0
0.584362,0.0191411,1.19209e-07
0.582126,0.0329726,0
0.573891,0.00856358,0
0.561846,0.0521162,0
0.598154,0.0252902,0
0.587766,0.0067448,0
0.568111,0.0347616,0
0.599997,0.0418147,0
0.557088,0.0170951,0
0.573117,0.0540749,0
0.581315,0.0268551,0
0.560834,0.00874906,1.19209e-07
0.599392,0.0323051,0
0.567571,0.0139855,0
0.586399,0.0440648,1.19209e-07
0.601308,0.00369413,0
0.55782,0.0365121,1.19209e-07
0.569371,0.0308347,0
0.592002,0.0129574,0
0.552785,0.0236272,0
0.60352,0.0498778,1.19209e-07
0.583037,0.0400303,1.19209e-07
0.576311,0.001532,1.19209e-07
0.563776,0.0464063,1.19209e-07
0.596072,0.0181857,0
0.565911,0.0429195,0
0.588034,0.0158382,0
0.601883,0.0361594,1.19209e-07
0.55655,0.00524393,0
0.559126,0.0342166,0
0.596694,0.00730439,1.19209e-07
0.579817,0.0527968,0
0.574841,0.0245393,0
0.578338,0.0383383,1.19209e-07
0.585948,0.00195294,0
0.563442,0.0199835,0
0.593811,0.0471819,0
0.554571,0.0505012,0
0.605946,0.0211025,0
0.570998,0.0118546,0
0.589866,0.0277203,0
0.64864,0.0152299,0
0.617882,0.0551271,0
0.635936,0.0319852,0
0.629768,0.00379755,1.19209e-07
0.620679,0.0356315,1.19209e-07
0.643028,0.010195,0
0.60904,0.0264866,0
0.661243,0.0443211,0
0.613007,0.0301369,1.19209e-07
0.656122,0.00161169,1.19209e-07
0.626353,0.0186166,0
0.645078,0.0503315,0
0.63151,0.0448388,0
0.639489,0.0237718,0
0.614445,0.0129604,1.19209e-07
0.651494,0.0396313,1.19209e-07
0.632765,0.0215483,0
0.637608,0.0465551,0
0.65305,0.0103917,0
0.615962,0.039235,0
0.646623,0.0200126,1.19209e-07
0.624298,0.0497292,0
0.657429,0.0284066,0
0.610551,0.00330169,0
0.650635,0.0529643,0
0.620196,0.0157222,0
0.634495,0.00585152,0
0.628372,0.0334066,0
0.641521,0.0367641,0
0.622875,0.00758799,0
0.659542,0.0244384,0
0.608017,0.0417113,0
0.660313,0.0078958,1.19209e-07
0.610007,0.03774,0
0.643644,0.0426671,1.19209e-07
0.621819,0.0251003,0
0.629965,0.0518302,0
0.637051,0.0170092,0
0.61769,0.00638146,0
0.649269,0.0342182,0
0.652094,0.0208663,0
0.614185,0.0474661,1.19209e-07
0.632073,0.0115256,0
0.640251,0.0385851,0
0.646054,0.00201817,0
0.626562,0.02883,1.19209e-07
0.612544,0.0193051,0
0.655114,0.0484312,1.19209e-07
0.657011,0.0176222,0
0.611795,0.0516767,0
0.625156,0.000139885,0
0.647765,0.0307076,1.19209e-07
0.638816,0.0124903,0
0.633251,0.0407873,1.19209e-07
0.61658,0.0226372,1.19209e-07
0.6544,0.0464296,0
0.641931,0.0274173,0
0.62349,0.0431137,0
0.65851,0.0352765,0
0.607001,0.00869124,0
0.627864,0.0137925,0
0.635713,0.0536477,0
0.649588,0.00457164,0
0.618677,0.0314848,1.19209e-07
0.686218,0.0536107,0
0.694222,0.0139782,0
0.707683,0.031577,0
0.669401,0.0049844,0
0.71258,0.0090394,0
0.667932,0.0352877,0
0.678947,0.0267431,1.19209e-07
0.700002,0.0438454,0
0.702811,0.0225338,0
0.67452,0.0461324,0
0.684056,0.0125661,0
0.689107,0.0411067,0
0.663477,0.0173674,0
0.714676,0.0515153,1.19209e-07
0.675397,0.0304188,0
0.698068,0.000324984,0
0.682207,0.0380452,0
0.691328,0.0116455,1.19209e-07
0.672774,0.0211152,1.19209e-07
0.70515,0.0477957,0
0.677607,0.00198898,1.19209e-07
0.69598,0.0287945,0
0.71372,0.0195363,0
0.662331,0.0484012,0
0.665027,0.00805253,0
0.710405,0.0370385,0
0.681015,0.04301,0
0.701505,0.0257962,1.19209e-07
0.707855,0.00633027,0
0.671255,0.0339145,0
0.687822,0.0169898,0
0.692504,0.0523752,1.19209e-07
0.706161,0.0155637,0
0.668675,0.0529891,0
0.695149,0.0327304,1.19209e-07
0.686589,0.00597651,0
0.699879,0.00750204,0
0.680106,0.036427,1.19209e-07
0.711258,0.0414176,0
0.667165,0.0246753,0
0.664501,0.028247,1.19209e-07
0.715791,0.00323393,0
0.698746,0.049656,0
0.676816,0.0206134,0
0.690021,0.0220808,1.19209e-07
0.685001,0.0470296,0
0.674017,0.0111948,0
0.703719,0.0391553,0
0.713286,0.0293836,1.19209e-07
0.662986,0.00138869,0
0.696808,0.0188081,0
0.67852,0.0502765,1.19209e-07
0.683289,0.0240976,0
0.691777,0.0451596,0
0.671826,0.0403814,0
0.704745,0.0137008,0
0.701931,0.0356573,0
0.681749,0.0100391,1.19209e-07
0.709947,0.0260851,0
0.665943,0.0445662,0
0.6885,0.0320171,0
0.693811,0.00411061,0
0.70875,0.0550163,0
0.670208,0.015123,0
0.752847,0.028065,0
0.735434,0.012997,0
0.765593,0.0234846,0
0.716952,0.0489518,0
0.726002,0.0181637,0
0.758085,0.0449272,0
0.736924,0.0401122,0
0.747103,0.000984762,1.19209e-07
0.763366,0.00988751,0
0.727443,0.0320194,0
0.746112,0.0550005,1.19209e-07
0.741136,0.0260028,0
0.756865,0.0149808,0
0.732867,0.0444134,0
0.768954,0.0356475,0
0.722914,0.00404616,0
0.767136,0.049971,0
0.719133,0.0216842,1.19209e-07
0.733804,0.0303488,0
0.751636,0.0112035,0
0.739609,0.00280071,0
0.748845,0.0381989,1.19209e-07
0.76061,0.0189575,1.19209e-07
0.724671,0.0479679,0
0.761746,0.0338701,0
0.729325,0.00763851,1.19209e-07
0.742703,0.052331,0
0.743626,0.0241461,0
0.730451,0.0157377,1.19209e-07
0.755368,0.0419187,0
0.770712,0.00547081,0
0.720744,0.0369251,1.19209e-07
0.754322,0.00498478,1.19209e-07
0.731039,0.0345144,1.19209e-07
0.719818,0.0143729,0
0.769771,0.0432084,0
0.74308,0.0093509,0
0.744631,0.0314911,0
0.728702,0.0536099,0
0.760965,0.0267482,1.19209e-07
0.749556,0.0176336,1.19209e-07
0.738842,0.0459402,1.19209e-07
0.759506,0.0408609,0
0.723253,0.000828859,0
0.734555,0.0229437,0
0.750528,0.0495223,0
0.766604,0.0128062,1.19209e-07
0.718451,0.0284819,0
0.764279,0.0299354,1.19209e-07
0.717175,0.0105465,0
0.753556,0.0212935,0
0.736385,0.0512832,1.19209e-07
0.738411,0.0201964,0
0.748029,0.0473117,0
0.72492,0.0391158,0
0.757759,0.00212161,1.19209e-07
0.767574,0.0169452,0
0.721938,0.0428344,0
0.731762,0.00622703,1.19209e-07
0.755645,0.0370916,0
0.726576,0.0255781,0
0.762609,0.0531023,0
0.74056,0.0327788,1.19209e-07
0.746422,0.0080372,1.19209e-07
0.81328,0.0406266,1.19209e-07
0.784074,0.0117799,0
0.802328,0.0212922,0
0.797218,0.0456671,1.19209e-07
0.822278,0.00182388,1.19209e-07
0.771753,0.0303417,0
0.788777,0.0204974,0
0.810393,0.0495091,0
0.775175,0.0258021,0
0.819469,0.0434192,0
0.787012,0.0347315,0
0.80684,0.00812975,0
0.818421,0.0171156,0
0.780077,0.0516884,0
0.79162,0.00659475,0
0.800228,0.031402,1.19209e-07
0.823871,0.0281448,0
0.77333,0.000630349,0
0.808423,0.0175114,0
0.790029,0.0508064,0
0.795299,0.0225352,1.19209e-07
0.803834,0.0464996,0
0.781615,0.0385467,0
0.814646,0.0126566,0
0.816663,0.0548664,0
0.779077,0.0148791,0
0.793912,0.0332056,0
0.798773,0.00491832,0
0.785703,0.00900577,0
0.805348,0.0378306,1.19209e-07
0.821502,0.0270688,0
0.777536,0.0417054,1.19209e-07
0.778044,0.0325429,1.19209e-07
0.815675,0.00538388,1.19209e-07
0.794517,0.0155412,0
0.799129,0.0529844,0
0.776069,0.0069477,0
0.820431,0.0354265,0
0.806647,0.0241937,0
0.78517,0.0443564,1.19209e-07
0.790597,0.00275969,0
0.809712,0.0300348,0
0.773973,0.0483658,1.19209e-07
0.825217,0.0193232,1.19209e-07
0.796097,0.040055,1.19209e-07
0.804968,0.0106536,0
0.814248,0.0450826,0
0.782766,0.0221052,1.19209e-07
0.811131,0.000870905,0
0.789434,0.0290323,0
0.771573,0.018786,0
0.82291,0.0501542,0
0.803194,0.0393034,0
0.797493,0.0131578,0
0.812249,0.0235254,0
0.783512,0.0480743,1.19209e-07
0.82008,0.00947295,1.19209e-07
0.774968,0.0367371,0
0.787222,0.0260301,0
0.807925,0.0425043,0
0.800923,0.0137637,0
0.792808,0.0535698,0
0.781118,0.00364735,0
0.817419,0.0336177,0
0.835639,0.0426361,0
0.872347,0.0259367,0
0.855005,0.0362891,0
0.846028,0.00944741,0
0.830169,0.0145213,0
0.874382,0.0517139,0
0.841755,0.0327122,0
0.86159,0.00391445,0
0.876625,0.013601,0
0.825457,0.0385044,0
0.842905,0.023768,0
0.86469,0.0461738,0
0.867376,0.0286334,0
0.837759,0.000653607,0
0.856455,0.0187344,0
0.851046,0.0503574,0
0.863459,0.0223398,1.19209e-07
0.844298,0.0464797,0
0.828286,0.0116455,1.19209e-07
0.878685,0.0396616,0
0.849859,0.0202624,1.19209e-07
0.858185,0.0484062,1.19209e-07
0.836799,0.0297683,0
0.868941,0.00307211,0
0.831674,0.0548531,1.19209e-07
0.87495,0.0155776,0
0.839705,0.00654075,0
0.860274,0.032211,0
0.847736,0.0355569,0
0.85327,0.00754595,1.19209e-07
0.832601,0.0254976,0
0.87058,0.0443267,0
0.849147,0.0273765,0
0.854375,0.0420334,1.19209e-07
0.833379,0.0370313,0
0.869826,0.00988133,0
0.840334,0.0530917,0
0.860985,0.0150982,0
0.875994,0.0337229,0
0.831083,0.00450172,0
0.845403,0.0124562,0
0.864429,0.0390898,0
0.82765,0.045138,1.19209e-07
0.879793,0.0228512,0
0.85054,0.027578,0
0.858878,0.00139607,0
0.868103,0.0515314,1.19209e-07
0.836442,0.0177024,0
0.82913,0.03179,0
0.873765,0.00556354,0
0.841432,0.0164656,0
0.862838,0.0537705,0
0.833972,0.00846243,0
0.871546,0.034993,1.19209e-07
0.855384,0.0244864,0
0.847063,0.043061,0
0.857153,0.0305719,0
0.851861,0.00231935,0
0.838247,0.0495847,0
0.866977,0.0189119,0
0.844098,0.0407391,0
0.865971,0.0105085,0
0.826517,0.0208062,0
0.877977,0.0478861,1.19209e-07
0.915774,0.00166915,0
0.893834,0.0301105,0
0.928054,0.0492512,0
0.884878,0.0188114,0
0.889036,0.0453218,0
0.926901,0.0234701,0
0.900599,0.0134818,1.19209e-07
0.907681,0.0406133,1.19209e-07
0.912781,0.0145156,0
0.903774,0.054848,0
0.892058,0.00491645,1.19209e-07
0.923638,0.0311263,1.19209e-07
0.932114,0.00904064,0
0.883199,0.0357012,0
0.899059,0.026343,1.19209e-07
0.917757,0.0420213,0
0.895741,0.00251841,0
0.914436,0.027639,0
0.930663,0.0197873,0
0.88633,0.0506695,0
0.902166,0.0381576,0
0.909799,0.0116174,0
0.887823,0.0213065,0
0.925628,0.046926,0
0.890486,0.0340445,0
0.921142,0.00572294,0
0.910893,0.0525708,0
0.905471,0.0160911,0
0.933122,0.0372481,1.19209e-07
0.881029,0.00760046,0
0.919527,0.0245746,0
0.897362,0.0439429,1.19209e-07
0.908126,0.0219008,1.19209e-07
0.90126,0.0472501,0
0.926485,0.0394257,0
0.889966,0.0107867,0
0.928963,0.00278382,0
0.883811,0.0289941,0
0.917021,0.0512398,0
0.894534,0.0191542,0
0.923223,0.0166687,1.19209e-07
0.892678,0.0522479,0
0.913657,0.0334822,0
0.904668,0.00672976,0
0.882325,0.0252786,0
0.931682,0.0434397,1.19209e-07
0.918289,0.00784139,1.19209e-07
0.900096,0.0361414,0
0.915323,0.0177891,0
0.896122,0.0487184,0
0.929194,0.0294363,0
0.885676,9.33484e-05,0
0.887085,0.0396432,1.19209e-07
0.924323,0.0121233,0
0.903344,0.023185,0
0.909579,0.0460084,1.19209e-07
0.898326,0.00949276,1.19209e-07
0.92042,0.0345352,0
0.934037,0.0274448,1.19209e-07
0.880582,0.0424813,1.19209e-07
0.906925,0.0321538,0
0.911591,0.00410201,1.19209e-07
0.891488,0.0152581,0
0.922233,0.0539138,0
0.965892,0.0489761,1.19209e-07
0.957797,0.0179766,0
0.975068,0.0121794,0
0.942867,0.0386295,0
0.952783,0.0471077,1.19209e-07
0.968976,0.0211992,0
0.983963,0.0304667,0
0.934308,0.00212514,0
0.971882,0.0349117,0
0.949424,0.00836115,0
0.987622,0.0165048,0
0.939396,0.0521192,1.19209e-07
0.964276,0.00471653,0
0.959783,0.0332943,0
0.944921,0.0250519,0
0.96244,0.0313752,0
0.959184,0.00653364,0
0.946201,0.041827,0
0.978409,0.0265184,0
0.974912,0.00874633,1.19209e-07
0.95071,0.0374931,1.19209e-07
0.93899,0.0153469,0
0.954612,0.0514355,1.19209e-07
0.968154,0.0199805,0
0.941131,0.0112437,0
0.976767,0.0411814,0
0.936603,0.0289792,0
0.982268,0.00116779,0
0.953066,0.0229867,0
0.970547,0.0457513,0
0.970713,0.00340859,0
0.954141,0.029718,0
0.937614,0.0215124,1.19209e-07
0.966864,0.0388198,0
0.95546,0.0134971,1.19209e-07
0.977507,0.0185748,0
0.941979,0.048401,1.19209e-07
0.950322,0.0161245,1.19209e-07
0.986101,0.0076908,1.19209e-07
0.937954,0.0359264,1.19209e-07
0.979764,0.0336781,0
0.947003,0.00347004,0
0.958539,0.0441909,0
0.961804,0.0245708,0
0.969636,0.027528,1.19209e-07
0.951456,0.000179622,0
0.935171,0.0454819,0
0.98475,0.0236269,1.19209e-07
0.944028,0.0194273,0
0.965181,0.010592,0
0.956565,0.0395679,0
0.940625,0.00986722,0
0.948187,0.0547772,0
0.972781,0.0144509,0
0.945287,0.0318171,0
0.981297,0.00529222,0
0.963276,0.0428206,0
0.960962,0.0270066,0
0.998156,0.00245446,0
0.991508,0.00406224,0
0.993899,0.0122026,1.99144
0.985683,0.0286339,1.9857
0.989531,0.020939,1.98425
0.986921,0.0261571,1.97514
0.985087,0.0298253,1.98817
0.99945,0.00110029,1.99932
0.984911,0.0301781,1.97608
0.995461,0.00907764,1.99522
0.990053,0.0198945,1.99748
0.0548217,0.0653681,0
0.0517744,0.100461,0
0.0358189,0.0559907,0
0.0456285,0.077819,0
0.0418817,0.0616361,0
0.0530782,0.0884247,0
0.0406556,0.0809767,0
0.0487682,0.0749925,1.19209e-07
0.0316994,0.0593508,0
0.0523327,0.0816495,0
0.0483044,0.0690009,0
0.0368657,0.0730675,0
0.0496085,0.0956881,0
0.0463063,0.0850255,1.19209e-07
0.0509285,0.0586353,0
0.0381316,0.0638099,0
0.044771,0.0724503,0
0.0826694,0.0650008,0
0.087827,0.0909356,0
0.0688841,0.0998673,0
0.0974481,0.0827009,0
0.0568875,0.0706888,1.19209e-07
0.10854,0.109378,0
0.0736767,0.0874404,0
0.096571,0.059776,0
0.0590137,0.0954322,0
0.104047,0.0690843,-1.19209e-07
0.0929284,0.101884,0
0.0716629,0.0785779,0
0.0856324,0.0732232,0
0.0775061,0.105614,0
0.06396,0.0554851,0
0.102624,0.0855907,0
0.0578601,0.107229,0
0.109749,0.0711597,0
0.0942863,0.0888126,1.19209e-07
0.0757852,0.0618307,1.19209e-07
0.080485,0.0921935,0
0.0896373,0.0624045,0
0.0992135,0.0972622,0
0.0665148,0.080605,0
0.100749,0.0571333,0
0.0637376,0.0838364,0
0.0792329,0.0746476,0
0.0839706,0.105045,0
0.0701495,0.103638,0
0.0908384,0.0764195,1.19209e-07
0.106981,0.0949568,1.19209e-07
0.0612104,0.0665227,0
0.0557679,0.0893198,0
0.107512,0.061109,0
0.0950802,0.108617,0
0.0729834,0.0725329,0
0.0868638,0.0796744,0
0.0817454,0.098375,0
0.0679645,0.063857,0
0.0979115,0.092531,0
0.0654438,0.103723,0
0.103292,0.0756921,0
0.0852158,0.0832511,1.19209e-07
0.0765704,0.0585616,1.19209e-07
0.0917594,0.0670526,0
0.0718459,0.0939414,1.19209e-07
0.0603454,0.0774778,1.19209e-07
0.104823,0.10203,0
0.100117,0.0645818,1.19209e-07
0.0669315,0.0900484,0
0.0886011,0.0988474,1.19209e-07
0.0799716,0.0819171,1.19209e-07
0.0582996,0.0592143,0
0.109094,0.0866341,1.19209e-07
0.0934077,0.0694166,0
0.0748939,0.110454,0
0.0901552,0.0960993,1.19209e-07
0.0697164,0.0678633,1.19209e-07
0.106049,0.0792984,0
0.0616198,0.100988,0
0.0779259,0.085164,0
0.0832871,0.0567644,1.19209e-07
0.101804,0.106932,0
0.0628194,0.0739102,1.19209e-07
0.149418,0.0822691,1.19209e-07
0.127646,0.0971843,0
0.160511,0.0866533,0
0.113728,0.0593919,1.19209e-07
0.118511,0.09161,1.19209e-07
0.155216,0.0626576,0
0.136271,0.0714122,0
0.139599,0.10917,0
0.129814,0.0688926,0
0.14743,0.0952514,0
0.165036,0.0726218,0
0.115384,0.106492,0
0.141863,0.0572794,0
0.131488,0.0840786,1.19209e-07
0.158747,0.101098,0
0.123197,0.0786889,0
0.111524,0.0884457,0
0.162194,0.062064,1.19209e-07
0.150872,0.0993726,0
0.125165,0.0805224,0
0.137265,0.107577,1.19209e-07
0.140922,0.0703821,1.19209e-07
0.152954,0.0907284,0
0.120602,0.0656337,0
0.117108,0.0751413,0
0.16331,0.104542,0
0.14577,0.0657903,0
0.129432,0.0942154,0
0.156619,0.07665,0
0.121804,0.103137,0
0.144751,0.0857096,0
0.133836,0.0557224,0
0.119928,0.109847,1.19209e-07
0.152412,0.0720862,1.19209e-07
0.137495,0.0636011,0
0.140273,0.0929242,0
0.151683,0.0600908,1.19209e-07
0.125538,0.0880236,0
0.161502,0.0980233,0
0.111266,0.0815973,0
0.144097,0.0785922,0
0.134032,0.100258,0
0.155517,0.0835727,0
0.121644,0.0585613,0
0.128642,0.0737923,0
0.146513,0.105475,1.19209e-07
0.16264,0.0678968,0
0.116082,0.0959301,0
0.114775,0.0666176,1.19209e-07
0.164651,0.0933925,0
0.131064,0.104269,0
0.148217,0.075177,0
0.123941,0.0851856,1.19209e-07
0.157453,0.0568321,0
0.14291,0.102552,1.19209e-07
0.132931,0.076894,0
0.138224,0.0641761,0
0.135587,0.0905779,0
0.11776,0.0692367,0
0.153908,0.108414,1.19209e-07
0.149867,0.0893354,1.19209e-07
0.126768,0.0604991,1.19209e-07
0.159417,0.0799518,0
0.112905,0.0992567,0
0.200889,0.08784,0
0.181521,0.0643224,1.19209e-07
0.172328,0.0984472,0
0.217039,0.0711176,0
0.173644,0.0820083,0
0.211721,0.110435,0
0.19663,0.0588828,1.19209e-07
0.18913,0.0930711,0
0.167515,0.058444,0
0.220035,0.0953068,0
0.18392,0.106936,0
0.2061,0.0770413,0
0.207789,0.0690769,0
0.176725,0.084461,0
0.192304,0.0734482,0
0.196979,0.10081,0
0.214873,0.0997548,0
0.170806,0.0695649,1.19209e-07
0.179738,0.0896859,0
0.202577,0.0637406,0
0.175003,0.107579,0
0.21401,0.0803539,0
0.186787,0.0612065,1.19209e-07
0.193616,0.0911655,1.19209e-07
0.203949,0.104325,1.19209e-07
0.185615,0.0780342,0
0.219223,0.0556224,0
0.168869,0.0938531,0
0.178073,0.067362,0
0.210672,0.0849575,1.19209e-07
0.190061,0.102453,0
0.199115,0.0746259,0
0.20327,0.0970514,0
0.18079,0.0717526,0
0.169791,0.0867838,0
0.215816,0.065486,0
0.176042,0.0602894,0
0.212637,0.0919452,1.19209e-07
0.195077,0.0827225,1.19209e-07
0.187537,0.10958,1.19209e-07
0.186516,0.0961161,0
0.205495,0.0577986,0
0.168187,0.0764456,0
0.217857,0.105427,0
0.200369,0.0830264,0
0.191266,0.06763,0
0.179152,0.101607,0
0.209113,0.0732025,0
0.198171,0.0662234,0
0.192615,0.086099,1.19209e-07
0.177226,0.0754263,0
0.208793,0.10291,0
0.166069,0.104796,0
0.220752,0.0789192,0
0.206979,0.0949277,0
0.184477,0.0567035,1.19209e-07
0.171564,0.0623562,0
0.216356,0.0888003,0
0.201951,0.0699801,0
0.18287,0.0985365,0
0.195523,0.108703,0
0.189542,0.0797499,0
0.173087,0.090553,1.19209e-07
0.211416,0.061955,1.19209e-07
0.27095,0.0670369,0
0.227913,0.0934558,0
0.255662,0.104634,0
0.23747,0.0744098,0
0.250891,0.0773685,0
0.2419,0.102869,0
0.269199,0.0863401,0
0.229915,0.0560253,0
0.222522,0.0806364,0
0.273713,0.0985368,0
0.261261,0.0612376,0
0.238389,0.0888533,0
0.233956,0.107504,0
0.265872,0.0693082,0
0.245353,0.0643636,1.19209e-07
0.252195,0.090593,0
0.22853,0.0846169,0
0.266741,0.0577202,0
0.249095,0.101662,1.19209e-07
0.244353,0.0779644,0
0.235392,0.106852,1.19209e-07
0.257816,0.0726461,0
0.271577,0.0959811,0
0.226223,0.0674904,0
0.247556,0.0932152,1.19209e-07
0.255443,0.0634392,0
0.263757,0.109308,0
0.232571,0.0719677,0
0.240207,0.059605,1.19209e-07
0.259538,0.0865915,0
0.224512,0.0980516,0
0.275627,0.0827632,0
0.224904,0.103711,0
0.272501,0.0753279,0
0.236363,0.0664081,1.19209e-07
0.258709,0.0943681,1.19209e-07
0.267431,0.102122,1.19209e-07
0.229109,0.0760977,0
0.244533,0.0850412,0
0.249795,0.0564541,0
0.247879,0.0705195,0
0.253936,0.10798,1.19209e-07
0.231816,0.0907315,0
0.263296,0.0655659,0
0.260437,0.0794467,0
0.241466,0.0998333,0
0.223409,0.061808,1.19209e-07
0.275428,0.0892051,0
0.221862,0.0875832,0
0.2742,0.0592585,1.19209e-07
0.239519,0.0815136,0
0.26168,0.096835,0
0.26459,0.091713,0
0.234897,0.0629219,1.19209e-07
0.246454,0.110481,1.19209e-07
0.253503,0.0709538,0
0.227019,0.0741063,0
0.269635,0.105713,0
0.238094,0.0952863,0
0.257069,0.068639,0
0.25177,0.0829453,0
0.242797,0.0583176,0
0.267913,0.0792908,1.19209e-07
0.230983,0.100459,0
0.283639,0.0970009,0
0.323611,0.0824203,0
0.302178,0.0591552,0
0.31008,0.087157,0
0.296201,0.092117,0
0.315625,0.0627208,0
0.280761,0.0710464,0
0.325438,0.108866,0
0.305287,0.07287,0
0.299648,0.106214,1.19209e-07
0.320969,0.0950121,0
0.289003,0.0686676,0
0.292989,0.0794048,1.19209e-07
0.313502,0.101084,0
0.328727,0.0578046,0
0.277641,0.0845883,0
0.285745,0.080738,0
0.322661,0.100085,1.19209e-07
0.303824,0.0882859,0
0.308823,0.0614768,0
0.316918,0.0915093,1.19209e-07
0.294998,0.0651288,0
0.327698,0.0699762,0
0.282859,0.107606,0
0.298046,0.0744153,0
0.306985,0.104935,1.19209e-07
0.317932,0.0656292,0
0.287171,0.0943175,0
0.291791,0.103305,0
0.311392,0.076125,0
0.27813,0.0560748,0
0.329884,0.0861019,0
0.28971,0.10361,0
0.320271,0.0758372,0
0.298962,0.066593,1.19209e-07
0.304204,0.0933499,0
0.329102,0.102221,1.19209e-07
0.277048,0.077284,1.19209e-07
0.292027,0.0846585,0
0.313259,0.0567643,0
0.284666,0.0610988,1.19209e-07
0.32397,0.089136,0
0.309879,0.0794597,0
0.301266,0.0985389,1.19209e-07
0.295643,0.0693274,0
0.315057,0.108515,0
0.325572,0.0646542,1.19209e-07
0.280108,0.0898364,0
0.331372,0.077894,1.19209e-07
0.279322,0.100318,0
0.312013,0.0831462,0
0.290506,0.0581368,1.19209e-07
0.297571,0.0961295,1.19209e-07
0.306352,0.0680044,0
0.28797,0.0734857,1.19209e-07
0.31899,0.105598,0
0.281669,0.0635602,0
0.327068,0.0924544,0
0.293572,0.110006,0
0.316391,0.0722008,0
0.321629,0.0602163,0
0.286072,0.0876058,0
0.302721,0.0812333,1.19209e-07
0.307943,0.0981615,0
0.352956,0.0816801,1.19209e-07
0.361121,0.0978695,0
0.342801,0.0875116,0
0.374383,0.0589845,0
0.334611,0.062868,0
0.38621,0.0927635,0
0.34559,0.109668,0
0.367028,0.0698217,0
0.336999,0.100843,0
0.381564,0.0770155,0
0.371681,0.0840913,0
0.348888,0.0583204,0
0.36295,0.0687595,0
0.357576,0.0951167,0
0.341004,0.0737162,0
0.376618,0.106432,0
0.339366,0.104329,0
0.379048,0.0754119,0
0.355704,0.0662866,1.19209e-07
0.36501,0.0932653,0
0.369824,0.0560928,0
0.35117,0.0850085,0
0.380635,0.1019,0
0.335688,0.0784452,0
0.344804,0.0618502,0
0.374705,0.0882077,0
0.359415,0.0797401,0
0.354566,0.0994699,0
0.384089,0.0640398,0
0.331511,0.0907707,0
0.368479,0.108174,0
0.347761,0.0718968,0
0.360763,0.0865457,1.19209e-07
0.355277,0.0598952,0
0.375707,0.0823093,1.19209e-07
0.343687,0.0975042,0
0.332455,0.0701942,1.19209e-07
0.383798,0.109395,1.19209e-07
0.348302,0.0921785,0
0.368888,0.0635206,0
0.380282,0.057006,0
0.336238,0.0833517,1.19209e-07
0.370591,0.101701,1.19209e-07
0.352156,0.0762969,0
0.356883,0.105786,0
0.365356,0.0732626,0
0.338417,0.0675807,0
0.378559,0.0959105,0
0.362093,0.0611859,1.19209e-07
0.353458,0.0892776,0
0.342147,0.0803058,1.19209e-07
0.373012,0.098719,0
0.333655,0.107368,0
0.384988,0.0712459,0
0.366645,0.0902274,0
0.34696,0.0652042,0
0.350433,0.103062,0
0.372565,0.0787107,1.19209e-07
0.382546,0.0861311,1.19209e-07
0.337987,0.0567905,0
0.377554,0.0672212,0
0.340593,0.094557,1.19209e-07
0.358553,0.0743032,1.19209e-07
0.36366,0.104597,0
0.437474,0.0672186,0
0.388012,0.0861584,1.19209e-07
0.422064,0.102421,0
0.404568,0.0751013,1.19209e-07
0.396142,0.0566385,0
0.42962,0.0934678,1.19209e-07
0.418478,0.0786718,0
0.409725,0.105156,0
0.392762,0.0802371,1.19209e-07
0.440874,0.108534,1.19209e-07
0.401247,0.0913273,0
0.426204,0.0605612,0
0.414106,0.0624688,0
0.416516,0.0894798,0
0.398354,0.100017,0
0.434046,0.0693173,0
0.400071,0.0712601,0
0.432441,0.0979778,0
0.414961,0.0653659,0
0.410859,0.0878593,0
0.439757,0.0820479,0
0.390772,0.109253,1.19209e-07
0.426536,0.0928255,1.19209e-07
0.402521,0.0593597,0
0.436464,0.0831039,0
0.389589,0.0689459,0
0.407247,0.10053,1.19209e-07
0.42414,0.072812,1.19209e-07
0.431009,0.0573737,1.19209e-07
0.394911,0.0955341,1.19209e-07
0.4201,0.105999,0
0.408667,0.0762253,0
0.390984,0.062014,0
0.438373,0.0900692,0
0.403842,0.107657,0
0.427509,0.0809327,0
0.431859,0.0637077,0
0.39916,0.0883762,0
0.41238,0.0699842,1.19209e-07
0.415685,0.0986332,0
0.406142,0.0659031,0
0.423112,0.0847473,0
0.435021,0.074928,0
0.388669,0.103313,1.19209e-07
0.393998,0.0781715,1.19209e-07
0.430215,0.103539,0
0.420644,0.0560615,0
0.407765,0.0943389,0
0.440427,0.0601271,0
0.392318,0.0921508,0
0.401663,0.0813439,1.19209e-07
0.425281,0.110319,0
0.433374,0.0869266,0
0.397069,0.0640197,1.19209e-07
0.417589,0.0716782,1.19209e-07
0.412962,0.0967243,1.19209e-07
0.421418,0.0678695,0
0.405001,0.0842646,0
0.387129,0.0736129,0
0.436751,0.101142,0
0.395879,0.106376,1.19209e-07
0.428547,0.0772156,0
0.419159,0.0966129,1.19209e-07
0.410187,0.0583587,0
0.461499,0.087497,1.19209e-07
0.477197,0.0589156,0
0.494056,0.11022,0
0.447691,0.0694439,0
0.452096,0.0981517,1.19209e-07
0.488495,0.0813393,0
0.473,0.0910418,0
0.46293,0.0639406,0
0.484759,0.085223,0
0.451339,0.0554167,0
0.470263,0.0741171,0
0.467282,0.103675,1.19209e-07
0.458843,0.0777718,0
0.482824,0.100412,0
0.442256,0.0955057,0
0.492329,0.0684958,1.19209e-07
0.483304,0.0578546,0
0.449088,0.0844876,0
0.471437,0.10673,1.19209e-07
0.468772,0.0750686,0
0.45608,0.101823,0
0.481098,0.0772305,0
0.443574,0.0667506,0
0.489961,0.0945348,0
0.454258,0.0796777,0
0.486648,0.0984105,1.19209e-07
0.465321,0.0925392,0
0.474542,0.0624388,1.19209e-07
0.445593,0.108009,0
0.495639,0.0708286,0
0.479399,0.0887843,0
0.459864,0.0615587,0
0.483907,0.104599,1.19209e-07
0.449708,0.0730074,0
0.472508,0.0568762,1.19209e-07
0.468084,0.0857297,0
0.480357,0.0958321,1.19209e-07
0.456853,0.0675052,1.19209e-07
0.491031,0.0789522,1.19209e-07
0.445053,0.101628,0
0.455331,0.0904639,0
0.487557,0.065521,0
0.464712,0.0825733,1.19209e-07
0.475688,0.0968517,0
0.446279,0.0596813,0
0.496373,0.08645,0
0.478677,0.0704193,1.19209e-07
0.459487,0.108804,0
0.457311,0.0939362,0
0.482116,0.0663337,0
0.492735,0.102898,0
0.4433,0.0759259,0
0.486105,0.0745469,0
0.450967,0.105507,0
0.46623,0.0577286,0
0.469589,0.0833047,0
0.476723,0.107077,1.19209e-07
0.461989,0.071733,0
0.448517,0.0894083,0
0.494665,0.0604953,0
0.464029,0.099687,0
0.474225,0.0802973,0
0.453307,0.0637598,0
0.489845,0.0920899,0
0.509223,0.103206,1.19209e-07
0.541425,0.0741613,0
0.521003,0.0671318,0
0.529639,0.085328,0
0.516236,0.0936961,0
0.536573,0.0577318,0
0.497959,0.079108,0
0.549002,0.103965,-1.19209e-07
0.511133,0.0698688,0
0.532944,0.0999259,0
0.501315,0.0896321,0
0.545183,0.064908,0
0.506594,0.0611458,1.19209e-07
0.54297,0.0909075,0
0.519575,0.10835,0
0.524895,0.0805924,0
0.504249,0.0921034,0
0.544316,0.0590921,0
0.517818,0.0812877,0
0.526588,0.109936,0
0.50246,0.0627658,0
0.546883,0.087172,0
0.531271,0.0709046,0
0.512569,0.0973148,1.19209e-07
0.52315,0.0832436,0
0.528305,0.068255,0
0.508736,0.0738151,0
0.539345,0.100604,0
0.500004,0.105991,0
0.551169,0.077084,0
0.514848,0.0562378,0
0.534717,0.0954726,0
0.513441,0.064385,0
0.532836,0.0884362,0
0.50346,0.0983139,1.19209e-07
0.548008,0.0693051,1.19209e-07
0.527373,0.0618257,1.19209e-07
0.518823,0.090492,0
0.50512,0.0793677,1.19209e-07
0.543873,0.106921,0
0.535918,0.0777739,1.19209e-07
0.514749,0.104432,0
0.550264,0.0947904,1.19209e-07
0.498786,0.0581906,0
0.507141,0.0860685,0
0.538703,0.0661911,1.19209e-07
0.52403,0.0752555,0
0.528679,0.102491,0
0.500879,0.0720839,1.19209e-07
0.545771,0.0975104,0
0.533801,0.0635696,0
0.511934,0.0866247,0
0.525785,0.0925861,0
0.520144,0.0596756,0
0.506111,0.109216,0
0.54226,0.0827077,1.19209e-07
0.516721,0.0760681,1.19209e-07
0.537195,0.106105,0
0.497489,0.0960162,0
0.549924,0.0557279,1.19209e-07
0.530336,0.0731193,0
0.5223,0.101545,1.19209e-07
0.510473,0.0679264,0
0.540277,0.0839314,0
0.589132,0.107017,0
0.570677,0.0709248,0
0.603647,0.0628694,0
0.555663,0.0909771,0
0.562625,0.0591786,1.19209e-07
0.598893,0.0880662,1.19209e-07
0.573253,0.0994596,0
0.583033,0.0816995,1.19209e-07
0.592667,0.0583938,1.19209e-07
0.567631,0.0852966,0
0.55246,0.0775496,0
0.601901,0.101919,0
0.580658,0.0935095,1.19209e-07
0.578506,0.0682581,0
0.593236,0.0757775,0
0.56054,0.103789,0
0.554175,0.100683,1.19209e-07
0.600379,0.0789701,0
0.589718,0.0842855,1.19209e-07
0.566111,0.0554281,0
0.594977,0.105841,0
0.558832,0.07261,0
0.581264,0.0665283,0
0.577145,0.0949826,0
0.564122,0.0874817,0
0.596718,0.0615149,0
0.575227,0.08062,0
0.585217,0.0981338,0
0.557739,0.064881,1.19209e-07
0.606525,0.0924141,0
0.586997,0.0695907,0
0.570272,0.109957,0
0.565328,0.0823261,1.19209e-07
0.597612,0.0986197,0
0.574062,0.0894692,0
0.585023,0.0596122,1.19209e-07
0.605138,0.072196,1.19209e-07
0.558027,0.108559,0
0.569535,0.0629724,0
0.586505,0.0900894,0
0.554329,0.0576791,0
0.601085,0.0860626,0
0.590428,0.0759438,1.19209e-07
0.566676,0.103271,0
0.559781,0.0946251,0
0.595927,0.0676236,1.19209e-07
0.575778,0.0743727,0
0.582132,0.104872,0
0.572631,0.0606188,0
0.583525,0.0869191,0
0.599332,0.0796114,1.19209e-07
0.563722,0.0971084,0
0.587862,0.0641753,0
0.571562,0.092001,1.19209e-07
0.604881,0.108985,0
0.556817,0.0705544,0
0.591359,0.101358,1.19209e-07
0.568708,0.0782812,0
0.553388,0.0832775,0
0.602759,0.0560383,0
0.577533,0.106793,1.19209e-07
0.579378,0.0740768,0
0.561226,0.06602,1.19209e-07
0.594528,0.0961003,0
0.607751,0.103282,0
0.657526,0.0728512,0
0.642609,0.0861145,0
0.624251,0.0657945,0
0.614433,0.0760551,1.19209e-07
0.649278,0.104526,0
0.630418,0.0947587,0
0.63935,0.0570793,0
0.654419,0.0635321,1.19209e-07
0.618153,0.0893286,1.19209e-07
0.633577,0.071741,1.19209e-07
0.635913,0.0983263,0
0.659553,0.0902616,0
0.613435,0.0597923,0
0.644635,0.0818719,0
0.622498,0.108189,1.19209e-07
0.649837,0.0791321,0
0.616285,0.105406,0
0.627584,0.0553094,1.19209e-07
0.638305,0.0959366,1.19209e-07
0.625944,0.0838757,0
0.643209,0.0686659,1.19209e-07
0.656175,0.101276,0
0.609699,0.0745664,1.19209e-07
0.611443,0.0916926,0
0.661193,0.0604126,1.19209e-07
0.62078,0.0800521,0
0.647494,0.109272,0
0.631579,0.0970628,0
0.635699,0.0696515,0
0.619614,0.0647368,0
0.652291,0.086263,1.19209e-07
0.616978,0.0705771,0
0.653411,0.097415,1.19209e-07
0.637466,0.064135,0
0.632542,0.0877175,0
0.612434,0.109676,0
0.658073,0.0808099,0
0.62353,0.0619396,0
0.645955,0.0923084,0
0.647822,0.0563031,0
0.61374,0.0947982,0
0.629365,0.0779713,0
0.640794,0.105991,0
0.625159,0.0999818,0
0.641646,0.0749855,0
0.65681,0.0829906,0
0.606727,0.0674294,1.19209e-07
0.622049,0.0912153,0
0.64671,0.058712,0
0.610733,0.0816127,1.19209e-07
0.660306,0.107028,0
0.634643,0.0881022,1.19209e-07
0.631099,0.0624285,0
0.61925,0.0992548,0
0.651389,0.0710793,0
0.655152,0.067132,0
0.608427,0.084639,0
0.626984,0.0739427,0
0.64378,0.102047,0
0.628175,0.103662,1.19209e-07
0.638543,0.0770629,0
0.650772,0.0932419,1.19209e-07
0.615941,0.0583042,0
0.707978,0.0552975,1.19209e-07
0.672445,0.0957811,1.19209e-07
0.687947,0.0790272,0
0.691417,0.106546,0
0.713475,0.0839198,0
0.666802,0.0664888,1.19209e-07
0.700048,0.0757309,0
0.677868,0.101423,0
0.683918,0.0863298,0
0.695038,0.0647373,0
0.669031,0.0695492,0
0.703206,0.097533,0
0.662129,0.108949,0
0.711336,0.0805541,0
0.679837,0.05912,0
0.695842,0.0915032,0
0.66513,0.0860124,1.19209e-07
0.714786,0.0675714,0
0.701066,0.10204,1.19209e-07
0.676205,0.0724144,0
0.685656,0.104367,1.19209e-07
0.689058,0.0760592,0
0.706555,0.0935918,0
0.673654,0.0575736,1.19209e-07
0.709588,0.10743,0
0.664026,0.0822721,0
0.699044,0.0613702,0
0.681314,0.0903547,0
0.705154,0.0717326,1.19209e-07
0.670353,0.0984295,0
0.683393,0.0631654,0
0.69374,0.088588,0
0.697527,0.109414,0
0.680682,0.0793311,0
0.710515,0.0597067,0
0.664304,0.0923762,0
0.704973,0.0870344,0
0.671622,0.063975,1.19209e-07
0.692394,0.0702717,0
0.682614,0.0965321,0
0.707279,0.0783015,0
0.675069,0.105092,0
0.68681,0.0563306,1.19209e-07
0.69001,0.0953919,0
0.675764,0.0828786,1.19209e-07
0.701926,0.066251,0
0.715626,0.100176,0
0.666088,0.074754,0
0.6886,0.0941661,1.19209e-07
0.691063,0.0580575,0
0.673381,0.0771739,0
0.708719,0.103452,0
0.67697,0.0682458,0
0.699561,0.0850625,0
0.713977,0.0737339,1.19209e-07
0.667805,0.102781,1.19209e-07
0.669759,0.0889883,0
0.703706,0.0626152,0
0.684718,0.07095,0
0.694541,0.0992627,0
0.696833,0.0815819,0
0.678696,0.108014,0
0.71266,0.0905167,0
0.662775,0.0610516,0
0.719309,0.0725865,0
0.76896,0.106566,0
0.753979,0.0673655,1.19209e-07
0.735802,0.0958132,0
0.749179,0.0839121,0
0.740239,0.0573535,1.19209e-07
0.728353,0.1014,1.19209e-07
0.76062,0.0776362,0
0.752569,0.0980616,0
0.729895,0.0823881,1.19209e-07
0.721061,0.0862895,0
0.76478,0.0596943,0
0.736959,0.109212,0
0.74375,0.0716023,0
0.725221,0.0629072,0
0.763881,0.0925788,0
0.739181,0.069029,0
0.746719,0.106762,0
0.72397,0.0900311,0
0.761647,0.0644709,0
0.766892,0.0882726,0
0.722693,0.0607665,0
0.750851,0.0802294,0
0.731754,0.0985376,0
0.75611,0.0932261,0
0.734085,0.0669862,0
0.717864,0.104462,0
0.769894,0.0743102,0
0.726918,0.0773749,0
0.757621,0.102753,0
0.747012,0.0557158,1.19209e-07
0.742431,0.0856842,0
0.734564,0.105027,1.19209e-07
0.756966,0.0737475,0
0.716506,0.0680937,0
0.770419,0.09481,0
0.748167,0.0999945,0
0.742766,0.0789057,0
0.727522,0.0829524,0
0.758801,0.0584699,0
0.751899,0.0870129,0
0.733005,0.0591793,0
0.766227,0.0809768,0
0.721799,0.0966956,1.19209e-07
0.723428,0.0708219,0
0.761329,0.109798,0
0.739621,0.0914462,0
0.745653,0.0625786,0
0.729452,0.0561552,0
0.758942,0.0844304,1.19209e-07
0.741331,0.101707,0
0.750308,0.0760896,0
0.767727,0.0658876,0
0.718449,0.0939494,0
0.736655,0.0751255,0
0.755466,0.103614,0
0.726281,0.107986,0
0.762452,0.0703801,1.19209e-07
0.737756,0.0650626,1.19209e-07
0.745034,0.0907037,0
0.731011,0.0887703,0
0.753194,0.0618644,0
0.720055,0.0795949,0
0.76572,0.0997497,0
0.785795,0.101717,0
0.807985,0.0741941,1.19209e-07
0.819405,0.0945117,1.19209e-07
0.774875,0.0573384,0
0.792205,0.0759423,0
0.798138,0.105111,1.19209e-07
0.77973,0.0833808,0
0.817741,0.0660506,1.19209e-07
0.823358,0.0795404,1.19209e-07
0.772899,0.107538,0
0.809683,0.0881628,0
0.791108,0.0632239,0
0.804417,0.0616712,0
0.795762,0.0904944,0
0.814958,0.0966572,0
0.783882,0.0716554,0
0.794208,0.104727,0
0.801145,0.0785167,1.19209e-07
0.779361,0.0672992,0
0.815571,0.0858839,0
0.776787,0.0958427,0
0.821642,0.0560256,0
0.787366,0.0730267,0
0.80581,0.101237,1.19209e-07
0.802927,0.0919586,1.19209e-07
0.797497,0.0594457,0
0.782264,0.098489,0
0.812048,0.0699427,0
0.811564,0.0644994,0
0.78937,0.0864567,0
0.823959,0.108866,1.19209e-07
0.771512,0.0821943,0
0.799696,0.0682074,0
0.791952,0.0847912,1.19209e-07
0.81805,0.103544,1.19209e-07
0.780467,0.0779583,0
0.807159,0.0952763,0
0.784639,0.0554887,0
0.775902,0.0998693,1.19209e-07
0.819639,0.0737709,1.19209e-07
0.795508,0.0694409,1.19209e-07
0.803581,0.099044,0
0.814268,0.0592591,0
0.783271,0.092381,0
0.822487,0.0871955,0
0.774204,0.0643916,0
0.790092,0.109907,0
0.808849,0.0816266,0
0.805472,0.057775,0
0.786257,0.0934806,0
0.777414,0.0756965,1.19209e-07
0.821077,0.102521,0
0.793097,0.0667924,0
0.799909,0.0835122,1.19209e-07
0.778413,0.106071,0
0.816802,0.077141,0
0.825221,0.0625516,0
0.772483,0.0891037,0
0.788672,0.0808389,1.19209e-07
0.810125,0.106883,0
0.796446,0.097943,0
0.802017,0.0711786,0
0.813347,0.0900658,0
0.781262,0.0610603,0
0.853527,0.0577931,0
0.848406,0.0939904,1.19209e-07
0.868257,0.103037,0
0.837466,0.0744479,0
0.861768,0.0840957,0
0.842043,0.0657341,0
0.826156,0.106362,0
0.876876,0.0765847,0
0.850133,0.0807063,1.19209e-07
0.858749,0.107273,1.19209e-07
0.832984,0.0884655,0
0.872234,0.0630252,1.19209e-07
0.830479,0.0614412,1.19209e-07
0.874067,0.0902136,0
0.845501,0.0963855,0
0.864425,0.071701,0
0.83587,0.0999942,0
0.867295,0.0723396,1.19209e-07
0.855631,0.0959855,0
0.847526,0.0554527,0
0.828295,0.07775,0
0.878851,0.103491,0
0.840653,0.0847691,1.19209e-07
0.860429,0.0677305,0
0.834354,0.0652105,1.19209e-07
0.870405,0.0865323,0
0.851825,0.109477,0
0.857027,0.0815361,0
0.843791,0.0697437,0
0.865408,0.0980838,0
0.832138,0.0921298,0
0.875611,0.0599438,0
0.879387,0.066489,0
0.82748,0.0830361,1.19209e-07
0.859901,0.105046,0
0.839596,0.0763934,0
0.854391,0.0752971,0
0.846376,0.101529,0
0.866474,0.0935334,0
0.836582,0.0575902,0
0.870811,0.0797469,1.19209e-07
0.834991,0.108286,0
0.85649,0.0885715,0
0.851386,0.0626386,0
0.86464,0.0607961,0
0.843006,0.0905638,0
0.87601,0.0974449,0
0.831082,0.0712253,0
0.828875,0.0993245,1.19209e-07
0.873498,0.0692407,1.19209e-07
0.844405,0.0592992,0
0.863553,0.0918529,1.19209e-07
0.871373,0.108345,0
0.83345,0.0821361,0
0.849397,0.0874653,0
0.857857,0.0640817,0
0.862233,0.0788831,0
0.840845,0.104238,1.19209e-07
0.827126,0.068537,1.19209e-07
0.878063,0.0854483,1.19209e-07
0.869382,0.0562194,0
0.838597,0.0952232,0
0.848065,0.0736513,0
0.852674,0.100909,0
0.913028,0.0851079,0
0.905567,0.065718,0
0.922018,0.0759463,1.19209e-07
0.890931,0.103586,0
0.899309,0.0949501,1.19209e-07
0.917824,0.0568789,0
0.934019,0.100327,1.19209e-07
0.883189,0.0740266,0
0.924493,0.0893555,0
0.887082,0.0611668,1.19209e-07
0.902216,0.0995534,0
0.907189,0.0707705,0
0.894282,0.0801982,0
0.91619,0.108521,0
0.929789,0.0631123,1.19209e-07
0.884127,0.0887049,1.19209e-07
0.895603,0.107155,0
0.914448,0.0816183,0
0.886617,0.0646987,1.19209e-07
0.928384,0.0867232,0
0.926883,0.0595847,1.19209e-07
0.888412,0.091866,1.19209e-07
0.909286,0.096607,1.19209e-07
0.900288,0.0700034,0
0.892329,0.0775983,1.19209e-07
0.923423,0.106242,0
0.904033,0.0837221,0
0.911067,0.067923,0
0.919012,0.0937328,0
0.89705,0.0556853,0
0.931339,0.0731722,0
0.881489,0.10306,0
0.888291,0.0971953,0
0.925564,0.0687129,0
0.908139,0.0919206,1.19209e-07
0.903531,0.0590277,0
0.883724,0.0816,0
0.930563,0.108006,0
0.894863,0.0870096,0
0.91715,0.0641519,1.19209e-07
0.92087,0.0831607,1.19209e-07
0.890327,0.0675983,1.19209e-07
0.906797,0.104966,1.19209e-07
0.912932,0.0784484,0
0.899794,0.0729321,0
0.918834,0.101687,0
0.932715,0.0563032,1.19209e-07
0.882251,0.0932179,0
0.911646,0.104741,1.19209e-07
0.904627,0.077127,0
0.893366,0.0844158,0
0.922861,0.0662844,0
0.920543,0.0753909,0
0.898031,0.100999,0
0.932222,0.0956587,0
0.880536,0.0579136,0
0.885645,0.109906,0
0.927948,0.0797216,1.19209e-07
0.91503,0.0881841,0
0.89663,0.061977,0
0.926238,0.0985229,0
0.88954,0.0714123,1.19209e-07
0.910404,0.0601974,0
0.901423,0.0902628,0
0.940706,0.09645,0
0.948925,0.0613414,0
0.963922,0.0642094,0
0.94452,0.0696629,0
0.942824,0.083516,0
0.956452,0.0774694,0
0.935068,0.0669363,0
0.954482,0.0721618,0
0.93607,0.0928132,1.19209e-07
0.941087,0.0571977,1.19209e-07
0.937761,0.0805754,0
0.951052,0.0877101,0
0.946632,0.106711,1.19209e-07
0.958105,0.0629372,1.19209e-07
0.936909,0.0740883,1.19209e-07
0.942459,0.0995935,0
0.954938,0.0556902,0
0.949727,0.082001,0
0.939082,0.0875649,1.19209e-07
0.961369,0.0688753,0
0.947157,0.0648857,1.19209e-07
0.957317,0.0845248,0
0.964994,0.0575887,0
0.943667,0.0772476,0
0.952296,0.0680634,1.19209e-07
0.935702,0.103658,0
0.945421,0.0902785,1.19209e-07
0.960172,0.0705367,0
0.948435,0.0992528,0
0.939644,0.0591545,1.19209e-07
0.976037,0.0479263,1.97703
0.970947,0.0581058,1.99519
0.971149,0.0577022,1.94815
0.972336,0.0553289,1.96546
0.974719,0.0505629,1.96383
0.978902,0.0421965,1.96223
0.973283,0.0534337,1.96313
0.976472,0.0470553,1.98564
0.980987,0.0380259,1.989
0.98327,0.033461,1.97872
0.97396,0.0520806,1.99478
0.969659,0.0606819,1.97009
0.976931,0.0461378,1.9917
0.972719,0.0545611,1.98957
0.976088,0.0478236,1.95444
0.97699,0.0460198,1.96752
0.972923,0.0541538,1.9471
0.982285,0.0354295,1.98488
0.971705,0.0565902,1.97668
0.976918,0.0461642,1.96418
0.970676,0.0586487,1.95862
0.98441,0.0311792,1.97567
0.970187,0.0596252,1.95346
0.980783,0.038435,1.96445
0.978808,0.0423836,1.98922
0.971551,0.0568972,1.96811
0.981363,0.0372732,1.97084
0.970741,0.0585172,1.9826
0.977928,0.0441442,1.97164
0.974041,0.0519175,1.95287
0.086458,0.13261,0
0.103427,0.150724,0
0.0666745,0.122476,1.19209e-07
0.0745482,0.131001,1.19209e-07
0.0918367,0.159079,1.19209e-07
0.107945,0.11378,1.19209e-07
0.0981797,0.126188,0
0.0844308,0.142704,0
0.0819447,0.117433,0
0.0965635,0.117998,0
0.106579,0.155243,0
0.0613982,0.111138,0
0.109907,0.139181,0
0.0905825,0.129551,1.19209e-07
0.07829,0.134504,0
0.0897975,0.157168,0
0.101698,0.124046,0
0.105073,0.136733,0
0.0700436,0.119806,0
0.0939815,0.147147,0
0.099521,0.162619,0
0.063763,0.125241,0
0.0802873,0.143457,0
0.0854206,0.114838,1.19209e-07
0.0711564,0.138119,0
0.0955298,0.152508,1.19209e-07
0.105718,0.120083,0
0.0835346,0.125827,1.19209e-07
0.0823306,0.163835,0
0.0971995,0.144558,1.19209e-07
0.0645497,0.114914,0
0.0931267,0.112167,0
0.0754258,0.138592,0
0.107974,0.162257,0
0.102525,0.133812,0
0.0880393,0.149575,0
0.0773808,0.122729,0
0.0944082,0.135086,1.19209e-07
0.104253,0.145947,0
0.0810363,0.127273,0
0.0858659,0.164733,0
0.0989861,0.115874,0
0.109427,0.129971,1.19209e-07
0.0732801,0.112989,0
0.0910405,0.141576,0
0.0794678,0.151209,0
0.088563,0.121153,0
0.100374,0.158532,0
0.0675979,0.131703,0
0.114485,0.125657,0
0.164928,0.152671,1.19209e-07
0.147112,0.114019,0
0.130201,0.147009,0
0.122714,0.163191,0
0.155578,0.13648,0
0.134631,0.120597,1.19209e-07
0.141674,0.143749,0
0.12779,0.133096,1.19209e-07
0.151434,0.161677,0
0.111423,0.139867,1.19209e-07
0.160583,0.122655,1.19209e-07
0.154052,0.151744,0
0.117621,0.11098,0
0.139118,0.128026,0
0.135645,0.15856,0
0.137359,0.129835,1.19209e-07
0.140326,0.156597,0
0.119889,0.148582,0
0.152748,0.11238,0
0.112912,0.12116,0
0.160958,0.140876,0
0.124662,0.159587,1.19209e-07
0.150042,0.132419,0
0.116522,0.155189,0
0.162803,0.127275,0
0.128633,0.117115,1.19209e-07
0.14646,0.145289,0
0.132262,0.143071,0
0.144928,0.118711,1.19209e-07
0.121355,0.135659,0
0.157537,0.165463,0
0.129267,0.152905,0
0.145502,0.124719,0
0.117144,0.115692,1.19209e-07
0.163319,0.148134,0
0.122195,0.144371,1.19209e-07
0.158632,0.119661,0
0.131346,0.13805,0
0.143661,0.163497,1.19209e-07
0.162101,0.133978,0
0.113882,0.160662,0
0.125269,0.124144,0
0.148806,0.138198,1.19209e-07
0.1206,0.12922,0
0.152959,0.157911,0
0.136662,0.150371,0
0.141029,0.112044,0
0.123881,0.117621,0
0.156536,0.141993,1.19209e-07
0.133342,0.164682,0
0.142783,0.135274,1.19209e-07
0.115014,0.146314,0
0.1655,0.116065,0
0.147778,0.154271,0
0.13051,0.126917,0
0.134822,0.113243,1.19209e-07
0.138893,0.150248,0
0.118971,0.156173,1.19209e-07
0.154714,0.13115,1.19209e-07
0.111846,0.131354,0
0.159028,0.16031,0
0.126621,0.140326,1.19209e-07
0.150878,0.12188,0
0.19611,0.162366,0
0.193442,0.136168,0
0.213063,0.118032,1.19209e-07
0.176376,0.144819,0
0.181039,0.15318,0
0.205132,0.126418,0
0.21975,0.145176,0
0.172,0.116273,0
0.207616,0.158299,0
0.174492,0.130812,0
0.198076,0.113642,0
0.188639,0.149397,0
0.183141,0.122511,0
0.200491,0.139789,0
0.166324,0.161652,0
0.215954,0.132526,0
0.185969,0.140567,1.19209e-07
0.202621,0.123619,0
0.21472,0.159612,0
0.167744,0.133293,1.19209e-07
0.187691,0.11063,0
0.199572,0.150643,0
0.173279,0.155892,1.19209e-07
0.209361,0.129453,0
0.178113,0.119196,0
0.211315,0.143129,0
0.194353,0.137088,1.19209e-07
0.190382,0.165435,0
0.169846,0.148528,0
0.218429,0.114014,0
0.182476,0.124636,0
0.205651,0.155005,0
0.206766,0.117243,1.19209e-07
0.181831,0.14639,0
0.219072,0.152756,0
0.170521,0.127772,0
0.179431,0.163512,0
0.212411,0.135434,0
0.191163,0.118785,1.19209e-07
0.193563,0.143961,0
0.198791,0.130301,0
0.187361,0.157341,0
0.173941,0.112496,0
0.210095,0.149978,0
0.168785,0.138361,0
0.215793,0.121369,0
0.203593,0.160957,0
0.185309,0.131803,0
0.177469,0.137987,1.19209e-07
0.213461,0.164772,0
0.195336,0.120777,1.19209e-07
0.19173,0.141953,0
0.171686,0.153776,0
0.221015,0.125824,1.19209e-07
0.179966,0.115709,1.19209e-07
0.204487,0.14707,0
0.217192,0.141256,1.19209e-07
0.167497,0.122984,0
0.184172,0.160004,0
0.201849,0.134313,0
0.20835,0.111958,0
0.175374,0.151819,0
0.197645,0.156318,0
0.18925,0.128609,0
0.235323,0.139223,0
0.260096,0.113743,0
0.27601,0.155767,0
0.227361,0.13283,0
0.248167,0.124345,0
0.250498,0.150775,0
0.232991,0.161674,0
0.269084,0.128976,1.19209e-07
0.230971,0.11474,0
0.263646,0.143281,0
0.252292,0.137236,0
0.243966,0.153074,0
0.272652,0.117583,0
0.222219,0.148091,0
0.25708,0.16534,0
0.238928,0.125207,0
0.229175,0.144085,0
0.265407,0.116867,1.19209e-07
0.24294,0.135321,1.19209e-07
0.254458,0.155307,0
0.27093,0.146122,0
0.22412,0.119345,0
0.241314,0.163907,0
0.258807,0.127142,0
0.249079,0.121177,0
0.24526,0.148706,0
0.26707,0.159385,1.19209e-07
0.234314,0.130959,0
0.225273,0.157866,0
0.27442,0.133414,0
0.236778,0.11094,0
0.261362,0.140266,0
0.225478,0.112466,0
0.273217,0.138861,0
0.262197,0.131687,0
0.238077,0.156664,0
0.249672,0.161398,1.19209e-07
0.246919,0.128522,1.19209e-07
0.233454,0.151568,1.19209e-07
0.266642,0.122677,0
0.242091,0.142324,0
0.254925,0.115653,0
0.264617,0.152666,0
0.228246,0.137398,1.19209e-07
0.223238,0.164705,0
0.269497,0.125509,0
0.257537,0.147468,0
0.240206,0.118635,0
0.23595,0.134208,0
0.259228,0.158554,0
0.226985,0.141442,1.19209e-07
0.275392,0.111649,0
0.251495,0.130265,1.19209e-07
0.247017,0.16009,1.19209e-07
0.231758,0.122175,0
0.268476,0.149966,0
0.230404,0.154166,0
0.262636,0.136289,0
0.244386,0.115777,1.19209e-07
0.25305,0.144632,0
0.221321,0.126914,0
0.271944,0.163087,1.19209e-07
0.256416,0.120507,0
0.239345,0.145563,0
0.327152,0.149475,0
0.27731,0.123825,0
0.29379,0.158735,0
0.313004,0.134528,0
0.286421,0.139256,1.19209e-07
0.3186,0.111741,0
0.298396,0.129117,1.19209e-07
0.308115,0.161384,0
0.304692,0.120633,0
0.301333,0.146776,0
0.323754,0.15336,1.19209e-07
0.289932,0.137023,0
0.316985,0.144447,1.19209e-07
0.292065,0.114354,1.19209e-07
0.282814,0.164071,0
0.329432,0.124822,1.19209e-07
0.312041,0.156131,1.19209e-07
0.295896,0.132223,0
0.3258,0.121091,0
0.279181,0.150896,0
0.310032,0.129601,0
0.300308,0.159232,1.19209e-07
0.284827,0.113864,0
0.320738,0.140284,0
0.302739,0.117996,1.19209e-07
0.305801,0.146372,1.19209e-07
0.3217,0.134738,0
0.287958,0.155134,0
0.314586,0.115903,0
0.290331,0.142846,0
0.330685,0.163907,0
0.280899,0.126057,0
0.300676,0.136241,0
0.304849,0.153901,0
0.288832,0.145699,1.19209e-07
0.323529,0.118993,0
0.282182,0.117178,0
0.328334,0.141568,1.19209e-07
0.293015,0.162576,0
0.316014,0.127731,0
0.308389,0.113094,0
0.297846,0.14074,0
0.31794,0.160375,0
0.285581,0.130926,1.19209e-07
0.294789,0.122181,0
0.313505,0.151317,0
0.326962,0.131589,0
0.276325,0.156749,1.19209e-07
0.291336,0.125882,0
0.3156,0.165411,0
0.280443,0.144085,0
0.330028,0.115623,1.19209e-07
0.322205,0.14787,0
0.286736,0.119858,0
0.307313,0.137721,0
0.303773,0.152488,0
0.296299,0.148834,0
0.310822,0.123031,1.19209e-07
0.278047,0.133467,0
0.324906,0.157298,0
0.298958,0.111165,0
0.309426,0.13824,0
0.320218,0.127931,0
0.283574,0.162091,0
0.369476,0.149183,0
0.346504,0.121981,0
0.335516,0.160403,0
0.38532,0.130044,1.19209e-07
0.34263,0.13218,1.19209e-07
0.376403,0.158587,0
0.362294,0.110605,0
0.357443,0.140813,1.19209e-07
0.367438,0.136068,0
0.351605,0.154063,0
0.333254,0.115948,1.19209e-07
0.379826,0.143384,0
0.365739,0.162929,0
0.354348,0.124777,0
0.374692,0.119486,0
0.338859,0.145341,0
0.3625,0.127613,1.19209e-07
0.352972,0.164373,0
0.340768,0.118891,0
0.373398,0.147735,0
0.35008,0.137511,0
0.367916,0.152945,0
0.331877,0.142063,0
0.381717,0.11556,0
0.337038,0.128516,0
0.383315,0.161674,1.19209e-07
0.372232,0.123271,1.19209e-07
0.348168,0.151842,0
0.344066,0.156613,0
0.37934,0.133743,0
0.356952,0.112319,0
0.359969,0.13933,0
0.355474,0.147457,0
0.364281,0.117551,0
0.340015,0.126559,0
0.375811,0.165164,0
0.381374,0.137086,0
0.334197,0.152749,1.19209e-07
0.365939,0.142901,0
0.350727,0.114016,0
0.360774,0.155979,1.19209e-07
0.358508,0.134064,0
0.377939,0.11343,0
0.343255,0.138853,0
0.37046,0.128614,0
0.345471,0.161246,0
0.336599,0.124272,1.19209e-07
0.386129,0.150841,1.19209e-07
0.347306,0.131024,1.19209e-07
0.371718,0.159236,0
0.38445,0.120887,0
0.338314,0.149769,1.19209e-07
0.359798,0.131977,1.19209e-07
0.356233,0.15793,0
0.378315,0.140342,0
0.344575,0.111804,0
0.341244,0.163766,0
0.374446,0.125522,0
0.363598,0.146538,0
0.353349,0.120238,0
0.332448,0.135319,1.19209e-07
0.38254,0.154808,0
0.348784,0.144695,0
0.368666,0.116884,0
0.431363,0.133901,0
0.395036,0.15884,0
0.408848,0.112571,0
0.419464,0.148555,0
0.436038,0.157981,0
0.389267,0.129928,0
0.423641,0.121945,0
0.407241,0.140197,0
0.41131,0.154777,0
0.414958,0.125568,0
0.432908,0.144401,0
0.400219,0.120608,0
0.439352,0.115967,1.19209e-07
0.390276,0.14666,0
0.402734,0.136321,0
0.426301,0.163187,0
0.41806,0.111929,0
0.409034,0.150331,0
0.429595,0.160807,0
0.396922,0.132827,0
0.38819,0.155525,0
0.437787,0.128602,0
0.403873,0.123951,0
0.422015,0.138055,0
0.43406,0.11757,1.19209e-07
0.398024,0.142896,0
0.416465,0.152163,0
0.413998,0.126582,0
0.393311,0.113955,0
0.440968,0.146921,0
0.425944,0.137006,0
0.400539,0.164806,0
0.387272,0.121056,0
0.436744,0.14086,0
0.421403,0.130971,1.19209e-07
0.405157,0.157352,0
0.395496,0.149683,0
0.428486,0.113878,0
0.410286,0.133476,0
0.419006,0.160119,0
0.401803,0.116679,0
0.425036,0.14534,0
0.440232,0.135035,0
0.392044,0.162696,1.19209e-07
0.397667,0.125054,0
0.433365,0.153993,1.19209e-07
0.417544,0.11923,0
0.412997,0.143295,1.19209e-07
0.403072,0.148323,0
0.427097,0.115349,0
0.391368,0.137559,1.19209e-07
0.439084,0.164061,0
0.43172,0.126919,0
0.399352,0.153251,0
0.415593,0.142345,0
0.411965,0.118413,1.19209e-07
0.407972,0.161851,0
0.420775,0.131778,0
0.430337,0.151681,0
0.394196,0.110606,0
0.388434,0.139653,0
0.435364,0.122762,1.19209e-07
0.423457,0.15639,0
0.406113,0.127971,0
0.449583,0.137088,0
0.485948,0.153298,0
0.4635,0.146756,0
0.474776,0.120534,0
0.444716,0.164739,0
0.490894,0.124741,0
0.478684,0.144492,1.19209e-07
0.46153,0.114392,0
0.466525,0.128841,0
0.469208,0.161171,0
0.454644,0.139141,0
0.487876,0.111802,0
0.494483,0.149193,0
0.445312,0.124133,1.19209e-07
0.481703,0.134521,0
0.457793,0.158166,1.19209e-07
0.459216,0.142698,0
0.477602,0.116328,0
0.492871,0.16319,0
0.442589,0.126451,0
0.451746,0.154555,0
0.484179,0.135098,0
0.472742,0.146314,1.19209e-07
0.46431,0.117934,0
0.455769,0.132038,0
0.480449,0.156007,0
0.496555,0.121491,0
0.448342,0.150254,0
0.471082,0.130034,0
0.468623,0.159289,0
0.489459,0.140034,0
0.452931,0.113494,0
0.446818,0.156766,1.19209e-07
0.49409,0.131318,0
0.458286,0.121778,0
0.482856,0.151492,0
0.470202,0.112574,0
0.466728,0.141375,1.19209e-07
0.486586,0.159633,1.19209e-07
0.454008,0.130677,0
0.46081,0.162612,1.19209e-07
0.47841,0.127113,0
0.490362,0.141501,0
0.444196,0.11659,1.19209e-07
0.462416,0.13584,0
0.475908,0.154252,0
0.448741,0.145682,0
0.484719,0.118825,0
0.452651,0.161793,0
0.488879,0.128398,1.19209e-07
0.467858,0.110412,0
0.471868,0.138147,1.19209e-07
0.495536,0.157566,1.19209e-07
0.447104,0.13349,0
0.456869,0.148623,0
0.479778,0.122515,0
0.47368,0.137857,0
0.465632,0.152453,0
0.483324,0.147837,1.19209e-07
0.450709,0.11978,0
0.492407,0.114789,1.19209e-07
0.44205,0.143417,0
0.476911,0.165049,0
0.460204,0.125892,0
0.514234,0.128717,0
0.534015,0.158328,0
0.550402,0.110782,0
0.500305,0.149491,0
0.509223,0.123584,1.19209e-07
0.541573,0.13887,0
0.529393,0.13287,0
0.519065,0.161956,0
0.524015,0.114754,0
0.527233,0.147176,0
0.538327,0.125157,0
0.50461,0.15178,0
0.545375,0.162887,1.19209e-07
0.498484,0.13753,0
0.512071,0.141984,1.19209e-07
0.535419,0.119973,0
0.518541,0.131236,0
0.528243,0.159424,0
0.50707,0.140967,1.19209e-07
0.543601,0.121493,0
0.532058,0.129732,0
0.516696,0.155713,0
0.502517,0.112492,0
0.548577,0.15071,1.19209e-07
0.496724,0.163968,1.19209e-07
0.547021,0.135357,0
0.512493,0.118313,1.19209e-07
0.53723,0.144327,1.19209e-07
0.505962,0.126069,0
0.540331,0.154821,0
0.524305,0.116761,1.19209e-07
0.521927,0.145086,1.19209e-07
0.534583,0.165225,0
0.510579,0.134973,0
0.545888,0.117595,1.19209e-07
0.499552,0.143917,0
0.5396,0.145992,1.19209e-07
0.504452,0.115831,0
0.5267,0.126966,0
0.522712,0.154204,0
0.55081,0.156878,0
0.50119,0.130742,0
0.533516,0.112989,1.19209e-07
0.514819,0.151069,0
0.542766,0.132416,0
0.510364,0.160015,0
0.520158,0.121947,1.19209e-07
0.530802,0.139827,1.19209e-07
0.521342,0.124459,0
0.525294,0.152878,0
0.506414,0.147749,0
0.541113,0.114466,0
0.548139,0.14245,1.19209e-07
0.498269,0.119687,0
0.53631,0.136691,0
0.513365,0.163534,1.19209e-07
0.508269,0.133853,0
0.544766,0.16072,1.19209e-07
0.517776,0.138524,0
0.529355,0.12328,0
0.503109,0.156968,1.19209e-07
0.549498,0.12804,1.19209e-07
0.531242,0.148417,1.19209e-07
0.516381,0.112042,1.19209e-07
0.599878,0.143677,0
0.555314,0.118489,0
0.591669,0.127114,0
0.572244,0.154046,1.19209e-07
0.560855,0.145517,0
0.598378,0.116519,0
0.584098,0.162566,0
0.578514,0.137079,0
0.553205,0.160246,0
0.604658,0.131394,0
0.586873,0.148658,0
0.568491,0.11268,0
0.573897,0.140487,1.19209e-07
0.582466,0.123179,0
0.596078,0.157454,0
0.562572,0.12786,1.19209e-07
0.558231,0.14213,1.19209e-07
0.602017,0.120405,0
0.590507,0.153326,1.19209e-07
0.570132,0.124541,0
0.597578,0.146944,0
0.559265,0.114307,0
0.585817,0.136059,1.19209e-07
0.576911,0.164598,0
0.554681,0.133687,1.19209e-07
0.605416,0.161864,0
0.589339,0.110922,0
0.566645,0.150849,0
0.575488,0.121552,0
0.580263,0.139439,0
0.593314,0.13024,1.19209e-07
0.564163,0.156566,0
0.588367,0.159371,1.19209e-07
0.565739,0.132366,0
0.605956,0.11305,0
0.553528,0.149415,0
0.565151,0.123894,0
0.593748,0.139623,1.19209e-07
0.574673,0.158,0
0.57993,0.129137,0
0.584593,0.145699,0
0.575952,0.115977,0
0.559846,0.162958,0
0.597091,0.136366,0
0.557472,0.126448,1.19209e-07
0.602382,0.154758,1.19209e-07
0.590132,0.117644,0
0.56896,0.144076,0
0.583309,0.114898,0
0.578125,0.148007,0
0.599327,0.164852,1.19209e-07
0.561949,0.134777,0
0.570802,0.119681,0
0.592378,0.142779,0
0.601231,0.125126,0
0.556073,0.15232,0
0.572954,0.12937,0
0.581691,0.155227,0
0.562983,0.138543,1.19209e-07
0.59532,0.121426,1.19209e-07
0.551872,0.11188,0
0.603917,0.150757,0
0.567422,0.160613,0
0.586067,0.132904,0
0.633387,0.114847,1.19209e-07
0.638699,0.148021,0
0.615287,0.164741,1.19209e-07
0.652957,0.134457,0
0.610739,0.125264,1.19209e-07
0.654779,0.152392,1.19209e-07
0.627058,0.142926,0
0.646749,0.11965,0
0.628135,0.155213,0
0.636657,0.12945,0
0.617616,0.121054,0
0.650364,0.138447,0
0.642492,0.160322,0
0.623338,0.13282,0
0.607968,0.150652,0
0.65914,0.111618,1.19209e-07
0.621839,0.158952,0
0.643832,0.132457,1.19209e-07
0.660138,0.149236,0
0.609845,0.11298,0
0.61878,0.139852,0
0.648533,0.123672,0
0.63521,0.157811,0
0.63004,0.12896,1.19209e-07
0.640674,0.11588,1.19209e-07
0.632217,0.146005,0
0.613649,0.136202,0
0.652219,0.162965,1.19209e-07
0.612946,0.155,1.19209e-07
0.656758,0.12651,0
0.645488,0.144251,1.19209e-07
0.625174,0.117947,1.19209e-07
0.622029,0.148939,0
0.641385,0.112524,1.19209e-07
0.658045,0.159902,0
0.606807,0.131303,1.19209e-07
0.627545,0.123123,0
0.635741,0.140585,0
0.618023,0.157613,0
0.649779,0.127568,0
0.616068,0.116393,0
0.654455,0.145189,0
0.632826,0.162626,0
0.637598,0.137185,1.19209e-07
0.655945,0.118026,0
0.611396,0.143611,0
0.625816,0.127278,0
0.647042,0.153812,1.19209e-07
0.639279,0.164273,1.19209e-07
0.63119,0.135766,0
0.651544,0.114427,0
0.614377,0.146895,0
0.657386,0.141963,1.19209e-07
0.611923,0.120605,0
0.644854,0.124156,1.19209e-07
0.624532,0.152956,0
0.619479,0.130241,1.19209e-07
0.648779,0.156587,0
0.629202,0.139386,0
0.634667,0.121822,0
0.660822,0.133782,1.19209e-07
0.60871,0.16158,0
0.620921,0.110948,0
0.64276,0.151039,1.19209e-07
0.710941,0.158291,0
0.667968,0.13221,1.19209e-07
0.680532,0.140047,0
0.699541,0.113014,1.19209e-07
0.706183,0.12899,1.19209e-07
0.669557,0.158554,1.19209e-07
0.694226,0.14959,0
0.68615,0.123152,0
0.715974,0.11753,0
0.663726,0.146022,1.19209e-07
0.675877,0.125825,0
0.697624,0.16321,1.19209e-07
0.6839,0.154752,0
0.690626,0.134356,0
0.703287,0.144585,1.19209e-07
0.673167,0.113923,0
0.712396,0.134194,0
0.665406,0.1554,0
0.679201,0.11056,0
0.701254,0.138271,1.19209e-07
0.708346,0.160799,0
0.670742,0.12959,1.19209e-07
0.692957,0.120697,0
0.687401,0.150518,0
0.714348,0.146837,0
0.662458,0.119778,1.19209e-07
0.695863,0.124813,0
0.677529,0.165119,1.19209e-07
0.683535,0.137589,0
0.689216,0.152865,0
0.674507,0.142647,0
0.705415,0.115933,0
0.715225,0.164303,1.19209e-07
0.664451,0.125646,0
0.69838,0.119076,1.19209e-07
0.676087,0.14804,1.19209e-07
0.691599,0.141318,1.19209e-07
0.685093,0.116347,1.19209e-07
0.703892,0.136331,0
0.671909,0.152258,0
0.686614,0.161507,0
0.694875,0.130498,1.19209e-07
0.668634,0.121757,0
0.706802,0.15085,0
0.710078,0.111072,0
0.666719,0.138836,0
0.700304,0.156552,0
0.681611,0.133206,1.19209e-07
0.673955,0.13583,0
0.704197,0.153464,0
0.682013,0.142972,1.19209e-07
0.689683,0.114718,1.19209e-07
0.678226,0.118673,0
0.69718,0.14545,0
0.662184,0.162133,0
0.713545,0.127362,1.19209e-07
0.68009,0.157027,0
0.702422,0.130962,1.19209e-07
0.666556,0.112604,0
0.711123,0.14085,0
0.671388,0.148172,1.19209e-07
0.708685,0.122734,0
0.687971,0.127892,1.19209e-07
0.693424,0.159592,0
0.735064,0.131857,0
0.754204,0.156567,0
0.718938,0.139085,1.19209e-07
0.769611,0.112756,1.19209e-07
0.727614,0.123198,0
0.760054,0.15135,0
0.740666,0.161089,1.19209e-07
0.748833,0.127783,0
0.723367,0.152191,0
0.761565,0.137273,0
0.743997,0.142716,1.19209e-07
0.738549,0.11386,0
0.750841,0.118595,0
0.73042,0.146987,0
0.722448,0.124511,0
0.765929,0.164073,1.19209e-07
0.765498,0.126493,0
0.721092,0.162573,0
0.732799,0.119817,1.19209e-07
0.75206,0.14504,0
0.726057,0.135344,0
0.763341,0.153604,0
0.736822,0.14332,1.19209e-07
0.745773,0.116767,0
0.7164,0.110523,0
0.767521,0.13985,0
0.755825,0.133236,1.19209e-07
0.733965,0.157648,1.19209e-07
0.741938,0.129538,0
0.746937,0.158934,0
0.758311,0.120718,0
0.728268,0.149636,0
0.766867,0.119116,0
0.722053,0.14559,1.19209e-07
0.751831,0.162734,1.19209e-07
0.730819,0.126195,0
0.723878,0.115781,1.19209e-07
0.760925,0.144248,0
0.744997,0.134833,0
0.739816,0.15413,0
0.749625,0.148654,0
0.740994,0.121887,0
0.759076,0.129923,1.19209e-07
0.727152,0.159552,0
0.735964,0.140609,0
0.755156,0.111774,0
0.770649,0.156736,0
0.718548,0.133877,0
0.742623,0.150084,1.19209e-07
0.747947,0.12223,0
0.729178,0.129071,0
0.757835,0.16068,0
0.756826,0.137797,0
0.734895,0.112033,0
0.717057,0.155396,0
0.768961,0.131489,1.19209e-07
0.73768,0.136755,0
0.746186,0.152745,0
0.762367,0.114446,0
0.725035,0.141585,1.19209e-07
0.719823,0.117417,0
0.764645,0.147438,1.19209e-07
0.75351,0.125101,0
0.731919,0.164826,0
0.795262,0.144342,0
0.803889,0.117667,0
0.813743,0.161959,0
0.783164,0.135743,0
0.789742,0.116028,0
0.808395,0.144825,0
0.77408,0.152422,1.19209e-07
0.822154,0.125621,0
0.775246,0.121807,1.19209e-07
0.819549,0.139062,0
0.784468,0.161178,0
0.806934,0.131641,0
0.780839,0.148539,0
0.81806,0.113453,0
0.799616,0.15743,0
0.791923,0.129937,1.19209e-07
0.820503,0.123319,0
0.776946,0.139991,0
0.786956,0.132527,0
0.805646,0.15875,1.19209e-07
0.793402,0.155604,0
0.80014,0.128732,0
0.816419,0.149768,0
0.778005,0.110517,0
0.82528,0.154032,0
0.771763,0.123924,1.19209e-07
0.810346,0.113746,1.19209e-07
0.788048,0.147668,0
0.813143,0.136584,0
0.781701,0.164943,1.19209e-07
0.797131,0.118954,0
0.801698,0.142627,1.19209e-07
0.802472,0.134738,0
0.797723,0.162631,0
0.811967,0.143398,1.19209e-07
0.782403,0.118623,1.19209e-07
0.811352,0.151925,0
0.788965,0.126937,0
0.770946,0.146154,0
0.82402,0.116614,0
0.801099,0.149618,0
0.794617,0.112214,0
0.778625,0.15691,0
0.815526,0.129551,1.19209e-07
0.775936,0.131549,1.19209e-07
0.821452,0.159973,1.19209e-07
0.805896,0.121247,0
0.78753,0.137839,0
0.783723,0.141265,1.19209e-07
0.81442,0.119961,0
0.795612,0.137378,0
0.804555,0.163875,0
0.809182,0.12548,0
0.790663,0.153502,0
0.823159,0.146349,0
0.772835,0.11505,0
0.779905,0.127796,0
0.817278,0.155883,0
0.798211,0.111676,0
0.792328,0.151003,0
0.819346,0.133967,0
0.774307,0.159338,0
0.807566,0.140843,0
0.785744,0.12221,0
0.876833,0.143607,0
0.82552,0.117018,0
0.861241,0.127126,0
0.841685,0.154292,0
0.837951,0.145642,1.19209e-07
0.868594,0.114502,0
0.853914,0.163079,0
0.849129,0.137314,0
0.850764,0.139597,0
0.859356,0.120758,0
0.83222,0.128543,0
0.872818,0.156809,1.19209e-07
0.845214,0.112637,1.19209e-07
0.863832,0.148153,0
0.874311,0.131395,1.19209e-07
0.829896,0.159364,0
0.828325,0.141431,0
0.878539,0.119353,0
0.860701,0.152251,1.19209e-07
0.840203,0.124019,0
0.836327,0.115559,0
0.867586,0.147671,1.19209e-07
0.846591,0.163755,0
0.855193,0.134096,0
0.834668,0.155399,1.19209e-07
0.869657,0.130284,1.19209e-07
0.857374,0.138199,1.19209e-07
0.852369,0.123147,0
0.831428,0.133616,0
0.874931,0.160065,0
0.843392,0.150406,0
0.865979,0.111131,0
0.856354,0.127388,0
0.851426,0.157431,0
0.870944,0.140366,0
0.835421,0.121449,0
0.842599,0.132097,0
0.865092,0.15832,1.19209e-07
0.87612,0.112061,0
0.830768,0.148902,0
0.838986,0.143399,0
0.859756,0.118102,0
0.879349,0.152934,0
0.827778,0.126188,0
0.854931,0.144477,0
0.846111,0.114163,0
0.866633,0.136586,0
0.837169,0.161983,0
0.841285,0.119835,0
0.862713,0.142097,0
0.87761,0.125135,0
0.826389,0.151505,0
0.847829,0.146865,0
0.853338,0.116198,0
0.838796,0.135414,1.19209e-07
0.868707,0.164464,0
0.844819,0.16109,0
0.863114,0.132662,0
0.829498,0.110629,1.19209e-07
0.873688,0.15073,0
0.871775,0.122823,0
0.833551,0.13841,1.19209e-07
0.858428,0.155944,1.19209e-07
0.849818,0.12966,0
0.897631,0.129773,1.19209e-07
0.919436,0.156774,0
0.929331,0.12107,0
0.885348,0.14052,0
0.889623,0.112878,1.19209e-07
0.924274,0.149011,0
0.910659,0.132637,1.19209e-07
0.905604,0.159256,0
0.882792,0.134116,0
0.915357,0.116718,1.19209e-07
0.89412,0.14499,0
0.891047,0.153016,0
0.921641,0.123862,0
0.900541,0.119252,0
0.909005,0.143014,0
0.927172,0.110523,0
0.88751,0.15053,0
0.912254,0.160702,0
0.90396,0.130907,0
0.917517,0.127616,0
0.899251,0.156035,0
0.928725,0.138334,1.19209e-07
0.883677,0.122577,0
0.892698,0.127136,1.19209e-07
0.922497,0.152362,0
0.907756,0.118169,0
0.902372,0.141059,0
0.879765,0.163932,0
0.895557,0.114323,0
0.91585,0.147247,1.19209e-07
0.896551,0.163106,0
0.917097,0.134965,1.19209e-07
0.88073,0.115615,0
0.923245,0.11956,0
0.892066,0.144294,1.19209e-07
0.903396,0.124576,0
0.908168,0.154185,0
0.913712,0.112227,1.19209e-07
0.904499,0.148321,0
0.886718,0.133855,0
0.88465,0.157884,1.19209e-07
0.927447,0.12911,0
0.900025,0.121578,0
0.918403,0.139776,1.19209e-07
0.920342,0.123043,0
0.897791,0.137942,0
0.886149,0.128648,0
0.911616,0.150243,0
0.906427,0.110866,0
0.8883,0.160302,0
0.92516,0.13153,0
0.894456,0.135996,0
0.913826,0.164729,0
0.932917,0.113849,0
0.881988,0.14666,0
0.921201,0.141841,0
0.890127,0.117583,1.19209e-07
0.901843,0.151665,0
0.909895,0.125784,0
0.939233,0.115146,0
0.934342,0.123361,0
0.941004,0.11192,0
0.965501,0.0689975,1.99974
0.955535,0.0889303,1.99234
0.954496,0.091009,1.99931
0.961018,0.0779645,1.98854
0.961368,0.0772648,1.98735
0.956415,0.087169,1.99974
0.955188,0.0896239,1.98785
0.963444,0.0731119,1.99416
0.960294,0.0794125,1.99879
0.956038,0.0879233,1.98102
0.967389,0.0652228,1.99909
0.960292,0.0794158,1.95137
0.959968,0.0800638,1.93509
0.967982,0.0640367,1.99409
0.956321,0.087358,1.95218
0.963827,0.0723467,1.94677
0.964228,0.0715441,1.96524
0.956213,0.0875741,1.93815
0.958314,0.0833724,1.96648
0.960852,0.0782957,1.94951
0.967405,0.0651901,1.96751
0.962365,0.0752705,1.93736
0.964685,0.0706306,1.98888
0.966811,0.0663786,1.95203
0.959149,0.0817016,1.96382
0.964738,0.0705237,1.93906
0.955936,0.0881274,1.95816
0.962894,0.0742117,1.98063
0.961156,0.077688,1.96412
0.959425,0.0811503,1.97762
0.967405,0.0651895,1.94115
0.95546,0.08908,1.92798
0.964716,0.070568,1.97463
0.957413,0.0851734,1.94863
0.967925,0.064149,1.98866
0.965633,0.0687347,1.94822
0.967933,0.064133,1.94942
0.960199,0.0796011,1.97049
0.962133,0.0757337,1.95621
0.956392,0.0872167,1.96946
0.968693,0.0626135,1.97618
0.961962,0.0760752,1.94464
0.963507,0.0729856,1.97589
0.958194,0.0836113,1.95405
0.0975818,0.176067,0
0.0930274,0.181077,0
0.105598,0.203612,0
0.107955,0.189015,1.19209e-07
0.0843599,0.16617,0
0.101727,0.185422,1.19209e-07
0.109679,0.216834,1.19209e-07
0.0943077,0.176352,0
0.104387,0.172451,0
0.0963765,0.186629,0
0.108123,0.193916,0
0.103419,0.167794,0
0.0867787,0.172969,0
0.106696,0.181477,0
0.0914673,0.169996,0
0.105165,0.209876,0
0.0993853,0.193369,0
0.11032,0.179237,0
0.156265,0.193903,0
0.122492,0.168881,0
0.137267,0.215734,0
0.140239,0.186395,0
0.165194,0.176632,1.19209e-07
0.114908,0.204724,0
0.148743,0.213151,1.19209e-07
0.124436,0.187877,0
0.134321,0.173411,1.19209e-07
0.144636,0.202408,1.19209e-07
0.118942,0.207632,0
0.155312,0.190561,0
0.159927,0.21933,1.19209e-07
0.113168,0.181691,0
0.146079,0.171495,0
0.130303,0.198973,1.19209e-07
0.158334,0.167549,0
0.123974,0.195508,1.19209e-07
0.138788,0.21631,0
0.135886,0.184558,1.19209e-07
0.164059,0.206372,0
0.117295,0.179532,0
0.126184,0.210854,0
0.151486,0.189812,0
0.132985,0.201415,1.19209e-07
0.142261,0.17601,0
0.120824,0.192031,1.19209e-07
0.153149,0.210407,1.19209e-07
0.111809,0.221058,0
0.161803,0.181174,0
0.127903,0.169929,0
0.14749,0.19781,1.19209e-07
0.148062,0.182798,0
0.128821,0.218205,0
0.161161,0.199782,0
0.110844,0.172016,0
0.152033,0.173886,1.19209e-07
0.11972,0.203282,0
0.142869,0.208715,0
0.131831,0.191629,0
0.123366,0.185541,0
0.157693,0.214362,1.19209e-07
0.134828,0.194335,0
0.13947,0.167658,0
0.127136,0.177794,0
0.150521,0.204102,1.19209e-07
0.116194,0.213956,0
0.162381,0.187255,0
0.114477,0.188667,0
0.164111,0.212249,0
0.125374,0.207085,0
0.150082,0.178634,0
0.137957,0.166113,0
0.141314,0.19614,1.19209e-07
0.121122,0.217472,1.19209e-07
0.156399,0.183512,1.19209e-07
0.145358,0.219591,0
0.130784,0.179778,0
0.112555,0.197613,1.19209e-07
0.159117,0.170713,0
0.14355,0.192811,0
0.133101,0.209799,1.19209e-07
0.154296,0.20081,0
0.117618,0.174562,0
0.167516,0.211643,0
0.217121,0.184916,1.19209e-07
0.20155,0.205093,0
0.183192,0.167876,1.19209e-07
0.188466,0.196762,0
0.19751,0.176573,1.19209e-07
0.208907,0.215761,1.19209e-07
0.176108,0.187199,1.19209e-07
0.193334,0.182644,0
0.195643,0.209755,0
0.177327,0.20043,0
0.213548,0.17141,0
0.172597,0.173824,0
0.22029,0.197492,0
0.179787,0.219901,1.19209e-07
0.205346,0.19013,0
0.190406,0.208244,0
0.193964,0.180494,0
0.212179,0.202546,1.19209e-07
0.17948,0.170896,0
0.18203,0.192624,0
0.205826,0.218718,1.19209e-07
0.169584,0.200116,0
0.21885,0.175926,1.19209e-07
0.198836,0.194949,1.19209e-07
0.187914,0.178625,0
0.210316,0.189842,0
0.174122,0.216231,0
0.215,0.213475,0
0.168786,0.183178,0
0.203098,0.166617,0
0.186304,0.205849,0
0.17069,0.191619,0
0.218418,0.220317,0
0.182338,0.198528,0
0.206426,0.172775,1.19209e-07
0.191112,0.172504,0
0.194727,0.201778,0
0.178398,0.210172,1.19209e-07
0.21083,0.181832,1.19209e-07
0.200279,0.188017,0
0.187183,0.214712,0
0.209781,0.195307,0
0.173271,0.177606,0
0.167586,0.204012,0
0.214714,0.168877,1.19209e-07
0.185304,0.18641,0
0.202567,0.211052,0
0.196668,0.169576,0
0.192394,0.203672,0
0.212489,0.207491,0
0.176642,0.18018,1.19209e-07
0.171115,0.217613,0
0.21954,0.192469,1.19209e-07
0.181172,0.175291,1.19209e-07
0.204313,0.198913,1.19209e-07
0.215909,0.207211,0
0.166286,0.167247,0
0.200481,0.18447,0
0.184726,0.21289,1.19209e-07
0.198164,0.216857,0
0.189819,0.188894,0
0.208016,0.179536,0
0.174571,0.194099,0
0.247053,0.166076,0
0.250244,0.196325,0
0.23319,0.213363,1.19209e-07
0.266049,0.187153,0
0.274995,0.215138,0
0.225339,0.1853,0
0.259592,0.176675,0
0.235118,0.205069,0
0.257131,0.209998,0
0.239389,0.19112,0
0.271869,0.172386,1.19209e-07
0.22435,0.19924,0
0.22835,0.176079,0
0.264366,0.201517,0
0.244402,0.217573,0
0.254892,0.181288,1.19209e-07
0.230334,0.202295,0
0.263267,0.172729,0
0.25312,0.220141,1.19209e-07
0.241994,0.182164,0
0.269935,0.197051,0
0.221414,0.1696,0
0.257671,0.193231,1.19209e-07
0.241352,0.207753,0
0.267891,0.212102,0
0.231757,0.189209,0
0.246917,0.194559,0
0.251443,0.16793,1.19209e-07
0.261408,0.205984,0
0.23791,0.178881,0
0.226616,0.217221,0
0.273541,0.183459,0
0.25222,0.174774,0
0.243012,0.200851,1.19209e-07
0.230752,0.180154,0
0.263925,0.218681,0
0.258346,0.200135,1.19209e-07
0.240275,0.171073,0
0.271075,0.190733,0
0.22248,0.209383,0
0.236785,0.214894,0
0.262037,0.185993,0
0.274291,0.204579,0
0.227283,0.177791,1.19209e-07
0.250396,0.213082,1.19209e-07
0.245424,0.187779,0
0.268861,0.166783,0
0.232891,0.195669,0
0.272276,0.208153,0
0.222957,0.192224,1.19209e-07
0.238818,0.198474,0
0.256078,0.170135,0
0.253869,0.203449,0
0.244273,0.173767,0
0.228991,0.22079,0
0.265631,0.182263,0
0.248943,0.188853,1.19209e-07
0.248126,0.211433,0
0.23401,0.169057,0
0.267179,0.194138,1.19209e-07
0.225855,0.207215,0
0.275454,0.178187,0
0.260019,0.216392,1.19209e-07
0.235791,0.184346,0
0.289472,0.182634,0
0.320814,0.217901,0
0.304211,0.172449,0
0.299493,0.197574,1.19209e-07
0.313678,0.200293,0
0.291985,0.173575,0
0.277781,0.208968,0
0.329505,0.19126,0
0.323033,0.177691,0
0.284034,0.206604,0
0.309304,0.211866,0
0.300511,0.187015,1.19209e-07
0.280085,0.167898,1.19209e-07
0.32478,0.196055,1.19209e-07
0.314886,0.186181,0
0.295481,0.215765,0
0.297732,0.170776,1.19209e-07
0.305894,0.19937,0
0.287678,0.220668,0
0.317782,0.180551,0
0.278317,0.192604,1.19209e-07
0.330645,0.207232,0
0.290596,0.203368,0
0.31157,0.174453,1.19209e-07
0.302286,0.212728,1.19209e-07
0.308068,0.188451,0
0.286033,0.178586,0
0.322027,0.204278,1.19209e-07
0.294276,0.18321,1.19209e-07
0.316245,0.217041,0
0.32722,0.166463,0
0.282174,0.194105,1.19209e-07
0.31014,0.178807,0
0.301628,0.205308,0
0.323891,0.213648,1.19209e-07
0.283603,0.189241,0
0.325449,0.184444,0
0.281365,0.215979,1.19209e-07
0.315613,0.194756,0
0.296831,0.166946,0
0.328071,0.202681,1.19209e-07
0.276725,0.175596,0
0.293262,0.208077,0
0.312928,0.191783,0
0.299886,0.179906,1.19209e-07
0.304828,0.219383,0
0.319641,0.169499,0
0.288668,0.199815,0
0.326955,0.214353,0
0.282783,0.184802,0
0.316913,0.168624,1.19209e-07
0.294802,0.195547,0
0.303025,0.176124,1.19209e-07
0.30832,0.206257,0
0.285232,0.210634,0
0.32165,0.188049,1.19209e-07
0.306954,0.181668,0
0.298388,0.219188,0
0.286975,0.171056,1.19209e-07
0.318589,0.198261,1.19209e-07
0.330422,0.173019,0
0.278969,0.201447,0
0.291734,0.190166,0
0.311759,0.210563,1.19209e-07
0.350217,0.220531,0
0.372297,0.18095,0
0.383025,0.202681,0
0.338237,0.175606,0
0.363981,0.20713,0
0.358656,0.191482,1.19209e-07
0.377724,0.172039,0
0.340542,0.198249,0
0.366585,0.194763,0
0.346557,0.166173,0
0.333477,0.212045,1.19209e-07
0.385139,0.188515,0
0.342552,0.183179,0
0.372939,0.217321,0
0.362379,0.176053,1.19209e-07
0.353211,0.206819,0
0.383725,0.213915,0
0.333126,0.187043,0
0.368806,0.168673,0
0.347947,0.195808,0
0.375968,0.186016,1.19209e-07
0.344165,0.215316,0
0.355072,0.178576,0
0.360634,0.205338,0
0.356837,0.20948,1.19209e-07
0.365308,0.191622,1.19209e-07
0.339188,0.169308,0
0.378488,0.199053,1.19209e-07
0.370969,0.217481,0
0.351612,0.182723,0
0.336037,0.200936,0
0.380134,0.172682,1.19209e-07
0.347165,0.189464,0
0.368172,0.210669,1.19209e-07
0.331966,0.193825,0
0.384238,0.16718,1.19209e-07
0.345191,0.177191,1.19209e-07
0.374926,0.205467,0
0.354015,0.215822,0
0.359137,0.18433,0
0.380822,0.21947,0
0.33498,0.179715,0
0.350432,0.203655,1.19209e-07
0.36982,0.174841,0
0.339868,0.208028,0
0.378998,0.190432,0
0.356032,0.171633,0
0.364648,0.197063,1.19209e-07
0.352855,0.184997,0
0.361279,0.214601,0
0.37451,0.178899,0
0.343476,0.203971,0
0.386246,0.19649,0
0.334057,0.167654,0
0.345233,0.212924,0
0.366856,0.187961,0
0.377023,0.210273,1.19209e-07
0.341045,0.193216,0
0.363176,0.170086,0
0.358035,0.1994,1.19209e-07
0.336838,0.219187,0
0.381962,0.18186,0
0.371069,0.201336,0
0.349106,0.173645,0
0.396437,0.201292,0
0.432566,0.173641,0
0.418134,0.218828,0
0.412617,0.181939,0
0.437554,0.199478,0
0.392268,0.170197,0
0.426302,0.193142,1.19209e-07
0.404251,0.21031,0
0.400876,0.178973,0
0.421573,0.203817,0
0.441059,0.184808,1.19209e-07
0.388538,0.214605,1.19209e-07
0.416033,0.167408,1.19209e-07
0.407733,0.196305,0
0.42826,0.212661,1.19209e-07
0.397904,0.187706,1.19209e-07
0.439768,0.215701,0
0.388073,0.184559,0
0.423994,0.177256,1.19209e-07
0.40212,0.205644,0
0.409512,0.167025,0
0.414267,0.193684,1.19209e-07
0.399683,0.210541,1.19209e-07
0.430968,0.189385,0
0.435015,0.171486,1.19209e-07
0.390153,0.19695,0
0.42521,0.208064,1.19209e-07
0.405898,0.190589,0
0.394616,0.174891,0
0.433191,0.20351,0
0.419414,0.179773,0
0.410708,0.219231,0
0.40355,0.186108,0
0.423151,0.215609,0
0.387289,0.205168,0
0.438436,0.178485,1.19209e-07
0.398735,0.168477,1.19209e-07
0.429934,0.195769,0
0.409963,0.213699,0
0.415179,0.186871,0
0.420152,0.200963,0
0.411724,0.172732,0
0.394155,0.217534,0
0.434108,0.182573,1.19209e-07
0.435668,0.209331,1.19209e-07
0.391571,0.191604,0
0.406899,0.199063,1.19209e-07
0.42611,0.169328,0
0.397262,0.194892,1.19209e-07
0.428787,0.16629,1.19209e-07
0.417281,0.212056,1.19209e-07
0.408778,0.188406,0
0.421967,0.183259,0
0.401889,0.217297,0
0.389478,0.176142,0
0.440683,0.206759,1.19209e-07
0.393267,0.207301,0
0.437144,0.19116,0
0.405227,0.17203,0
0.427212,0.198054,0
0.418512,0.175237,0
0.413412,0.202526,1.19209e-07
0.432056,0.220414,0
0.395398,0.180986,0
0.45045,0.166141,1.19209e-07
0.488907,0.194972,1.19209e-07
0.468144,0.213373,0
0.473073,0.188448,1.19209e-07
0.48122,0.214125,0
0.458985,0.184712,0
0.493222,0.176586,0
0.445074,0.204993,0
0.486308,0.182564,0
0.454872,0.217595,0
0.469654,0.20009,1.19209e-07
0.463793,0.175262,1.19209e-07
0.442719,0.191466,1.19209e-07
0.494189,0.208912,0
0.476062,0.17237,0
0.457129,0.199224,1.19209e-07
0.474751,0.211792,0
0.465805,0.187673,1.19209e-07
0.487226,0.168536,1.19209e-07
0.450164,0.194247,1.19209e-07
0.448389,0.178599,0
0.491047,0.206259,0
0.460712,0.217174,0
0.479486,0.18347,0
0.471711,0.173409,0
0.464073,0.201952,1.19209e-07
0.453519,0.179679,0
0.483239,0.219747,0
0.478537,0.198241,0
0.455887,0.169298,1.19209e-07
0.496097,0.193089,0
0.443531,0.207789,0
0.451432,0.211107,0
0.48902,0.186652,0
0.473759,0.193912,1.19209e-07
0.469034,0.167446,0
0.44602,0.184518,1.19209e-07
0.491886,0.215976,0
0.459728,0.205755,1.19209e-07
0.482246,0.178022,0
0.485365,0.203199,0
0.454541,0.173049,0
0.470177,0.1809,0
0.46248,0.220346,1.19209e-07
0.458083,0.192281,0
0.477371,0.208515,0
0.442228,0.197178,0
0.493582,0.169965,0
0.490108,0.185868,0
0.447059,0.215544,0
0.480641,0.204097,0
0.461961,0.177065,0
0.487743,0.212267,1.19209e-07
0.448931,0.189628,0
0.466616,0.196454,0
0.475755,0.166503,0
0.444523,0.171244,1.19209e-07
0.495038,0.199614,0
0.479249,0.189775,0
0.456295,0.210109,0
0.465361,0.181118,0
0.472266,0.218769,0
0.484171,0.174418,0
0.452333,0.201808,0
0.537384,0.205447,1.19209e-07
0.515271,0.176444,1.19209e-07
0.500381,0.215792,0
0.546522,0.185278,0
0.544427,0.211003,1.19209e-07
0.505644,0.189077,0
0.523381,0.193212,0
0.528967,0.166265,1.19209e-07
0.513025,0.207833,1.19209e-07
0.532389,0.192506,0
0.548382,0.197497,1.19209e-07
0.497786,0.170735,0
0.525694,0.220106,0
0.518706,0.179726,0
0.540537,0.175564,0
0.508922,0.201827,0
0.545041,0.2143,1.19209e-07
0.502906,0.184062,1.19209e-07
0.516604,0.204744,0
0.535659,0.178906,0
0.522122,0.168975,0
0.530269,0.19494,1.19209e-07
0.542271,0.187167,0
0.504456,0.213309,1.19209e-07
0.499029,0.199491,0
0.550042,0.169633,0
0.511356,0.190153,0
0.534199,0.20951,0
0.507563,0.172581,1.19209e-07
0.538358,0.200885,0
0.527126,0.1815,0
0.519075,0.218279,0
0.501649,0.177765,0
0.547456,0.203968,0
0.536611,0.182803,0
0.514131,0.215393,0
0.54384,0.167551,1.19209e-07
0.506641,0.195722,0
0.528333,0.212736,0
0.522844,0.186668,1.19209e-07
0.524779,0.173679,0
0.517566,0.20036,0
0.510184,0.182295,0
0.539851,0.217967,0
0.531662,0.1989,0
0.512886,0.170374,0
0.549088,0.190511,1.19209e-07
0.497039,0.209474,0
0.541953,0.1945,0
0.503838,0.166972,1.19209e-07
0.529775,0.187949,0
0.521509,0.211428,0
0.515722,0.185398,0
0.534496,0.216509,0
0.501835,0.206625,0
0.546381,0.177406,0
0.510702,0.197164,0
0.532871,0.171991,1.19209e-07
0.550751,0.207146,0
0.499246,0.192152,0
0.539586,0.180491,0
0.508059,0.219321,1.19209e-07
0.52068,0.174945,0
0.526677,0.202926,0
0.593431,0.169559,0
0.565126,0.199724,0
0.574477,0.191105,0
0.579681,0.209529,1.19209e-07
0.553946,0.173814,0
0.605496,0.19999,0
0.565962,0.218163,0
0.587897,0.181205,0
0.558009,0.212343,0
0.602462,0.187267,1.19209e-07
0.569337,0.167783,1.19209e-07
0.591063,0.195382,0
0.560025,0.183139,0
0.59706,0.213812,0
0.584878,0.17795,0
0.575693,0.203795,0
0.604772,0.174187,0
0.551628,0.202594,0
0.567239,0.179318,1.19209e-07
0.5865,0.220342,0
0.563527,0.1714,0
0.596183,0.197754,0
0.572861,0.208158,0
0.580903,0.19132,0
0.561529,0.215965,0
0.598639,0.185393,0
0.577581,0.176894,0
0.583109,0.206598,0
0.601188,0.21172,0
0.555786,0.189327,0
0.57064,0.1934,0
0.591318,0.166322,0
0.606121,0.180863,0
0.554557,0.219063,0
0.58887,0.20178,0
0.566318,0.175049,0
0.580529,0.172013,1.19209e-07
0.575208,0.196661,0
0.594178,0.207005,0
0.563941,0.19277,0
0.5698,0.210354,0
0.589485,0.187978,0
0.557117,0.166248,0
0.602086,0.194262,0
0.5856,0.216795,1.19209e-07
0.577092,0.184795,1.19209e-07
0.558992,0.205246,0
0.596925,0.176443,0
0.603422,0.217491,0
0.552732,0.182,0
0.587452,0.173138,0
0.567977,0.201223,1.19209e-07
0.594902,0.189574,0
0.562686,0.208639,0
0.573545,0.17019,0
0.582171,0.198559,0
0.571652,0.18629,0
0.592537,0.213306,0
0.556592,0.19586,0
0.599989,0.168462,1.19209e-07
0.5994,0.204353,1.19209e-07
0.560934,0.179005,0
0.583572,0.184031,0
0.578533,0.214875,0
0.628026,0.215552,0
0.637218,0.188955,0
0.649366,0.205785,0
0.616917,0.16651,0
0.641852,0.210769,1.19209e-07
0.62361,0.185681,1.19209e-07
0.658072,0.178302,0
0.608202,0.193807,0
0.638499,0.197171,0
0.633917,0.174486,0
0.615288,0.207666,0
0.653708,0.179515,0
0.654595,0.219256,0
0.610961,0.189644,0
0.62705,0.203118,0
0.647504,0.170729,1.19209e-07
0.651826,0.209715,1.19209e-07
0.613496,0.182381,0
0.640273,0.172265,0
0.632036,0.199325,0
0.64429,0.200795,1.19209e-07
0.624948,0.169819,0
0.656817,0.192743,0
0.612191,0.218418,0
0.621142,0.212405,0
0.643831,0.184026,0
0.660607,0.194941,0
0.609328,0.176558,0
0.618652,0.203579,1.19209e-07
0.648831,0.168234,1.19209e-07
0.634982,0.214762,0
0.630079,0.186911,0
0.627429,0.167357,0
0.636024,0.204521,0
0.617747,0.213756,1.19209e-07
0.650652,0.187434,0
0.60714,0.182728,0
0.659277,0.212775,0
0.622607,0.195744,0
0.641116,0.176973,1.19209e-07
0.61011,0.200287,1.19209e-07
0.655812,0.169491,0
0.646088,0.217339,0
0.625997,0.191762,0
0.638081,0.181591,0
0.63276,0.208585,1.19209e-07
0.616058,0.173445,1.19209e-07
0.653118,0.198736,0
0.639349,0.206775,0
0.630826,0.180852,0
0.614639,0.19756,1.19209e-07
0.651939,0.175007,1.19209e-07
0.624305,0.220023,0
0.645847,0.190941,0
0.613163,0.17178,0
0.657186,0.201985,1.19209e-07
0.629074,0.205985,0
0.634334,0.165969,1.19209e-07
0.647865,0.21636,0
0.619967,0.187987,0
0.608786,0.211296,0
0.660001,0.185125,0
0.642921,0.19382,0
0.620924,0.178093,0
0.688349,0.201996,0
0.695151,0.169327,1.19209e-07
0.702827,0.219275,1.19209e-07
0.672457,0.191027,0
0.663078,0.208261,1.19209e-07
0.715607,0.17927,0
0.700651,0.19698,1.19209e-07
0.681615,0.175273,0
0.698411,0.188703,0
0.676066,0.216948,0
0.71149,0.205888,0
0.664909,0.165862,0
0.669464,0.194497,0
0.706436,0.176599,1.19209e-07
0.685176,0.185171,0
0.689912,0.21139,0
0.661636,0.182264,0
0.712626,0.208772,0
0.679611,0.198485,0
0.701924,0.173342,0
0.704179,0.192123,0
0.673777,0.217403,0
0.687022,0.171355,0
0.692901,0.200467,1.19209e-07
0.683389,0.21221,0
0.691901,0.182879,0
0.708582,0.195574,0
0.671376,0.178033,1.19209e-07
0.677831,0.186222,1.19209e-07
0.696715,0.215005,0
0.666957,0.203775,0
0.710479,0.16742,0
0.679156,0.179998,0
0.701063,0.207021,0
0.662187,0.197658,0
0.714189,0.174664,1.19209e-07
0.705383,0.202804,1.19209e-07
0.674831,0.170042,0
0.693158,0.189804,0
0.685494,0.219935,1.19209e-07
0.709555,0.215572,0
0.667336,0.187744,0
0.695986,0.166963,0
0.677029,0.205646,0
0.670207,0.210274,0
0.707599,0.184354,0
0.690886,0.193333,0
0.681903,0.176326,1.19209e-07
0.689151,0.178654,0
0.684362,0.194707,0
0.706794,0.212988,0
0.66887,0.184183,0
0.665663,0.214203,1.19209e-07
0.711964,0.18741,0
0.675085,0.167939,0
0.697987,0.204339,1.19209e-07
0.664194,0.172848,1.19209e-07
0.714341,0.198813,1.19209e-07
0.680932,0.209808,0
0.699393,0.181248,1.19209e-07
0.694615,0.21795,0
0.687748,0.19153,0
0.703375,0.170998,1.19209e-07
0.671656,0.200773,0
0.76622,0.18464,0
0.716062,0.214074,0
0.755511,0.204097,1.19209e-07
0.731648,0.175834,0
0.757033,0.213322,0
0.724921,0.18763,0
0.74276,0.194947,1.19209e-07
0.743788,0.165278,0
0.748373,0.217545,0
0.737568,0.181752,0
0.726762,0.200164,0
0.762395,0.175201,0
0.753246,0.190473,1.19209e-07
0.73621,0.208892,0
0.768154,0.198253,1.19209e-07
0.719783,0.171587,0
0.759216,0.186696,0
0.723105,0.210831,0
0.746351,0.194187,0
0.741019,0.1686,0
0.763937,0.216215,1.19209e-07
0.718322,0.182616,0
0.730148,0.206298,0
0.754735,0.178599,0
0.751364,0.206822,0
0.733317,0.192318,1.19209e-07
0.721956,0.197418,0
0.769477,0.169315,0
0.748873,0.179705,0
0.739127,0.218796,1.19209e-07
0.760561,0.201853,1.19209e-07
0.728668,0.173413,0
0.729568,0.217855,0
0.762142,0.181095,1.19209e-07
0.749596,0.200782,0
0.738504,0.174528,0
0.734305,0.198783,0
0.75079,0.170441,0
0.770183,0.20909,1.19209e-07
0.722519,0.18982,1.19209e-07
0.731233,0.185073,0
0.75417,0.214627,0
0.765046,0.1771,0
0.71933,0.203256,0
0.759812,0.19559,1.19209e-07
0.724095,0.166598,1.19209e-07
0.740031,0.212241,1.19209e-07
0.745893,0.188733,0
0.744384,0.210156,0
0.742479,0.186616,1.19209e-07
0.757988,0.167546,1.19209e-07
0.725656,0.193063,0
0.767138,0.204823,1.19209e-07
0.717516,0.178113,0
0.756563,0.183569,0
0.732666,0.215865,0
0.763376,0.219421,0
0.727245,0.180089,0
0.736698,0.202311,0
0.74698,0.172266,1.19209e-07
0.72102,0.207687,0
0.767962,0.191387,0
0.73558,0.170043,0
0.752249,0.196156,0
0.795945,0.184997,0
0.804602,0.211532,0
0.784225,0.203174,0
0.81434,0.168182,1.19209e-07
0.773197,0.176788,0
0.822707,0.194604,0
0.790296,0.215792,0
0.809269,0.187229,0
0.817065,0.217537,0
0.780004,0.189552,0
0.798645,0.173368,0
0.792425,0.199494,0
0.818731,0.182078,0
0.774232,0.207544,1.19209e-07
0.785289,0.170839,0
0.807383,0.202363,0
0.821151,0.208605,1.19209e-07
0.776104,0.179699,0
0.806137,0.168832,1.19209e-07
0.787725,0.199834,1.19209e-07
0.815727,0.191631,1.19209e-07
0.77864,0.219133,1.19209e-07
0.794534,0.173734,0
0.800589,0.197309,0
0.797616,0.211137,0
0.802308,0.182503,1.19209e-07
0.812402,0.204748,0
0.782595,0.166171,1.19209e-07
0.788639,0.189194,1.19209e-07
0.810867,0.213939,0
0.771106,0.193983,0
0.824265,0.178018,1.19209e-07
0.812887,0.184311,0
0.781471,0.212646,0
0.801451,0.204463,0
0.796866,0.167057,1.19209e-07
0.824626,0.216211,1.19209e-07
0.771806,0.185984,1.19209e-07
0.788151,0.195947,1.19209e-07
0.810374,0.175792,0
0.820408,0.171914,0
0.776723,0.201266,0
0.804805,0.207022,0
0.786603,0.180631,0
0.816186,0.197976,0
0.777882,0.172153,0
0.793377,0.217143,1.19209e-07
0.800135,0.19043,1.19209e-07
0.80389,0.165147,0
0.794792,0.205647,0
0.782719,0.183492,0
0.81368,0.21042,1.19209e-07
0.821893,0.187823,0
0.77353,0.214533,0
0.789632,0.177384,1.19209e-07
0.808272,0.192699,1.19209e-07
0.819809,0.20092,0
0.775382,0.169554,0
0.806569,0.179719,0
0.784824,0.20975,1.19209e-07
0.79132,0.192011,0
0.799017,0.219827,0
0.780915,0.196282,1.19209e-07
0.818402,0.175149,1.19209e-07
0.845158,0.217433,0
0.863711,0.189684,0
0.828782,0.170253,0
0.873042,0.199563,0
0.833993,0.199086,0
0.871951,0.173774,0
0.849823,0.179376,0
0.857467,0.20826,0
0.85381,0.16818,0
0.849011,0.203007,0
0.869133,0.213392,0
0.838324,0.189011,0
0.878716,0.184809,1.19209e-07
0.826101,0.211638,0
0.861947,0.194218,0
0.839829,0.176783,0
0.855705,0.204647,1.19209e-07
0.846971,0.165403,1.19209e-07
0.86759,0.186661,0
0.835842,0.214971,0
0.827772,0.182678,0
0.876436,0.210604,0
0.841748,0.19292,1.19209e-07
0.860475,0.178197,0
0.851933,0.207425,0
0.858996,0.181768,0
0.832524,0.173462,0
0.870733,0.197108,1.19209e-07
0.843788,0.192483,0
0.865923,0.219225,0
0.874847,0.168721,0
0.831424,0.202808,0
0.858369,0.198463,0
0.851348,0.174652,0
0.833104,0.209376,0
0.869684,0.17964,0
0.830763,0.190325,0
0.875439,0.216609,0
0.865027,0.171606,0
0.842416,0.20101,0
0.841189,0.184172,0
0.859564,0.212448,0
0.877197,0.175486,0
0.828046,0.19586,1.19209e-07
0.836614,0.166883,0
0.866523,0.204337,0
0.854777,0.187938,0
0.845812,0.214466,0
0.873743,0.191192,1.19209e-07
0.830205,0.218755,0
0.84419,0.169483,0
0.863195,0.201442,0
0.856275,0.17203,0
0.850111,0.195992,0
0.835125,0.18127,0
0.872516,0.206617,0
0.868038,0.16669,0
0.837213,0.205817,0
0.847894,0.186241,0
0.852419,0.216193,0
0.861396,0.183691,0
0.838865,0.210027,0
0.825621,0.177311,1.19209e-07
0.879132,0.193541,0
0.899155,0.173694,0
0.882734,0.21757,0
0.912305,0.1707,0
0.887516,0.18981,0
0.884258,0.166261,0
0.894025,0.211656,0
0.906671,0.184843,1.19209e-07
0.890941,0.20329,0
0.881125,0.179785,0
0.896877,0.202041,0
0.901229,0.169457,0
0.889192,0.207849,0
0.886188,0.192549,0
0.895422,0.186015,0
0.892585,0.17696,0
0.907619,0.183541,0
0.896545,0.194792,0
0.884996,0.187916,0
0.891974,0.213802,0
0.904673,0.175447,0
0.880117,0.200133,1.19209e-07
0.898217,0.181324,1.19209e-07
0.888999,0.171418,1.19209e-07
0.886511,0.197235,0
0.901785,0.192319,0
0.882161,0.173257,0
0.894777,0.167632,0
0.883053,0.211185,0
0.910129,0.178134,0
0.889907,0.182931,0
0.952729,0.0945427,1.99231
0.942428,0.115143,1.98166
0.940581,0.118837,1.953
0.948798,0.102403,1.99098
0.938865,0.122271,1.98617
0.950563,0.0988742,1.98481
0.952378,0.0952439,1.9719
0.941897,0.116206,1.97925
0.941723,0.116553,1.99318
0.953179,0.0936427,1.97801
0.946333,0.107334,1.9546
0.947156,0.105687,1.96155
0.943367,0.113266,1.96703
0.944357,0.111285,1.98344
0.950576,0.0988476,1.96539
0.939953,0.120094,1.97906
0.94898,0.102041,1.97203
0.943207,0.113586,1.99285
0.948942,0.102116,1.93087
0.941827,0.116346,1.91277
0.9544,0.0911999,1.92111
0.950657,0.0986856,1.95986
0.950198,0.0996049,1.91772
0.95245,0.0951001,1.93083
0.949768,0.100463,1.94625
0.948173,0.103655,1.89735
0.941335,0.11733,1.91405
0.944297,0.111406,1.90316
0.943054,0.113891,1.90183
0.951284,0.0974315,1.91378
0.947397,0.105207,1.94961
0.944815,0.11037,1.92947
0.947578,0.104844,1.91351
0.94999,0.10002,1.90645
0.942009,0.115981,1.8955
0.947956,0.104088,1.94819
0.954311,0.0913786,1.93739
0.945747,0.108506,1.9377
0.952784,0.0944328,1.91325
0.948391,0.103218,1.91692
0.952659,0.0946823,1.96117
0.942873,0.114254,1.88997
0.946385,0.107229,1.93674
0.95142,0.0971603,1.91907
0.953671,0.0926585,1.93845
0.949289,0.101422,1.91167
0.946147,0.107707,1.90203
0.942925,0.114149,1.92137
0.941004,0.117993,1.9039
0.944505,0.110991,1.94293
0.953769,0.0924619,1.91004
0.14301,0.227312,0
0.131497,0.254953,0
0.119584,0.237963,0
0.152785,0.273465,1.19209e-07
0.148262,0.25851,0
0.129445,0.229257,1.19209e-07
0.160858,0.246828,0
0.163177,0.249721,1.19209e-07
0.116126,0.222985,0
0.150824,0.240762,0
0.157416,0.23296,0
0.135488,0.242465,0
0.139558,0.26909,0
0.159589,0.264893,0
0.130852,0.256147,0
0.145654,0.229884,0
0.133822,0.225851,0
0.144149,0.252956,1.19209e-07
0.154096,0.235034,0
0.140972,0.243733,0
0.137698,0.267611,0
0.156967,0.262266,0
0.121433,0.233981,0
0.164879,0.221469,0
0.126038,0.238671,0
0.149508,0.272772,0
0.1604,0.228722,1.19209e-07
0.14668,0.262814,0
0.129706,0.245791,0
0.144844,0.237012,0
0.118639,0.226893,0
0.154658,0.254236,0
0.125145,0.249198,0
0.149333,0.224094,0
0.165522,0.27105,0
0.136523,0.231963,1.19209e-07
0.140513,0.259921,0
0.155431,0.243173,1.19209e-07
0.136196,0.261542,0
0.138458,0.234749,0
0.158609,0.266028,1.19209e-07
0.123799,0.24507,1.19209e-07
0.163365,0.239761,1.19209e-07
0.126843,0.222599,0
0.151592,0.250795,0
0.161945,0.256586,0
0.146916,0.247359,1.19209e-07
0.142,0.276076,0
0.132167,0.236549,0
0.153334,0.224978,0
0.207043,0.263987,1.19209e-07
0.181337,0.237653,0
0.172164,0.258341,0
0.219189,0.227012,0
0.190054,0.274279,0
0.195302,0.245558,0
0.177862,0.228939,1.19209e-07
0.213262,0.255028,0
0.184869,0.251054,1.19209e-07
0.202997,0.232509,0
0.167496,0.242734,0
0.215672,0.27152,0
0.208816,0.241122,0
0.175646,0.268001,1.19209e-07
0.197205,0.259688,0
0.187573,0.22405,1.19209e-07
0.179076,0.253029,1.19209e-07
0.211827,0.230145,1.19209e-07
0.193475,0.275062,1.19209e-07
0.192923,0.247251,1.19209e-07
0.205001,0.234922,0
0.180457,0.264986,0
0.170657,0.224527,0
0.220323,0.256167,0
0.198637,0.222003,0
0.188945,0.260897,0
0.210538,0.267536,1.19209e-07
0.173935,0.238615,1.19209e-07
0.183543,0.234292,0
0.200743,0.249613,0
0.216976,0.24465,0
0.167681,0.269596,0
0.204258,0.257496,0
0.179904,0.227611,1.19209e-07
0.169811,0.2628,0
0.220062,0.237344,0
0.211017,0.27288,0
0.178087,0.246316,0
0.192081,0.254516,0
0.19479,0.228415,1.19209e-07
0.209331,0.223309,1.19209e-07
0.173065,0.259995,0
0.189229,0.240176,0
0.199704,0.26869,0
0.183906,0.272691,1.19209e-07
0.201671,0.242581,0
0.216681,0.251492,0
0.169028,0.232061,0
0.207625,0.261714,1.19209e-07
0.175269,0.221171,0
0.186699,0.266457,0
0.197889,0.23928,0
0.186225,0.244285,0
0.202115,0.270875,0
0.214619,0.233188,1.19209e-07
0.166155,0.249174,1.19209e-07
0.191403,0.230564,0
0.195985,0.252348,1.19209e-07
0.212773,0.248547,0
0.176402,0.276166,0
0.206011,0.225719,0
0.182637,0.256692,1.19209e-07
0.21831,0.265528,0
0.171351,0.236511,0
0.27244,0.262734,0
0.226157,0.235128,0
0.261354,0.231278,0
0.23827,0.252524,1.19209e-07
0.247496,0.226885,0
0.252194,0.257922,0
0.231158,0.274825,0
0.267638,0.245352,0
0.274159,0.221622,0
0.22179,0.262196,0
0.237118,0.244378,0
0.255653,0.271661,0
0.264762,0.249932,0
0.234758,0.233996,0
0.248965,0.240242,0
0.241736,0.267129,0
0.244739,0.238618,0
0.251065,0.268747,1.19209e-07
0.263447,0.232148,0
0.232223,0.251272,0
0.257241,0.242137,0
0.235385,0.270772,1.19209e-07
0.275888,0.25986,0
0.223976,0.22333,0
0.270862,0.237874,1.19209e-07
0.226927,0.264988,0
0.259676,0.254656,0
0.240459,0.229194,0
0.266473,0.27384,0
0.228515,0.248427,1.19209e-07
0.24534,0.255675,0
0.254246,0.226029,0
0.24632,0.246425,0
0.254747,0.275807,0
0.266773,0.227144,0
0.229541,0.258651,0
0.227698,0.230279,0
0.269641,0.253059,0
0.260441,0.23587,0
0.241271,0.263959,0
0.27511,0.243644,0
0.223267,0.272576,0
0.236524,0.222427,0
0.258621,0.261205,0
0.251499,0.233591,0
0.243668,0.249319,0
0.232173,0.241696,0
0.262624,0.266699,0
0.224799,0.25442,0
0.271541,0.228641,0
0.262249,0.265838,0
0.239818,0.236602,1.19209e-07
0.253219,0.247177,0
0.248463,0.273258,0
0.22985,0.224913,-1.19209e-07
0.268699,0.256734,1.19209e-07
0.243436,0.232538,0
0.249491,0.251113,1.19209e-07
0.265792,0.239197,0
0.233132,0.268145,0
0.273347,0.269994,1.19209e-07
0.222542,0.243331,0
0.237812,0.259618,1.19209e-07
0.256749,0.223852,0
0.305073,0.243249,0
0.301508,0.269528,0
0.288826,0.222875,0
0.324271,0.260051,1.19209e-07
0.293417,0.238704,1.19209e-07
0.316803,0.268869,0
0.281648,0.251479,0
0.328653,0.232742,0
0.276689,0.247666,0
0.326936,0.273405,1.19209e-07
0.294905,0.255833,0
0.312899,0.224519,1.19209e-07
0.285634,0.264682,1.19209e-07
0.317977,0.237223,0
0.308035,0.253836,1.19209e-07
0.297575,0.228852,0
0.314649,0.240419,0
0.291642,0.267417,1.19209e-07
0.279956,0.233366,0
0.330388,0.250198,0
0.306902,0.272152,0
0.302742,0.243612,0
0.321285,0.221182,0
0.286568,0.262354,1.19209e-07
0.319997,0.26246,0
0.283338,0.235859,0
0.310438,0.231106,0
0.299024,0.253451,0
0.278363,0.275815,0
0.324717,0.245994,1.19209e-07
0.312115,0.257857,0
0.296872,0.227336,0
0.298056,0.263402,1.19209e-07
0.308672,0.235199,1.19209e-07
0.318467,0.252214,1.19209e-07
0.286046,0.229979,0
0.327874,0.226267,1.19209e-07
0.277797,0.258799,0
0.293643,0.245717,0
0.314085,0.274634,0
0.316644,0.234719,0
0.292424,0.248784,0
0.329295,0.266151,0
0.282965,0.241533,0
0.289146,0.271278,1.19209e-07
0.322908,0.244614,0
0.300521,0.22241,0
0.304398,0.260864,0
0.29582,0.273829,0
0.310766,0.248404,0
0.325781,0.256449,0
0.279393,0.226064,1.19209e-07
0.284158,0.255339,0
0.320667,0.228239,0
0.309304,0.265034,0
0.299618,0.238153,0
0.287705,0.242129,0
0.322327,0.270135,0
0.305911,0.223852,0
0.303394,0.258912,0
0.290678,0.231561,0
0.315594,0.250582,1.19209e-07
0.330646,0.239087,0
0.280558,0.267585,0
0.349879,0.24366,0
0.36623,0.266853,0
0.381902,0.233625,0
0.333593,0.261194,1.19209e-07
0.375027,0.250695,1.19209e-07
0.338378,0.221384,0
0.35405,0.269605,0
0.365035,0.238291,0
0.33485,0.235779,0
0.385309,0.274606,0
0.369863,0.224534,0
0.346407,0.253451,0
0.376509,0.247721,0
0.343899,0.263853,1.19209e-07
0.360061,0.256058,0
0.358414,0.231054,0
0.355564,0.257764,0
0.361934,0.22912,1.19209e-07
0.378064,0.264082,0
0.341731,0.246418,0
0.383336,0.237858,0
0.337246,0.27267,0
0.347227,0.226957,0
0.371058,0.253816,0
0.332496,0.231687,0
0.379711,0.259694,0
0.369215,0.243195,0
0.35197,0.268964,0
0.353545,0.240371,0
0.363582,0.271962,0
0.373278,0.224145,0
0.340048,0.24967,0
0.361468,0.262293,1.19209e-07
0.356382,0.246854,0
0.378853,0.22988,0
0.342671,0.256617,0
0.338126,0.225613,0
0.384332,0.252732,0
0.347903,0.275342,0
0.372679,0.235049,0
0.36256,0.221917,0
0.352297,0.251627,0
0.373588,0.270514,1.19209e-07
0.340901,0.239302,0
0.350664,0.2341,0
0.368385,0.261843,0
0.380997,0.244615,0
0.331948,0.265902,0
0.370915,0.274279,1.19209e-07
0.345922,0.236651,0
0.335737,0.254631,0
0.386092,0.226182,1.19209e-07
0.359331,0.245344,0
0.357928,0.265502,0
0.377058,0.258398,0
0.344512,0.227986,0
0.349231,0.259686,0
0.367041,0.232516,0
0.334036,0.241725,0
0.383012,0.267585,1.19209e-07
0.339526,0.271328,0
0.37606,0.241161,0
0.354833,0.222831,1.19209e-07
0.364383,0.249229,0
0.435995,0.267029,1.19209e-07
0.389121,0.243544,1.19209e-07
0.401382,0.249933,1.19209e-07
0.424591,0.221312,0
0.394783,0.272431,1.19209e-07
0.429324,0.238109,0
0.412576,0.231352,0
0.416686,0.261874,0
0.432549,0.253278,0
0.399465,0.227162,0
0.409207,0.262428,-1.19209e-07
0.420642,0.246515,0
0.441062,0.230632,0
0.391321,0.257819,1.19209e-07
0.422607,0.275693,1.19209e-07
0.403999,0.236023,0
0.406465,0.272759,0
0.4213,0.237725,0
0.392662,0.227761,0
0.439366,0.256116,0
0.408072,0.246705,0
0.418414,0.264611,1.19209e-07
0.433982,0.224469,0
0.398173,0.254183,0
0.426077,0.250929,0
0.40271,0.223796,1.19209e-07
0.387387,0.269077,0
0.437821,0.242112,0
0.430756,0.270527,0
0.395218,0.241272,0
0.411117,0.260382,0
0.41452,0.233712,0
0.402825,0.265744,0
0.427024,0.244669,1.19209e-07
0.436593,0.249005,1.19209e-07
0.386805,0.222284,0
0.430348,0.232416,0
0.396706,0.26071,0
0.411723,0.239557,1.19209e-07
0.415631,0.270921,0
0.405556,0.230032,0
0.422423,0.258554,0
0.438209,0.234755,0
0.391739,0.274529,0
0.418071,0.22676,0
0.407368,0.252269,1.19209e-07
0.433387,0.263183,0
0.397648,0.24547,0
0.435392,0.22272,0
0.38894,0.251661,0
0.400603,0.243135,0
0.42526,0.267959,1.19209e-07
0.428344,0.259115,1.19209e-07
0.393695,0.234139,0
0.416009,0.240074,0
0.413753,0.269701,0
0.440185,0.27405,1.19209e-07
0.390299,0.237084,0
0.405218,0.256439,0
0.423705,0.228766,0
0.41997,0.254621,0
0.410276,0.225159,0
0.398942,0.265274,0
0.432056,0.248199,0
0.479096,0.240563,1.19209e-07
0.45858,0.269727,0
0.493348,0.25906,1.19209e-07
0.442481,0.233904,1.19209e-07
0.485692,0.223846,0
0.453773,0.250658,1.19209e-07
0.469955,0.267876,0
0.465282,0.242576,0
0.490124,0.247232,0
0.446396,0.264905,0
0.480314,0.254109,0
0.46187,0.224477,1.19209e-07
0.448479,0.236763,1.19209e-07
0.488237,0.273022,0
0.475696,0.22797,0
0.466896,0.256813,0
0.452022,0.221215,1.19209e-07
0.483477,0.250021,1.19209e-07
0.471715,0.244596,1.19209e-07
0.463637,0.266404,0
0.443783,0.261241,0
0.49542,0.232755,1.19209e-07
0.456578,0.238571,1.19209e-07
0.476052,0.271324,0
0.487365,0.234969,0
0.450479,0.275255,0
0.468575,0.230247,1.19209e-07
0.473535,0.258557,0
0.459762,0.253276,0
0.482498,0.226958,1.19209e-07
0.492306,0.26365,0
0.447669,0.245888,0
0.489528,0.229489,0
0.449419,0.257289,0
0.466034,0.236087,0
0.474541,0.274831,0
0.445808,0.226054,0
0.491066,0.251864,1.19209e-07
0.461233,0.262614,1.19209e-07
0.479774,0.245539,1.19209e-07
0.469863,0.221741,0
0.464585,0.248971,0
0.484923,0.266953,0
0.454507,0.243897,0
0.494644,0.239082,0
0.441826,0.272184,1.19209e-07
0.477928,0.261635,1.19209e-07
0.457692,0.231522,0
0.472677,0.237319,1.19209e-07
0.467411,0.273602,1.19209e-07
0.451752,0.229145,0
0.48629,0.25591,0
0.481928,0.263978,0
0.459204,0.248017,1.19209e-07
0.491771,0.225861,0
0.447321,0.254731,1.19209e-07
0.471076,0.251476,0
0.462367,0.223086,1.19209e-07
0.483716,0.242049,1.19209e-07
0.45273,0.26818,0
0.445007,0.240354,0
0.495988,0.26987,1.19209e-07
0.456116,0.259707,0
0.477605,0.233236,0
0.498635,0.266975,0
0.550328,0.240835,0
0.510658,0.222923,0
0.53274,0.261471,1.19209e-07
0.51958,0.250999,1.19209e-07
0.52492,0.232146,0
0.509557,0.241431,0
0.538444,0.270549,0
0.542853,0.226788,0
0.504938,0.255735,0
0.52961,0.263933,0
0.521439,0.237245,0
0.535417,0.245851,0
0.513834,0.274946,0
0.547706,0.253984,1.19209e-07
0.502814,0.228491,0
0.527529,0.234572,1.19209e-07
0.522418,0.263421,0
0.54352,0.257072,1.19209e-07
0.506737,0.225395,0
0.536496,0.272429,0
0.515894,0.247486,0
0.500519,0.253014,0
0.545904,0.230306,0
0.526385,0.249368,1.19209e-07
0.517776,0.233398,0
0.508486,0.271357,0
0.540461,0.243179,1.19209e-07
0.549134,0.267654,0
0.496777,0.238293,0
0.512147,0.259267,0
0.531519,0.221075,0
0.548734,0.223934,0
0.497794,0.260549,0
0.513185,0.240204,1.19209e-07
0.532453,0.265576,0
0.518635,0.269305,0
0.527053,0.242272,0
0.539935,0.250431,0
0.507611,0.231831,1.19209e-07
0.529062,0.256198,0
0.523492,0.226659,0
0.54433,0.236384,1.19209e-07
0.505909,0.264972,0
0.501543,0.245453,0
0.545129,0.275346,0
0.516423,0.254313,0
0.537362,0.228359,0
0.551315,0.259511,1.19209e-07
0.499852,0.221696,0
0.533738,0.239212,0
0.51198,0.268789,0
0.525701,0.272088,0
0.520316,0.24441,1.19209e-07
0.539178,0.233943,0
0.509217,0.248291,1.19209e-07
0.530759,0.224381,0
0.521884,0.257987,1.19209e-07
0.541259,0.262827,0
0.504206,0.235651,0
0.501952,0.273829,0
0.546782,0.246959,0
0.515233,0.229645,0
0.535162,0.252446,1.19209e-07
0.561771,0.236228,0
0.598554,0.2733,0
0.573056,0.254167,1.19209e-07
0.579882,0.226395,1.19209e-07
0.555513,0.262313,0
0.60126,0.245013,0
0.58882,0.257237,1.19209e-07
0.566176,0.228159,1.19209e-07
0.576487,0.242208,0
0.585378,0.267154,0
0.564548,0.25997,0
0.595134,0.230955,1.19209e-07
0.554058,0.223954,0
0.60366,0.24886,0
0.572023,0.270222,0
0.590223,0.240502,0
0.587176,0.230829,1.19209e-07
0.567946,0.256259,0
0.55753,0.246969,0
0.601437,0.264815,0
0.581373,0.252624,0
0.575295,0.224335,0
0.596545,0.235744,0
0.558562,0.275588,0
0.592234,0.270711,0
0.57007,0.239321,1.19209e-07
0.606079,0.222218,0
0.552355,0.250568,0
0.594301,0.26029,0
0.563192,0.23356,0
0.583659,0.244454,0
0.57892,0.265389,1.19209e-07
0.560942,0.252243,1.19209e-07
0.599108,0.225162,0
0.57248,0.234466,1.19209e-07
0.579358,0.274377,0
0.565509,0.26381,0
0.587556,0.247984,0
0.556642,0.229423,1.19209e-07
0.600003,0.255832,0
0.604108,0.237985,0
0.554777,0.272247,0
0.589813,0.251294,0
0.57106,0.220637,0
0.575648,0.261432,0
0.58462,0.233027,1.19209e-07
0.563957,0.243367,1.19209e-07
0.595488,0.266949,1.19209e-07
0.603015,0.228433,0
0.558055,0.258365,1.19209e-07
0.586294,0.263197,1.19209e-07
0.567491,0.245758,1.19209e-07
0.581646,0.237406,0
0.573778,0.272338,1.19209e-07
0.597738,0.254644,0
0.559622,0.226985,0
0.582618,0.259249,0
0.577448,0.232151,1.19209e-07
0.562019,0.267966,0
0.593325,0.241422,0
0.605131,0.268902,1.19209e-07
0.552725,0.239965,1.19209e-07
0.569303,0.249292,0
0.591519,0.222555,0
0.646985,0.264983,0
0.626547,0.246466,1.19209e-07
0.659486,0.230382,0
0.606717,0.2562,0
0.640123,0.235679,0
0.631196,0.275214,1.19209e-07
0.619754,0.224637,0
0.650005,0.252572,1.19209e-07
0.63011,0.233932,0
0.635278,0.260627,0
0.615187,0.265583,0
0.651649,0.244204,0
0.643445,0.221758,0
0.621408,0.249918,0
0.610093,0.239414,1.19209e-07
0.655572,0.270421,0
0.62298,0.223816,0
0.641642,0.248688,0
0.657164,0.240796,0
0.612987,0.270183,0
0.628282,0.259512,0
0.637059,0.231486,0
0.614649,0.242687,1.19209e-07
0.652951,0.267432,0
0.644979,0.245343,0
0.623592,0.261919,0
0.659826,0.256569,0
0.608946,0.227861,0
0.648104,0.226422,1.19209e-07
0.61748,0.253394,0
0.638541,0.273485,0
0.63347,0.236087,1.19209e-07
0.641529,0.237881,0
0.622187,0.271869,0
0.656569,0.250896,0
0.612382,0.220704,1.19209e-07
0.613703,0.261493,0
0.654391,0.233112,1.19209e-07
0.627415,0.242906,0
0.636,0.266622,0
0.649145,0.273894,0
0.617762,0.234664,1.19209e-07
0.63255,0.252072,1.19209e-07
0.637438,0.225524,0
0.644619,0.255691,0
0.625087,0.229484,0
0.60936,0.264086,1.19209e-07
0.66057,0.247238,1.19209e-07
0.620595,0.239972,1.19209e-07
0.642409,0.269028,0
0.611362,0.249326,0
0.654612,0.222558,0
0.63464,0.241663,0
0.628725,0.268655,0
0.616548,0.232197,0
0.652553,0.258391,0
0.630884,0.2269,0
0.638947,0.254125,1.19209e-07
0.619169,0.272929,0
0.65069,0.237496,0
0.625238,0.257682,0
0.645921,0.228374,1.19209e-07
0.658515,0.263281,0
0.608055,0.246005,0
0.665802,0.226181,0
0.709298,0.254505,0
0.697683,0.236793,0
0.677124,0.273254,1.19209e-07
0.690703,0.263352,0
0.681862,0.244747,0
0.670086,0.257918,1.19209e-07
0.708445,0.228091,0
0.703394,0.269236,0
0.674413,0.240467,1.19209e-07
0.692339,0.223183,0
0.687406,0.247915,0
0.678517,0.232253,0
0.701011,0.258993,0
0.662276,0.267538,0
0.713051,0.242231,0
0.671538,0.271169,1.19209e-07
0.705083,0.239153,1.19209e-07
0.693728,0.249605,0
0.68543,0.221237,1.19209e-07
0.714286,0.265526,0
0.663243,0.244461,1.19209e-07
0.699241,0.233229,0
0.680759,0.261205,1.19209e-07
0.669399,0.229246,1.19209e-07
0.706824,0.25501,0
0.689126,0.246965,0
0.683524,0.263997,-1.19209e-07
0.695433,0.275008,0
0.676189,0.234719,0
0.667854,0.251776,1.19209e-07
0.712442,0.223759,1.19209e-07
0.711399,0.272758,0
0.666644,0.2366,0
0.675352,0.253244,0
0.696904,0.226975,1.19209e-07
0.70577,0.245494,1.19209e-07
0.668418,0.262322,0
0.689621,0.256558,1.19209e-07
0.68455,0.228112,0
0.715758,0.231417,0
0.663767,0.25983,1.19209e-07
0.700264,0.26775,0
0.681684,0.24185,0
0.694713,0.239802,0
0.686027,0.269781,1.19209e-07
0.704635,0.248958,0
0.672551,0.22296,1.19209e-07
0.683174,0.256,1.19209e-07
0.691906,0.230618,0
0.670669,0.247592,1.19209e-07
0.707677,0.264469,1.19209e-07
0.677626,0.225132,0
0.698637,0.252414,0
0.710282,0.235163,1.19209e-07
0.665389,0.274512,0
0.687797,0.238306,0
0.693,0.270928,0
0.702541,0.220956,1.19209e-07
0.673945,0.251047,0
0.661986,0.233879,1.19209e-07
0.714001,0.260038,0
0.702053,0.243247,0
0.679257,0.266763,0
0.727216,0.266308,1.19209e-07
0.763073,0.242722,0
0.736851,0.22165,0
0.749508,0.248896,0
0.751141,0.231972,0
0.733873,0.260823,1.19209e-07
0.768477,0.271124,0
0.722134,0.240535,0
0.718781,0.251641,1.19209e-07
0.765536,0.226548,0
0.754011,0.261485,0
0.730172,0.246174,1.19209e-07
0.745718,0.235036,1.19209e-07
0.741686,0.273892,0
0.725896,0.229692,0
0.757759,0.257508,0
0.769769,0.237734,1.19209e-07
0.72059,0.269748,0
0.752179,0.258241,1.19209e-07
0.736223,0.233033,0
0.761595,0.266627,1.19209e-07
0.729031,0.241073,1.19209e-07
0.73833,0.250686,0
0.747118,0.222813,1.19209e-07
0.759547,0.227953,1.19209e-07
0.724035,0.254858,0
0.744284,0.271995,0
0.740025,0.237419,0
0.71749,0.225048,0
0.765065,0.252995,0
0.755625,0.245737,1.19209e-07
0.73212,0.263561,0
0.72826,0.248536,0
0.7607,0.220816,1.19209e-07
0.748138,0.265342,0
0.739052,0.243683,0
0.769049,0.260226,1.19209e-07
0.720137,0.231145,0
0.753299,0.239473,0
0.735466,0.270285,0
0.72352,0.234318,1.19209e-07
0.759365,0.274523,1.19209e-07
0.743712,0.230308,0
0.740704,0.25655,0
0.756668,0.252762,0
0.731593,0.226171,1.19209e-07
0.716423,0.262613,1.19209e-07
0.764055,0.247575,0
0.724445,0.273269,0
0.757194,0.235722,1.19209e-07
0.742474,0.2273,0
0.745945,0.255548,0
0.754798,0.224301,0
0.731183,0.254327,0
0.767048,0.26452,0
0.718347,0.244461,0
0.721662,0.259716,0
0.767846,0.23338,0
0.733536,0.238509,0
0.750368,0.268798,0
0.738019,0.268261,0
0.748546,0.242339,0
0.726348,0.222962,1.19209e-07
0.762139,0.249822,0
0.807287,0.248375,1.19209e-07
0.78613,0.221669,0
0.81872,0.24364,1.19209e-07
0.774705,0.265569,0
0.800968,0.231474,1.19209e-07
0.792363,0.260243,0
0.77978,0.238581,0
0.817131,0.270672,0
0.810702,0.23456,0
0.78863,0.273913,0
0.772076,0.228863,0
0.822916,0.257705,0
0.783837,0.25155,1.19209e-07
0.811922,0.22557,0
0.802578,0.262458,0
0.797573,0.244661,0
0.80432,0.246795,1.19209e-07
0.795878,0.264545,0
0.813954,0.254179,0
0.78108,0.224725,0
0.790718,0.236231,0
0.808889,0.272595,1.19209e-07
0.82468,0.227928,0
0.772572,0.256217,0
0.821589,0.267013,0
0.775922,0.242086,0
0.805988,0.222111,0
0.785503,0.251046,0
0.81564,0.239514,1.19209e-07
0.778749,0.269115,0
0.793684,0.233776,0
0.799023,0.258567,0
0.80193,0.223744,0
0.796557,0.253057,1.19209e-07
0.813103,0.26368,0
0.783019,0.246764,0
0.771284,0.272282,1.19209e-07
0.822168,0.237132,0
0.787921,0.227288,0
0.810482,0.254749,0
0.807018,0.241197,1.19209e-07
0.787432,0.26788,0
0.775301,0.222839,1.19209e-07
0.819483,0.24973,0
0.780095,0.259041,0
0.81824,0.232433,1.19209e-07
0.799513,0.269613,0
0.791557,0.240036,1.19209e-07
0.820884,0.220574,1.19209e-07
0.777344,0.249015,0
0.804801,0.265633,0
0.784298,0.243015,0
0.816124,0.260656,0
0.77814,0.23084,0
0.793197,0.270832,0
0.798038,0.238146,0
0.773936,0.235126,0
0.823524,0.274322,0
0.789764,0.257052,0
0.808298,0.230183,1.19209e-07
0.803743,0.252143,0
0.794549,0.226821,0
0.814778,0.245776,1.19209e-07
0.782278,0.261548,0
0.876412,0.229497,0
0.82656,0.251034,0
0.84179,0.246156,0
0.859933,0.274847,1.19209e-07
0.846755,0.263137,0
0.855419,0.234814,0
0.867822,0.25696,1.19209e-07
0.835735,0.224657,0
0.856618,0.24966,0
0.851969,0.232134,0
0.872275,0.242444,0
0.833669,0.268761,0
0.829725,0.237632,0
0.865637,0.220455,0
0.84512,0.260395,0
0.848182,0.236375,0
0.853166,0.261765,0
0.866855,0.226216,1.19209e-07
0.837387,0.255153,0
0.827804,0.228171,0
0.86252,0.245182,0
0.839889,0.271892,1.19209e-07
0.875296,0.239051,0
0.830818,0.26782,0
0.862723,0.258928,1.19209e-07
0.843166,0.222582,0
0.850327,0.248496,0
0.858365,0.230928,0
0.832311,0.241619,0
0.849019,0.243887,1.19209e-07
0.857471,0.26936,0
0.832913,0.250489,1.19209e-07
0.87061,0.23322,0
0.863925,0.238673,0
0.842535,0.266307,1.19209e-07
0.831904,0.22105,1.19209e-07
0.852499,0.22361,0
0.847378,0.256681,0
0.86598,0.26456,0
0.838693,0.234398,0
0.827397,0.273831,1.19209e-07
0.839311,0.228647,0
0.861496,0.251755,1.19209e-07
0.86918,0.23618,0
0.836403,0.262839,0
0.854149,0.255476,0
0.845784,0.225706,1.19209e-07
0.859195,0.227378,0
0.84097,0.253591,1.19209e-07
0.82593,0.244179,0
0.864231,0.26642,0
0.84462,0.239965,0
0.828849,0.258509,0
0.874411,0.222233,0
0.834829,0.23164,1.19209e-07
0.871043,0.247732,1.19209e-07
0.856223,0.241377,0
0.851289,0.27016,0
0.883814,0.225594,0
0.882679,0.233257,0
0.925869,0.148262,1.97586
0.930188,0.139624,1.99978
0.929307,0.141385,1.99443
0.933154,0.133693,1.99439
0.922764,0.154471,1.98252
0.9288,0.1424,1.98352
0.924863,0.150273,1.98312
0.931255,0.137489,1.99306
0.925525,0.14895,1.99633
0.939073,0.121854,1.93918
0.92709,0.14582,1.97198
0.932335,0.13533,1.97171
0.931813,0.136375,1.93381
0.929119,0.141763,1.94516
0.925263,0.149474,1.92563
0.935432,0.129136,1.93545
0.925873,0.148255,1.97347
0.93344,0.13312,1.95942
0.925335,0.149331,1.95541
0.928382,0.143236,1.93555
0.937892,0.124217,1.98043
0.933882,0.132236,1.93124
0.927316,0.145368,1.92369
0.935289,0.129422,1.95973
0.931237,0.137525,1.92776
0.931211,0.137577,1.95869
0.926768,0.146465,1.91508
0.927775,0.144449,1.96093
0.930573,0.138854,1.95086
0.925683,0.148634,1.96048
0.936755,0.12649,1.94116
0.928782,0.142436,1.97929
0.924796,0.150408,1.94777
0.936006,0.127988,1.98641
0.937338,0.125324,1.92932
0.926553,0.146893,1.89189
0.930933,0.138135,1.91101
0.928567,0.142865,1.86976
0.936953,0.126093,1.90158
0.930459,0.139083,1.88219
0.939484,0.121032,1.92181
0.936554,0.126893,1.87647
0.927665,0.14467,1.91502
0.937127,0.125746,1.90936
0.93522,0.129559,1.8838
0.927171,0.145658,1.89947
0.939781,0.120438,1.89975
0.930162,0.139676,1.90431
0.929491,0.141018,1.85951
0.931404,0.137192,1.87345
0.936192,0.127616,1.89634
0.927449,0.145101,1.8726
0.933641,0.132718,1.9076
0.93086,0.138281,1.91563
0.934606,0.130787,1.8979
0.936577,0.126846,1.91958
0.933797,0.132405,1.88146
0.935144,0.129711,1.91371
0.932724,0.134552,1.91859
0.927537,0.144927,1.85983
0.931968,0.136065,1.90311
0.937201,0.125598,1.88433
0.931424,0.137152,1.88519
0.938995,0.12201,1.90976
0.931331,0.137339,1.86535
0.92783,0.14434,1.89685
0.935675,0.12865,1.89177
0.934851,0.130299,1.90594
0.927564,0.144871,1.8816
0.931005,0.13799,1.89232
0.938893,0.122214,1.90265
0.930439,0.139123,1.86973
0.932462,0.135075,1.88082
0.938253,0.123494,1.91414
0.145963,0.284594,0
0.157985,0.292348,0
0.165543,0.278775,0
0.160033,0.303799,0
0.151233,0.295106,0
0.162387,0.315761,0
0.154483,0.289874,0
0.164839,0.323366,1.19209e-07
0.148686,0.277569,0
0.153528,0.300145,0
0.160828,0.285218,0
0.158629,0.314028,0
0.163482,0.296142,0
0.159675,0.309439,0
0.1568,0.282101,0
0.18538,0.323332,1.19209e-07
0.205451,0.294459,0
0.2157,0.306209,0
0.16931,0.287579,0
0.175535,0.314773,0
0.212516,0.27913,1.19209e-07
0.19738,0.325122,0
0.192091,0.298269,1.19209e-07
0.177294,0.292192,0
0.210241,0.32086,0
0.186648,0.309599,0
0.1951,0.283659,0
0.181892,0.280439,0
0.200316,0.311742,0
0.166287,0.328571,0
0.219129,0.302397,0
0.198637,0.298997,1.19209e-07
0.190158,0.327888,0
0.211887,0.316676,0
0.1738,0.277736,0
0.183481,0.296901,1.19209e-07
0.205194,0.321901,1.19209e-07
0.216797,0.288925,1.19209e-07
0.172425,0.304437,0
0.202492,0.282317,0
0.180322,0.313991,0
0.168121,0.301417,0
0.219403,0.331124,0
0.193772,0.308265,1.19209e-07
0.188413,0.285406,1.19209e-07
0.207564,0.291006,0
0.17928,0.319321,0
0.20806,0.310101,0
0.178049,0.284183,0
0.189095,0.320047,1.19209e-07
0.194581,0.293207,0
0.220539,0.280988,1.19209e-07
0.168628,0.310881,0
0.203675,0.329246,1.19209e-07
0.180751,0.303781,0
0.216578,0.323851,0
0.17179,0.293872,1.19209e-07
0.20404,0.28714,1.19209e-07
0.183917,0.30652,0
0.211057,0.29757,0
0.172981,0.32605,0
0.191454,0.278541,0
0.199661,0.315116,0
0.186107,0.289499,0
0.206961,0.305289,0
0.170336,0.322294,0
0.214215,0.295558,0
0.197987,0.276942,1.19209e-07
0.193185,0.317404,0
0.174775,0.299744,0
0.213279,0.326815,0
0.182837,0.32988,0
0.201446,0.300394,1.19209e-07
0.217641,0.312901,0
0.16741,0.282158,0
0.209039,0.286446,0
0.176431,0.308042,0
0.187328,0.29022,0
0.196644,0.317869,0
0.223309,0.313935,0
0.272598,0.284986,0
0.238316,0.291659,0
0.255435,0.330231,0
0.229555,0.282895,0
0.265275,0.307852,0
0.254174,0.302887,0
0.243669,0.318387,0
0.234641,0.327604,0
0.267379,0.296298,0
0.249039,0.317578,0
0.248546,0.287759,1.19209e-07
0.225434,0.299309,0
0.275874,0.322197,0
0.23606,0.305256,0
0.260578,0.277379,0
0.273843,0.297524,0
0.227774,0.323592,0
0.236963,0.278105,0
0.261785,0.306809,1.19209e-07
0.23259,0.29399,1.19209e-07
0.268794,0.325675,1.19209e-07
0.245668,0.31495,0
0.250928,0.288276,1.19209e-07
0.258541,0.292674,0
0.240416,0.328765,0
0.270406,0.311435,0
0.222224,0.284637,0
0.263539,0.280843,1.19209e-07
0.231266,0.30963,0
0.252782,0.319773,0
0.243169,0.301445,0
0.268364,0.286852,0
0.232047,0.316233,0
0.25157,0.326941,1.19209e-07
0.246096,0.295668,0
0.273071,0.303862,0
0.227017,0.276599,0
0.237343,0.321527,0
0.2607,0.299978,0
0.242353,0.308228,1.19209e-07
0.253487,0.281587,0
0.262386,0.319225,0
0.229994,0.302954,1.19209e-07
0.221699,0.331328,0
0.269358,0.290435,1.19209e-07
0.257699,0.313161,0
0.240951,0.28606,0
0.224565,0.30604,0
0.274777,0.27958,0
0.258939,0.323685,1.19209e-07
0.235477,0.298171,0
0.247662,0.324892,-1.19209e-07
0.249512,0.295022,-1.19209e-07
0.266612,0.315102,0
0.233748,0.289793,0
0.223811,0.292573,0
0.271374,0.329001,0
0.239507,0.312361,0
0.256429,0.283913,0
0.228699,0.320409,0
0.264917,0.301114,0
0.255318,0.310169,0
0.244818,0.279777,1.19209e-07
0.303959,0.282141,0
0.302502,0.313259,0
0.289468,0.30106,0
0.322004,0.329875,1.19209e-07
0.280744,0.319097,0
0.331107,0.290455,0
0.315555,0.307323,0
0.290512,0.285056,1.19209e-07
0.311619,0.299984,0
0.293815,0.326606,1.19209e-07
0.327604,0.315922,0
0.279072,0.277543,0
0.32069,0.289747,0
0.284598,0.30391,1.19209e-07
0.308975,0.321327,0
0.299815,0.296289,1.19209e-07
0.318588,0.306063,0
0.285886,0.286657,0
0.296847,0.322981,0
0.307525,0.294629,1.19209e-07
0.326001,0.279186,0
0.276963,0.314621,0
0.312934,0.325751,0
0.295276,0.296968,0
0.323851,0.302856,0
0.287691,0.328973,0
0.306049,0.31231,0
0.301431,0.281282,0
0.317314,0.283768,0
0.292921,0.310358,0
0.32935,0.320308,0
0.282704,0.292888,1.19209e-07
0.308146,0.305314,0
0.29855,0.288614,0
0.285055,0.322343,0
0.318276,0.295203,1.19209e-07
0.324712,0.327772,0
0.277028,0.299376,0
0.296585,0.317455,1.19209e-07
0.313793,0.276464,0
0.291788,0.290959,0
0.316085,0.318246,0
0.327931,0.286353,0
0.281847,0.308538,1.19209e-07
0.323085,0.31263,1.19209e-07
0.286742,0.282783,0
0.30056,0.331028,0
0.306512,0.301473,0
0.283366,0.294073,0
0.320054,0.324243,0
0.298645,0.307124,0
0.310062,0.287939,0
0.310808,0.315483,0
0.294448,0.27834,0
0.326892,0.298034,0
0.27855,0.325273,0
0.314843,0.291656,0
0.290941,0.320035,0
0.330372,0.308917,1.19209e-07
0.279877,0.284422,0
0.288949,0.311243,0
0.321131,0.279649,1.19209e-07
0.302937,0.302248,0
0.304659,0.328428,0
0.362989,0.308621,0
0.353044,0.282149,0
0.341548,0.317627,1.19209e-07
0.375368,0.301736,0
0.38079,0.331092,1.19209e-07
0.334483,0.291225,1.19209e-07
0.350623,0.312909,1.19209e-07
0.368366,0.285781,1.19209e-07
0.345476,0.298525,0
0.371502,0.322195,0
0.335681,0.305048,1.19209e-07
0.385729,0.276471,0
0.344768,0.286653,0
0.377119,0.31737,0
0.356716,0.327525,1.19209e-07
0.359548,0.293375,0
0.343151,0.315472,0
0.379303,0.288652,1.19209e-07
0.358805,0.296644,0
0.361459,0.325657,0
0.347294,0.324149,1.19209e-07
0.370359,0.297505,0
0.337736,0.278737,0
0.384107,0.305825,1.19209e-07
0.339598,0.302359,1.19209e-07
0.373115,0.31985,1.19209e-07
0.354189,0.309474,0
0.364062,0.279639,0
0.382299,0.293273,0
0.332539,0.328198,1.19209e-07
0.348959,0.283319,0
0.366014,0.310964,0
0.375147,0.309798,0
0.340573,0.280767,0
0.352354,0.32053,0
0.363176,0.303307,0
0.333861,0.311594,0
0.379972,0.283834,0
0.351423,0.292196,1.19209e-07
0.367611,0.329305,1.19209e-07
0.346184,0.307094,0
0.37183,0.27802,1.19209e-07
0.385495,0.323375,0
0.334891,0.298444,0
0.356092,0.289083,0
0.359726,0.314149,0
0.344168,0.325081,0
0.376488,0.295254,0
0.378469,0.326239,0
0.341904,0.294752,0
0.357502,0.315711,0
0.360889,0.287462,0
0.369298,0.304427,0
0.347777,0.277641,1.19209e-07
0.336648,0.321205,0
0.3832,0.300121,1.19209e-07
0.37392,0.281675,0
0.338308,0.30715,0
0.365595,0.318627,0
0.355276,0.300737,0
0.381628,0.313638,1.19209e-07
0.332114,0.285389,0
0.349609,0.329815,0
0.367193,0.29002,0
0.418444,0.288297,0
0.407447,0.315806,0
0.434477,0.322297,0
0.399853,0.299097,0
0.406639,0.276181,0
0.422578,0.305265,1.19209e-07
0.441211,0.293644,0
0.390812,0.324935,0
0.415268,0.330119,0
0.410748,0.291245,0
0.394288,0.308081,0
0.430914,0.280032,1.19209e-07
0.389523,0.285889,1.19209e-07
0.435664,0.310749,0
0.424478,0.303277,1.19209e-07
0.402209,0.31849,0
0.416676,0.292435,0
0.413173,0.328239,0
0.428633,0.309247,1.19209e-07
0.396473,0.282676,0
0.437496,0.283899,0
0.3873,0.312618,0
0.426226,0.319643,0
0.401469,0.301092,0
0.404471,0.3052,1.19209e-07
0.420998,0.278965,1.19209e-07
0.439312,0.327237,0
0.392593,0.295123,0
0.396763,0.323551,0
0.432264,0.297722,0
0.419643,0.315305,0
0.40934,0.28701,0
0.430102,0.328758,1.19209e-07
0.393576,0.292075,0
0.414708,0.281795,0
0.411893,0.310082,0
0.434857,0.300789,1.19209e-07
0.388383,0.320024,0
0.403635,0.283433,0
0.425171,0.313176,0
0.417695,0.323019,0
0.408377,0.297243,0
0.433345,0.287902,0
0.398796,0.314279,1.19209e-07
0.390667,0.278323,0
0.440601,0.303787,0
0.405532,0.32665,0
0.423597,0.295998,0
0.421851,0.325078,0
0.404707,0.294797,0
0.39193,0.306394,0
0.438157,0.277391,1.19209e-07
0.420622,0.299433,0
0.409944,0.321304,0
0.431811,0.316446,0
0.398346,0.289787,0
0.428348,0.290554,0
0.395635,0.330909,1.19209e-07
0.412591,0.281104,0
0.416127,0.30736,1.19209e-07
0.436392,0.317874,0
0.386464,0.302485,0
0.427679,0.285339,1.19209e-07
0.400335,0.312135,0
0.48478,0.311421,0
0.448541,0.285469,1.19209e-07
0.470765,0.303229,0
0.466543,0.32046,1.19209e-07
0.443569,0.307955,0
0.490313,0.280221,0
0.479486,0.329775,0
0.45549,0.291392,0
0.464981,0.275955,1.19209e-07
0.475483,0.306199,1.19209e-07
0.486445,0.293935,0
0.454254,0.326257,0
0.44674,0.299021,0
0.495949,0.322156,1.19209e-07
0.477582,0.289466,0
0.460159,0.315857,0
0.445339,0.324042,1.19209e-07
0.493856,0.296891,0
0.478498,0.315466,1.19209e-07
0.460713,0.286987,0
0.452471,0.29523,0
0.488045,0.325417,0
0.463309,0.304381,0
0.472536,0.277723,0
0.468414,0.30112,0
0.469838,0.317787,0
0.450173,0.312746,0
0.483587,0.28297,0
0.482009,0.291774,1.19209e-07
0.457715,0.327627,0
0.442167,0.282455,0
0.491542,0.309368,0
0.444816,0.292994,0
0.490946,0.328958,0
0.480189,0.281509,1.19209e-07
0.456868,0.309881,1.19209e-07
0.449438,0.318977,0
0.485725,0.300008,0
0.466038,0.284456,0
0.471842,0.313061,0
0.487047,0.303753,0
0.454795,0.27926,1.19209e-07
0.474418,0.296196,0
0.464048,0.324249,0
0.448001,0.314371,0
0.495425,0.287599,0
0.475825,0.322559,0
0.459222,0.298072,0
0.446546,0.288632,1.19209e-07
0.493903,0.31652,1.19209e-07
0.478355,0.299913,0
0.46122,0.321403,1.19209e-07
0.473377,0.327458,1.19209e-07
0.462436,0.294553,0
0.453147,0.305653,0
0.489261,0.277161,0
0.481678,0.307126,0
0.45844,0.279977,1.19209e-07
0.442907,0.33089,1.19209e-07
0.492355,0.289933,0
0.467658,0.310345,0
0.469528,0.285367,0
0.451075,0.302524,1.19209e-07
0.483713,0.319189,0
0.511322,0.308654,1.19209e-07
0.531134,0.282592,0
0.550463,0.32814,1.19209e-07
0.498478,0.291895,1.19209e-07
0.518426,0.2833,0
0.527279,0.312251,0
0.507312,0.317725,0
0.538275,0.301107,0
0.528742,0.295427,0
0.523582,0.325124,0
0.542528,0.30417,0
0.50549,0.278028,1.19209e-07
0.53703,0.323364,0
0.514676,0.297254,1.19209e-07
0.502536,0.315417,0
0.548009,0.28678,1.19209e-07
0.548008,0.290471,0
0.498084,0.329646,0
0.53414,0.307674,0
0.51291,0.280806,0
0.540943,0.319797,0
0.509033,0.302976,0
0.520035,0.311459,0
0.525202,0.285721,0
0.530645,0.32623,0
0.522085,0.293678,0
0.503768,0.306704,1.19209e-07
0.543262,0.276607,0
0.516444,0.322071,0
0.535796,0.298632,1.19209e-07
0.501112,0.289438,0
0.544657,0.315678,0
0.532652,0.292171,0
0.512269,0.328619,0
0.54964,0.309734,0
0.4971,0.281673,0
0.509803,0.313658,1.19209e-07
0.540293,0.283892,0
0.518928,0.299967,0
0.524505,0.318675,0
0.52921,0.278791,0
0.521218,0.303624,0
0.504834,0.295821,1.19209e-07
0.544417,0.324586,0
0.499949,0.322868,0
0.54615,0.297465,1.19209e-07
0.534839,0.314195,0
0.515595,0.287587,0
0.502207,0.29967,1.19209e-07
0.546755,0.321079,0
0.514109,0.316401,0
0.536135,0.288424,0
0.527908,0.305354,0
0.522963,0.277081,1.19209e-07
0.541978,0.294362,1.19209e-07
0.506561,0.326688,0
0.510901,0.290119,0
0.532121,0.330741,1.19209e-07
0.550658,0.279517,0
0.499225,0.307203,0
0.51711,0.31951,1.19209e-07
0.52624,0.302445,0
0.50828,0.284783,1.19209e-07
0.538931,0.310189,1.19209e-07
0.593541,0.29049,1.19209e-07
0.56327,0.328961,0
0.583896,0.309771,0
0.57853,0.280198,0
0.591926,0.285128,1.19209e-07
0.569477,0.313421,0
0.605548,0.317147,0
0.552053,0.303128,0
0.57506,0.320715,0
0.581194,0.29809,1.19209e-07
0.5962,0.314419,0
0.558967,0.287953,1.19209e-07
0.586675,0.326807,0
0.567923,0.293208,1.19209e-07
0.60152,0.276495,0
0.55656,0.303842,0
0.576722,0.307156,0
0.585055,0.281243,1.19209e-07
0.565033,0.292683,0
0.595009,0.329309,0
0.571257,0.283551,1.19209e-07
0.590001,0.310855,0
0.603645,0.300069,1.19209e-07
0.553491,0.318915,1.19209e-07
0.561121,0.316843,0
0.598445,0.286189,1.19209e-07
0.579771,0.3235,1.19209e-07
0.573526,0.296427,1.19209e-07
0.58885,0.294689,1.19209e-07
0.566762,0.325196,0
0.555155,0.277541,0
0.60042,0.305903,0
0.579431,0.289196,1.19209e-07
0.572597,0.314041,0
0.598755,0.321965,0
0.560248,0.299245,0
0.587532,0.304847,0
0.565758,0.276124,0
0.555688,0.325977,0
0.599759,0.294037,0
0.604049,0.312298,1.19209e-07
0.554258,0.284917,0
0.570516,0.317931,0
0.58977,0.301748,1.19209e-07
0.595564,0.279619,0
0.563898,0.309079,0
0.584053,0.32733,0
0.576067,0.289613,1.19209e-07
0.577375,0.329966,0
0.58302,0.291887,0
0.561913,0.282364,0
0.592802,0.30768,0
0.604774,0.282538,0
0.552541,0.311261,0
0.590935,0.320008,0
0.568755,0.301311,0
0.581764,0.315764,1.19209e-07
0.573772,0.287489,0
0.597583,0.297951,0
0.559846,0.322208,0
0.585901,0.278583,0
0.567297,0.305324,0
0.557746,0.296341,1.19209e-07
0.602469,0.324141,0
0.610467,0.324159,0
0.655134,0.299378,1.19209e-07
0.644275,0.303303,1.19209e-07
0.625871,0.289008,0
0.614189,0.294376,1.19209e-07
0.653402,0.321002,0
0.630401,0.315215,0
0.639543,0.277074,0
0.629203,0.301819,1.19209e-07
0.633836,0.329763,0
0.649347,0.285768,0
0.619497,0.308048,1.19209e-07
0.622347,0.319572,0
0.642937,0.290797,1.19209e-07
0.606529,0.279481,0
0.658688,0.311187,0
0.635644,0.300261,0
0.627571,0.327556,1.19209e-07
0.617634,0.28289,0
0.649005,0.309771,0
0.609351,0.312091,0
0.660878,0.281189,0
0.641452,0.317085,0
0.620355,0.291762,0
0.615816,0.322941,1.19209e-07
0.651086,0.294931,0
0.632295,0.278663,0
0.637365,0.314088,0
0.611674,0.297557,1.19209e-07
0.656037,0.325886,0
0.64633,0.287472,0
0.623591,0.30648,1.19209e-07
0.638281,0.293562,0
0.63314,0.321818,0
0.615545,0.275805,0
0.651886,0.316748,0
0.657184,0.287877,1.19209e-07
0.612762,0.304744,0
0.625035,0.29832,0
0.646894,0.32472,0
0.616886,0.329765,1.19209e-07
0.647527,0.302646,1.19209e-07
0.636546,0.306741,1.19209e-07
0.62803,0.28428,1.19209e-07
0.659447,0.319008,0
0.608618,0.289552,0
0.641289,0.280194,0
0.621567,0.310625,0
0.626715,0.326504,0
0.645046,0.29636,0
0.654737,0.304917,0
0.611195,0.286668,0
0.61318,0.31487,0
0.653051,0.277912,1.19209e-07
0.639994,0.322211,0
0.631475,0.295991,0
0.643351,0.312967,0
0.623205,0.282302,0
0.658232,0.292227,0
0.607202,0.318117,0
0.629853,0.308838,0
0.635322,0.283801,1.19209e-07
0.650146,0.328199,0
0.618415,0.300737,0
0.713473,0.276675,0
0.662016,0.305287,0
0.695356,0.326895,0
0.676838,0.294102,0
0.705348,0.315823,1.19209e-07
0.674167,0.288108,0
0.683116,0.320812,0
0.689256,0.299365,0
0.669858,0.330416,0
0.707826,0.289472,1.19209e-07
0.692376,0.306665,1.19209e-07
0.687594,0.279479,0
0.664499,0.302104,1.19209e-07
0.712103,0.318617,0
0.678215,0.309918,0
0.700572,0.284805,0
0.715135,0.303224,1.19209e-07
0.663099,0.278903,0
0.697787,0.295697,1.19209e-07
0.675442,0.323687,0
0.672657,0.313741,0
0.702548,0.287089,0
0.690673,0.322023,0
0.683706,0.297422,1.19209e-07
0.685388,0.309222,0
0.694274,0.281065,0
0.706188,0.328279,0
0.669291,0.292504,0
0.680366,0.283829,0
0.698954,0.312486,1.19209e-07
0.667808,0.318322,1.19209e-07
0.70998,0.29942,0
0.70161,0.31717,0
0.679128,0.300691,0
0.710963,0.282232,0
0.665702,0.312017,0
0.670617,0.282076,1.19209e-07
0.708273,0.308814,0
0.687971,0.327113,0
0.692789,0.291283,0
0.704351,0.296247,0
0.673424,0.323426,0
0.689599,0.314797,1.19209e-07
0.681854,0.286486,0
0.69677,0.277154,0
0.677463,0.303923,0
0.712332,0.324912,0
0.661859,0.294636,0
0.666521,0.285003,1.19209e-07
0.708956,0.310962,0
0.681331,0.319875,0
0.699926,0.302476,0
0.694964,0.329257,0
0.686039,0.290821,0
0.70688,0.279723,0
0.668143,0.307368,0
0.691852,0.28895,0
0.684741,0.315248,0
0.671653,0.298552,0
0.703115,0.321658,0
0.714168,0.293324,0
0.663936,0.325672,1.19209e-07
0.675816,0.275486,1.19209e-07
0.698415,0.305604,0
0.747628,0.28327,0
0.737188,0.310286,1.19209e-07
0.76271,0.318175,1.19209e-07
0.727387,0.299551,0
0.735819,0.280449,0
0.75023,0.306926,0
0.768272,0.292133,0
0.721688,0.328861,1.19209e-07
0.743552,0.324912,0
0.740204,0.294212,1.19209e-07
0.759763,0.276977,1.19209e-07
0.724504,0.305586,0
0.76666,0.316173,1.19209e-07
0.716866,0.285711,1.19209e-07
0.755102,0.29616,1.19209e-07
0.73184,0.323012,1.19209e-07
0.738296,0.28505,0
0.749489,0.312726,0
0.761633,0.302422,0
0.728751,0.316564,1.19209e-07
0.720723,0.290354,0
0.769787,0.32816,0
0.751747,0.279579,0
0.733053,0.309274,1.19209e-07
0.741566,0.32597,0
0.745875,0.292723,0
0.758423,0.303389,1.19209e-07
0.724092,0.276483,0
0.730698,0.297822,0
0.753379,0.320015,0
0.718488,0.314296,0
0.76508,0.287478,0
0.740775,0.304072,0
0.744748,0.275252,0
0.759137,0.325376,0
0.725948,0.293382,0
0.756026,0.313778,0
0.732147,0.288936,0
0.765491,0.298409,0
0.716123,0.321624,0
0.747024,0.317742,0
0.736555,0.301284,1.19209e-07
0.726825,0.311869,0
0.76239,0.284553,1.19209e-07
0.721052,0.279296,0
0.767109,0.308359,0
0.751546,0.289016,1.19209e-07
0.734574,0.327134,0
0.742801,0.27799,0
0.745196,0.304505,0
0.757355,0.295502,1.19209e-07
0.722895,0.323597,0
0.71817,0.297389,0
0.764309,0.321693,1.19209e-07
0.754441,0.286946,0
0.729662,0.315664,0
0.739259,0.31954,1.19209e-07
0.748886,0.300904,0
0.760859,0.310538,0
0.728184,0.282413,1.19209e-07
0.752604,0.329387,0
0.73457,0.291366,0
0.769067,0.281962,1.19209e-07
0.719536,0.30745,0
0.803654,0.298907,0
0.795255,0.320078,0
0.816866,0.31622,1.19209e-07
0.777589,0.288083,1.19209e-07
0.808735,0.324808,0
0.790626,0.293336,0
0.775211,0.305867,0
0.81895,0.276184,0
0.787239,0.31041,1.19209e-07
0.807119,0.283735,0
0.771363,0.301198,1.19209e-07
0.822241,0.316487,1.19209e-07
0.799098,0.306493,0
0.793942,0.279486,0
0.782551,0.329488,0
0.814062,0.288857,0
0.772684,0.319733,0
0.823372,0.299206,0
0.805086,0.312628,0
0.78543,0.282328,0
0.811637,0.328029,1.19209e-07
0.780937,0.290893,0
0.800399,0.280458,0
0.791958,0.308936,0
0.810957,0.29547,1.19209e-07
0.788993,0.325115,1.19209e-07
0.820859,0.303049,1.19209e-07
0.777094,0.27716,0
0.77949,0.313427,1.19209e-07
0.816004,0.286306,0
0.797062,0.295992,1.19209e-07
0.802288,0.321783,1.19209e-07
0.773866,0.285049,0
0.824855,0.30986,0
0.78404,0.317764,0
0.805663,0.30194,0
0.791559,0.289967,0
0.799559,0.32842,0
0.781811,0.307589,1.19209e-07
0.812674,0.278708,0
0.780005,0.297661,0
0.814688,0.320708,1.19209e-07
0.801486,0.287723,0
0.795993,0.315267,1.19209e-07
0.787871,0.275799,1.19209e-07
0.810437,0.305094,0
0.820271,0.292613,0
0.775741,0.323411,0
0.793173,0.326907,-1.19209e-07
0.798002,0.292205,0
0.783655,0.281398,1.19209e-07
0.813096,0.307954,1.19209e-07
0.806797,0.31825,0
0.786255,0.300791,0
0.770663,0.311684,0
0.822587,0.283426,0
0.789864,0.303535,1.19209e-07
0.808297,0.278084,0
0.774616,0.294807,0
0.819018,0.326045,0
0.794325,0.285591,0
0.803451,0.313979,0
0.817421,0.29711,0
0.778336,0.323097,1.19209e-07
0.832316,0.329572,1.19209e-07
0.849162,0.280067,0
0.84409,0.30627,0
0.830511,0.291603,0
0.839339,0.296587,0
0.827909,0.315958,1.19209e-07
0.836773,0.287761,0
0.837747,0.304542,0
0.846178,0.294329,0
0.82576,0.275617,0
0.834366,0.300344,0
0.855841,0.281415,0
0.842833,0.283161,0
0.829463,0.317951,1.19209e-07
0.839903,0.312806,1.19209e-07
0.827031,0.298526,0
0.835092,0.322127,1.19209e-07
0.847666,0.28664,0
0.845054,0.28874,0
0.831702,0.309281,0
0.833114,0.280492,0
0.829114,0.284884,0
0.834131,0.312598,1.19209e-07
0.837619,0.292285,0
0.853396,0.288368,0
0.846367,0.302463,1.19209e-07
0.84172,0.276859,1.19209e-07
0.826481,0.325301,0
0.908604,0.182792,1.97459
0.909117,0.181766,1.94751
0.914028,0.171945,1.97755
0.91602,0.167959,1.95954
0.913299,0.173402,1.9729
0.920061,0.159877,1.98765
0.913073,0.173855,1.9871
0.9222,0.1556,1.97756
0.910837,0.178325,1.9965
0.917562,0.164876,1.97651
0.909043,0.181914,1.98544
0.917607,0.164785,1.98561
0.919321,0.161358,1.97863
0.913571,0.172857,1.99876
0.921595,0.156811,1.99709
0.911238,0.177524,1.97704
0.909998,0.180004,1.9502
0.917862,0.164275,1.96033
0.90885,0.1823,1.99812
0.91504,0.169919,1.97239
0.920229,0.159542,1.97775
0.922235,0.15553,1.93654
0.920969,0.158062,1.912
0.913103,0.173793,1.93409
0.923731,0.152538,1.92638
0.923042,0.153915,1.9591
0.914981,0.170038,1.9009
0.918104,0.163793,1.93276
0.913729,0.172541,1.93735
0.91775,0.164501,1.89911
0.920112,0.159776,1.96159
0.911717,0.176565,1.9247
0.919788,0.160424,1.91963
0.922264,0.155472,1.94916
0.918147,0.163707,1.94763
0.92434,0.15132,1.93441
0.911309,0.177383,1.94388
0.920733,0.158534,1.94297
0.913517,0.172967,1.91573
0.922031,0.155939,1.95996
0.910205,0.179591,1.92242
0.914579,0.170842,1.91302
0.923199,0.153603,1.94286
0.918079,0.163842,1.95612
0.921766,0.156468,1.92601
0.913243,0.173513,1.91656
0.921226,0.157548,1.95267
0.914428,0.171143,1.94585
0.911761,0.176478,1.89967
0.920886,0.158229,1.89343
0.918997,0.162005,1.87028
0.913662,0.172677,1.88021
0.921624,0.156752,1.84953
0.915054,0.169892,1.87363
0.923166,0.153667,1.86557
0.913726,0.172547,1.8543
0.919963,0.160073,1.86835
0.918252,0.163496,1.84914
0.91736,0.16528,1.89377
0.914531,0.170937,1.87762
0.923026,0.153948,1.87677
0.916269,0.167462,1.8719
0.915245,0.16951,1.83481
0.924585,0.15083,1.88468
0.917988,0.164025,1.86373
0.917853,0.164293,1.87601
0.926519,0.146963,1.85844
0.920449,0.159102,1.88012
0.914981,0.170037,1.84488
0.923009,0.153982,1.89542
0.921813,0.156373,1.86733
0.923471,0.153058,1.84846
0.913981,0.172038,1.8419
0.91547,0.169059,1.85266
0.918492,0.163015,1.88743
0.925571,0.148857,1.90369
0.213763,0.354252,1.19209e-07
0.195033,0.359662,0
0.186832,0.344238,0
0.202019,0.331917,1.19209e-07
0.214504,0.376259,0
0.183768,0.358575,1.19209e-07
0.205698,0.386031,1.19209e-07
0.217565,0.341163,1.19209e-07
0.178802,0.33634,0
0.208415,0.367159,0
0.197583,0.346806,0
0.192284,0.375667,1.19209e-07
0.199275,0.37293,0
0.190514,0.347685,1.19209e-07
0.209818,0.337754,0
0.203995,0.357014,0
0.219277,0.364917,0
0.212097,0.382512,1.19209e-07
0.188945,0.361934,0
0.194156,0.342378,0
0.200619,0.370321,0
0.180623,0.333903,0
0.216678,0.351016,0
0.189806,0.354752,0
0.194483,0.37977,1.19209e-07
0.211049,0.345003,-1.19209e-07
0.201795,0.34939,0
0.170955,0.332995,0
0.215718,0.37166,0
0.205119,0.363847,0
0.185677,0.340625,1.19209e-07
0.220839,0.357429,0
0.200071,0.335706,0
0.191495,0.366443,0
0.209339,0.374877,0
0.177745,0.345458,0
0.196204,0.353226,0
0.213066,0.361423,0
0.175842,0.343005,0
0.215428,0.334335,0
0.182518,0.35195,0
0.203044,0.37862,0
0.218575,0.384683,0
0.18458,0.365331,0
0.206573,0.339332,0
0.198056,0.369297,0
0.192876,0.336885,0
0.207727,0.34782,0
0.274948,0.366185,0
0.224447,0.336796,0
0.236291,0.383926,0
0.259402,0.356088,0
0.232976,0.365777,0
0.265967,0.34005,1.19209e-07
0.248144,0.345597,0
0.249632,0.374833,0
0.222622,0.378241,0
0.271577,0.35139,0
0.255486,0.361033,1.19209e-07
0.239806,0.343093,0
0.243453,0.369313,0
0.254875,0.334601,0
0.264432,0.379813,0
0.228389,0.355409,0
0.242905,0.331761,0
0.253057,0.371336,1.19209e-07
0.262567,0.353081,0
0.229603,0.381558,0
0.269626,0.377178,0
0.222417,0.34923,0
0.240872,0.359131,1.19209e-07
0.258634,0.344649,0
0.226561,0.3692,0
0.273419,0.335001,1.19209e-07
0.261185,0.385755,1.19209e-07
0.236622,0.358824,0
0.25169,0.348489,0
0.245405,0.373982,0
0.231697,0.339848,1.19209e-07
0.267684,0.363309,0
0.257947,0.379088,0
0.240691,0.350728,0
0.221211,0.362248,1.19209e-07
0.270112,0.342067,1.19209e-07
0.230692,0.333488,0
0.263784,0.370773,0
0.252292,0.354322,0
0.242011,0.381272,0
0.26841,0.346183,1.19209e-07
0.232462,0.375857,0
0.25042,0.364956,0
0.245958,0.341139,0
0.261746,0.338193,1.19209e-07
0.237703,0.367234,1.19209e-07
0.2738,0.38307,0
0.227788,0.356767,0
0.254011,0.38274,0
0.244288,0.35268,1.19209e-07
0.228937,0.372227,0
0.26563,0.332656,0
0.238263,0.376508,0
0.256534,0.350246,1.19209e-07
0.224176,0.343458,1.19209e-07
0.272249,0.360139,1.19209e-07
0.275922,0.357967,1.19209e-07
0.225498,0.38531,0
0.234882,0.335749,0
0.260473,0.367598,1.19209e-07
0.266585,0.37349,0
0.234553,0.347632,1.19209e-07
0.248855,0.338336,0
0.246919,0.36268,1.19209e-07
0.287012,0.341435,0
0.323104,0.366275,0
0.309386,0.347454,0
0.297795,0.383692,0
0.310947,0.374966,0
0.293534,0.357053,0
0.281447,0.365534,0
0.328205,0.33655,0
0.326957,0.380643,1.19209e-07
0.277943,0.351088,1.19209e-07
0.290973,0.370523,0
0.31562,0.342729,0
0.303291,0.332585,0
0.307037,0.362271,0
0.318006,0.354834,0
0.285236,0.379199,0
0.279742,0.336387,1.19209e-07
0.330053,0.363036,0
0.295234,0.373421,0
0.313404,0.358142,1.19209e-07
0.288708,0.368349,0
0.321369,0.339307,0
0.308305,0.385144,0
0.300097,0.346303,0
0.283288,0.352612,1.19209e-07
0.319239,0.377233,1.19209e-07
0.304209,0.333056,1.19209e-07
0.301852,0.359621,0
0.276301,0.382018,0
0.324954,0.349258,0
0.292279,0.343481,0
0.316944,0.372345,0
0.329008,0.373832,1.19209e-07
0.282914,0.357918,0
0.312184,0.335524,0
0.294771,0.363843,0
0.287716,0.385832,0
0.324086,0.345737,0
0.310234,0.368571,0
0.297451,0.338288,0
0.285786,0.334369,0
0.318859,0.359728,1.19209e-07
0.305387,0.3536,1.19209e-07
0.302616,0.376379,0
0.326869,0.344871,1.19209e-07
0.279101,0.371522,0
0.314195,0.382123,0
0.290182,0.34977,0
0.321818,0.384572,0
0.28976,0.347721,0
0.299274,0.366661,1.19209e-07
0.307982,0.339925,1.19209e-07
0.330991,0.355821,0
0.28038,0.376054,0
0.313001,0.364811,0
0.295952,0.337692,1.19209e-07
0.277012,0.342017,0
0.32528,0.369177,0
0.293084,0.38012,0
0.316385,0.351597,0
0.320624,0.331489,0
0.28385,0.360844,0
0.300812,0.354304,1.19209e-07
0.305243,0.378564,1.19209e-07
0.363418,0.377968,0
0.351917,0.352313,1.19209e-07
0.343209,0.361551,0
0.379025,0.333512,0
0.350424,0.380984,0
0.366312,0.348621,0
0.338075,0.343788,1.19209e-07
0.384504,0.369437,0
0.341392,0.348147,0
0.375186,0.383212,1.19209e-07
0.355449,0.365996,0
0.360322,0.339264,1.19209e-07
0.371337,0.364332,0
0.348416,0.33621,0
0.3823,0.356965,0
0.332312,0.374386,0
0.364948,0.35394,1.19209e-07
0.355085,0.37751,0
0.37694,0.359618,0
0.344499,0.332789,0
0.33614,0.372052,0
0.385954,0.343159,0
0.34984,0.35178,0
0.367583,0.382093,0
0.360817,0.368345,1.19209e-07
0.357738,0.340454,0
0.373746,0.346199,0
0.338481,0.38474,0
0.345471,0.362437,0
0.36963,0.337364,1.19209e-07
0.380854,0.372784,0
0.334472,0.357346,0
0.377686,0.376092,0
0.34202,0.35449,1.19209e-07
0.353507,0.35923,0
0.362438,0.332063,0
0.367007,0.371469,0
0.351727,0.342286,0
0.336517,0.381508,0
0.383658,0.350278,0
0.339981,0.367802,1.19209e-07
0.374558,0.34148,0
0.35695,0.345087,0
0.359225,0.38584,0
0.381163,0.363484,1.19209e-07
0.331689,0.336891,0
0.347404,0.373791,1.19209e-07
0.372245,0.358335,0
0.36439,0.360651,1.19209e-07
0.35412,0.334046,0
0.376603,0.353523,1.19209e-07
0.343269,0.379087,0
0.335241,0.349716,0
0.385352,0.380112,0
0.349129,0.370439,0
0.369085,0.344196,0
0.339599,0.338555,0
0.37328,0.366752,0
0.361385,0.346964,0
0.358065,0.384582,0
0.333404,0.365497,0
0.379615,0.335101,0
0.346148,0.355621,1.19209e-07
0.370391,0.375848,0
0.386393,0.379654,1.19209e-07
0.436214,0.351222,0
0.427111,0.369832,0
0.401701,0.341922,0
0.428056,0.377662,0
0.394932,0.352117,1.19209e-07
0.416391,0.332167,0
0.413805,0.360571,0
0.421812,0.355598,1.19209e-07
0.403647,0.3758,0
0.438715,0.36468,0
0.391978,0.338013,0
0.396718,0.366664,0
0.431833,0.341184,0
0.410296,0.346553,0
0.419291,0.383907,1.19209e-07
0.414637,0.358997,0
0.410604,0.334432,0
0.393902,0.376065,0
0.429822,0.354854,1.19209e-07
0.388214,0.349712,0
0.434436,0.380998,0
0.425843,0.344083,0
0.401806,0.370829,0
0.399863,0.338536,0
0.433206,0.367494,0
0.418936,0.346836,0
0.408135,0.385944,1.19209e-07
0.389752,0.363189,0
0.439698,0.33523,1.19209e-07
0.406419,0.357031,0
0.423379,0.372806,0
0.433774,0.344848,0
0.398522,0.382801,0
0.418072,0.366113,0
0.407754,0.340545,0
0.422901,0.336765,0
0.405813,0.364411,0
0.440944,0.374333,0
0.390614,0.356239,0
0.394814,0.331627,1.19209e-07
0.430392,0.361814,0
0.411602,0.378673,1.19209e-07
0.414806,0.353321,0
0.435476,0.343004,0
0.388949,0.369459,1.19209e-07
0.40268,0.350463,0
0.424477,0.380548,1.19209e-07
0.412513,0.353653,0
0.41693,0.377435,0
0.429093,0.333384,0
0.395836,0.360088,0
0.400291,0.382632,0
0.426132,0.348644,0
0.387657,0.343433,0
0.437426,0.371839,1.19209e-07
0.420793,0.36225,0
0.404677,0.335708,0
0.392319,0.374018,1.19209e-07
0.439349,0.358336,1.19209e-07
0.42027,0.338848,0
0.409022,0.368574,1.19209e-07
0.432376,0.385245,0
0.397996,0.347587,1.19209e-07
0.442609,0.332184,1.19209e-07
0.49233,0.361015,0
0.481342,0.352865,0
0.456193,0.378079,1.19209e-07
0.484154,0.342905,1.19209e-07
0.451401,0.369634,0
0.472173,0.379839,0
0.468047,0.350967,0
0.487479,0.374621,0
0.452227,0.355987,0
0.463731,0.365156,0
0.474617,0.336228,1.19209e-07
0.494176,0.345301,0
0.447416,0.383764,0
0.476028,0.36607,0
0.458824,0.339812,0
0.479513,0.376372,0
0.457285,0.354146,0
0.444063,0.359118,0
0.490576,0.333981,0
0.485765,0.371865,0
0.449335,0.343126,0
0.466103,0.381377,0
0.470307,0.3498,0
0.454288,0.373461,0
0.48937,0.357595,1.19209e-07
0.462851,0.335702,0
0.473151,0.363343,0
0.477776,0.338944,0
0.461249,0.368664,1.19209e-07
0.495848,0.385694,0
0.4462,0.347748,0
0.495366,0.340856,1.19209e-07
0.445011,0.366389,0
0.478658,0.382853,0
0.460327,0.346448,0
0.472598,0.356171,0
0.462803,0.375035,0
0.488179,0.364197,0
0.454217,0.33771,0
0.480346,0.330981,1.19209e-07
0.457776,0.361433,0
0.48954,0.378649,0
0.443853,0.352399,0
0.466464,0.342055,0
0.469621,0.370429,0
0.485021,0.350581,0
0.448433,0.380507,0
0.482886,0.382443,1.19209e-07
0.450711,0.348797,0
0.467393,0.371227,1.19209e-07
0.470911,0.344173,1.19209e-07
0.455196,0.33277,1.19209e-07
0.481863,0.359397,0
0.491406,0.354345,0
0.441666,0.377411,0
0.446865,0.338304,0
0.493637,0.367394,0
0.45981,0.385127,0
0.476838,0.347104,0
0.475527,0.372879,0
0.465326,0.358322,0
0.486261,0.334709,0
0.45289,0.362173,1.19209e-07
0.530319,0.373645,1.19209e-07
0.521387,0.356699,1.19209e-07
0.542374,0.339692,0
0.503485,0.36695,0
0.50184,0.334731,0
0.54448,0.362857,0
0.516578,0.3856,0
0.535402,0.344991,0
0.527217,0.331278,0
0.520113,0.360561,0
0.53845,0.379087,0
0.506986,0.349784,0
0.533762,0.371029,0
0.511082,0.343861,0
0.499211,0.375911,1.19209e-07
0.549608,0.353583,1.19209e-07
0.543671,0.368015,1.19209e-07
0.505888,0.33796,0
0.528206,0.355274,0
0.523348,0.374294,0
0.536937,0.383644,0
0.514473,0.346584,0
0.54642,0.337046,0
0.501014,0.364248,0
0.508741,0.382357,0
0.53974,0.350712,0
0.52507,0.360058,0
0.517165,0.333875,0
0.547887,0.377498,0
0.497185,0.353233,0
0.532207,0.342176,0
0.512732,0.370311,1.19209e-07
0.537939,0.333329,0
0.508016,0.359148,0
0.526094,0.380825,0
0.519106,0.350108,0
0.510728,0.378315,0
0.533255,0.351585,0
0.498405,0.341777,1.19209e-07
0.550527,0.369415,0
0.545432,0.347495,1.19209e-07
0.503042,0.382562,0
0.515713,0.336408,0
0.534341,0.365162,0
0.520694,0.367617,1.19209e-07
0.52966,0.339143,0
0.541633,0.375123,0
0.504589,0.356198,0
0.548863,0.342929,0
0.497203,0.371766,0
0.512175,0.354618,1.19209e-07
0.530783,0.377288,0
0.518419,0.380218,0
0.524666,0.348916,0
0.540759,0.361094,0
0.509558,0.332318,1.19209e-07
0.505119,0.37255,1.19209e-07
0.54328,0.358181,0
0.522896,0.341125,0
0.527748,0.365819,1.19209e-07
0.513506,0.36225,0
0.536098,0.335499,0
0.499858,0.346226,0
0.547593,0.384538,0
0.575691,0.343674,0
0.582471,0.371473,1.19209e-07
0.563658,0.375976,0
0.595431,0.354477,1.19209e-07
0.59159,0.331804,0
0.568784,0.361105,0
0.552834,0.349628,1.19209e-07
0.603105,0.380261,0
0.585912,0.372009,0
0.567141,0.35732,0
0.557708,0.366092,0
0.600723,0.339298,0
0.572105,0.385349,1.19209e-07
0.58123,0.345242,1.19209e-07
0.560161,0.335868,0
0.599015,0.361948,0
0.556066,0.33794,0
0.601762,0.367705,0
0.565763,0.37531,0
0.58808,0.355018,1.19209e-07
0.578643,0.383896,0
0.574036,0.346615,1.19209e-07
0.596349,0.336512,0
0.558915,0.365087,0
0.570425,0.332514,1.19209e-07
0.58981,0.358682,1.19209e-07
0.605576,0.350705,0
0.554251,0.381437,0
0.577695,0.369252,1.19209e-07
0.585329,0.342438,1.19209e-07
0.56255,0.351445,0
0.593218,0.377441,1.19209e-07
0.594157,0.369508,1.19209e-07
0.564673,0.341689,0
0.576098,0.378777,0
0.583767,0.352921,1.19209e-07
0.569485,0.349962,1.19209e-07
0.591819,0.382033,0
0.604415,0.33404,0
0.551772,0.359235,1.19209e-07
0.582108,0.364109,1.19209e-07
0.573052,0.33754,0
0.560645,0.382488,0
0.597736,0.347792,0
0.568248,0.367147,0
0.587199,0.339301,0
0.556969,0.356196,1.19209e-07
0.599392,0.373991,0
0.602662,0.358013,1.19209e-07
0.554694,0.373615,0
0.56662,0.340782,0
0.588893,0.365689,0
0.59736,0.384723,0
0.559133,0.346044,0
0.579804,0.334785,0
0.57469,0.362678,1.19209e-07
0.561545,0.370589,1.19209e-07
0.592973,0.343189,0
0.584124,0.377038,0
0.578201,0.353396,0
0.553746,0.331634,0
0.604903,0.360289,0
0.571704,0.379189,0
0.59065,0.348401,0
0.656684,0.369767,0
0.609488,0.343799,0
0.641745,0.354037,0
0.623306,0.378631,0
0.649907,0.331389,1.19209e-07
0.614213,0.359832,0
0.629957,0.349424,0
0.63921,0.3808,1.19209e-07
0.644705,0.364234,1.19209e-07
0.619922,0.334239,1.19209e-07
0.611169,0.384208,0
0.660446,0.344299,0
0.652294,0.372961,0
0.619701,0.356706,0
0.631906,0.367133,1.19209e-07
0.634034,0.340066,1.19209e-07
0.637715,0.349876,0
0.627142,0.378798,0
0.616461,0.333402,0
0.648902,0.360472,1.19209e-07
0.655356,0.341141,0
0.606332,0.370706,1.19209e-07
0.625457,0.352723,0
0.642108,0.375476,0
0.617891,0.374895,0
0.654058,0.354612,0
0.635271,0.365883,0
0.631836,0.337521,1.19209e-07
0.658607,0.38339,0
0.612267,0.346226,1.19209e-07
0.646486,0.336053,0
0.623074,0.363127,0
0.651154,0.338631,1.19209e-07
0.618487,0.365265,0
0.634947,0.373895,0
0.633259,0.356238,0
0.644128,0.34761,0
0.621074,0.382285,0
0.659452,0.361979,1.19209e-07
0.610398,0.33715,0
0.649132,0.380142,1.19209e-07
0.613831,0.351062,0
0.640364,0.332487,1.19209e-07
0.628976,0.360988,0
0.608156,0.376276,1.19209e-07
0.656106,0.351979,0
0.64081,0.370993,0
0.624643,0.342251,0
0.658185,0.335425,1.19209e-07
0.611392,0.363738,1.19209e-07
0.64617,0.385317,0
0.622043,0.345487,1.19209e-07
0.617229,0.339603,0
0.653062,0.36817,0
0.636578,0.357612,1.19209e-07
0.630897,0.372248,0
0.625878,0.369267,1.19209e-07
0.643031,0.343129,1.19209e-07
0.60763,0.353037,0
0.654721,0.376956,0
0.647614,0.347958,1.19209e-07
0.615468,0.381484,0
0.638236,0.358579,1.19209e-07
0.62788,0.331149,0
0.676742,0.352233,1.19209e-07
0.700678,0.376824,0
0.664494,0.369768,1.19209e-07
0.713455,0.342121,0
0.67394,0.333651,0
0.706774,0.359383,0
0.685532,0.381158,0
0.688291,0.350328,1.19209e-07
0.704921,0.354649,0
0.668619,0.374082,0
0.693593,0.367849,1.19209e-07
0.682754,0.337895,0
0.68062,0.3639,0
0.697938,0.336795,0
0.663946,0.346365,0
0.709528,0.383133,1.19209e-07
0.683424,0.366086,0
0.691779,0.339532,0
0.67091,0.357034,1.19209e-07
0.70312,0.372524,0
0.696369,0.36252,0
0.678337,0.334276,0
0.661775,0.384985,0
0.711985,0.344921,0
0.687768,0.349119,1.19209e-07
0.689986,0.378555,1.19209e-07
0.672154,0.359855,1.19209e-07
0.708582,0.330971,1.19209e-07
0.715505,0.370039,0
0.667546,0.343468,0
0.699595,0.353417,0
0.674819,0.375628,1.19209e-07
0.686767,0.358522,0
0.69108,0.332354,1.19209e-07
0.671935,0.349655,0
0.70776,0.380943,0
0.676021,0.340763,0
0.698879,0.368823,0
0.714488,0.351638,0
0.666341,0.378012,0
0.684753,0.355373,0
0.69268,0.374462,1.19209e-07
0.702277,0.338303,1.19209e-07
0.66984,0.36665,0
0.661385,0.335672,0
0.711127,0.36443,0
0.695855,0.346951,0
0.679279,0.382319,0
0.705526,0.348167,1.19209e-07
0.673163,0.379761,0
0.689312,0.360976,0
0.685842,0.331601,0
0.67736,0.371569,0
0.70183,0.342598,0
0.665887,0.354077,0
0.712958,0.376044,0
0.703741,0.365417,0
0.667862,0.340142,1.19209e-07
0.681417,0.372154,0
0.694905,0.35707,0
0.663404,0.361609,0
0.709363,0.334702,0
0.68007,0.345186,0
0.69727,0.384125,0
0.745927,0.371612,0
0.737193,0.34633,0
0.726073,0.362384,1.19209e-07
0.758009,0.337758,0
0.717731,0.334044,0
0.767132,0.36638,0
0.75087,0.356805,0
0.732298,0.384852,0
0.749491,0.331901,0
0.742559,0.370112,0
0.722665,0.351873,0
0.760962,0.380363,0
0.756181,0.357876,0
0.733688,0.343926,1.19209e-07
0.765284,0.348888,0
0.721857,0.37576,0
0.735384,0.360162,0
0.754613,0.341942,0
0.71948,0.349483,0
0.763574,0.37809,0
0.747237,0.3687,0
0.739986,0.332153,1.19209e-07
0.724731,0.37858,1.19209e-07
0.762394,0.353549,0
0.739335,0.374434,0
0.744161,0.345243,1.19209e-07
0.759235,0.364348,0
0.728764,0.340175,1.19209e-07
0.730335,0.355457,1.19209e-07
0.752219,0.38275,1.19209e-07
0.716555,0.366036,0
0.768823,0.335833,0
0.738648,0.338436,0
0.743529,0.361474,1.19209e-07
0.758977,0.346674,1.19209e-07
0.727518,0.37308,0
0.769925,0.383779,0
0.715785,0.357044,1.19209e-07
0.729306,0.367963,0
0.751647,0.335201,1.19209e-07
0.746907,0.35116,0
0.740741,0.381556,0
0.725394,0.330566,0
0.763131,0.37112,0
0.753252,0.376404,0
0.734601,0.348184,0
0.764368,0.342248,0
0.720249,0.359357,1.19209e-07
0.767919,0.354594,1.19209e-07
0.718836,0.38244,1.19209e-07
0.731064,0.337,0
0.74988,0.364898,1.19209e-07
0.757185,0.373781,0
0.727471,0.344272,0
0.745302,0.339159,0
0.736202,0.363427,0
0.76628,0.360651,0
0.720817,0.341331,0
0.755633,0.349986,1.19209e-07
0.733216,0.377061,0
0.748594,0.379624,1.19209e-07
0.741368,0.353003,0
0.760379,0.333593,0
0.724092,0.36969,1.19209e-07
0.775681,0.335828,1.19209e-07
0.819157,0.36108,0
0.808087,0.345986,0
0.789038,0.383274,0
0.777006,0.364634,0
0.814627,0.337601,0
0.794525,0.354272,0
0.80268,0.374336,0
0.783913,0.341957,0
0.806535,0.370279,0
0.773406,0.377935,0
0.781912,0.350457,0
0.799636,0.332502,0
0.793373,0.360321,0
0.780055,0.339365,0
0.795816,0.372745,0
0.801401,0.357045,0
0.774676,0.363982,1.19209e-07
0.820626,0.334744,0
0.787901,0.344073,0
0.79818,0.358202,0
0.791387,0.331764,0
0.783208,0.380188,1.19209e-07
0.812869,0.348662,0
0.770527,0.354133,0
0.804777,0.343451,0
0.785611,0.367961,0
0.790064,0.333787,0
0.808541,0.363315,0
0.776117,0.382421,0
0.818675,0.344747,1.19209e-07
0.795644,0.36662,0
0.804001,0.340234,0
0.778172,0.355998,0
0.78075,0.358843,1.19209e-07
0.812021,0.330436,1.19209e-07
0.800694,0.381093,0
0.793224,0.347284,0
0.772039,0.342452,1.19209e-07
0.807018,0.352388,0
0.784855,0.376357,0
0.797051,0.338,0
0.802474,0.365418,0
0.817918,0.355467,1.19209e-07
0.779128,0.373857,0
0.810676,0.336245,1.19209e-07
0.788487,0.361974,0
0.774367,0.347167,0
0.821404,0.340527,1.19209e-07
0.771396,0.370866,0
0.805786,0.376502,0
0.787111,0.351287,0
0.782766,0.333154,1.19209e-07
0.813944,0.359174,0
0.798963,0.349334,0
0.79169,0.379413,0
0.82787,0.335369,0
0.825051,0.34637,0
0.900175,0.199649,1.9939
0.891776,0.216448,1.9929
0.893651,0.212699,1.98967
0.903454,0.193093,1.94463
0.908505,0.182991,1.95093
0.901696,0.196608,1.95973
0.895214,0.209572,1.92044
0.90029,0.199419,1.9422
0.902088,0.195823,1.93152
0.905506,0.188987,1.97275
0.906814,0.186371,1.95834
0.898639,0.202721,1.96333
0.902563,0.194874,1.95388
0.905785,0.188429,1.93236
0.897855,0.204291,1.97047
0.90343,0.193141,1.96463
0.895835,0.20833,1.95896
0.901321,0.197358,1.9727
0.907501,0.184997,1.96097
0.904234,0.191532,1.97055
0.898854,0.202291,1.93411
0.90453,0.190939,1.93218
0.893864,0.212273,1.97214
0.907307,0.185386,1.9694
0.902544,0.194912,1.94115
0.904304,0.191392,1.98602
0.893766,0.212468,1.94616
0.907514,0.184972,1.94103
0.900453,0.199094,1.96605
0.899808,0.200383,1.88618
0.909488,0.181025,1.88859
0.904881,0.190239,1.88675
0.89675,0.206499,1.89663
0.90316,0.19368,1.86488
0.910441,0.179119,1.90294
0.899358,0.201283,1.86879
0.903449,0.193103,1.88621
0.907299,0.185402,1.91284
0.900025,0.19995,1.89077
0.900063,0.199875,1.91297
0.898026,0.203947,1.86913
0.903211,0.193578,1.90836
0.906075,0.18785,1.88422
0.907633,0.184735,1.89392
0.900726,0.198548,1.86426
0.895836,0.208328,1.90655
0.905459,0.189083,1.91933
0.898809,0.202383,1.89437
0.904862,0.190277,1.90454
0.899299,0.201402,1.91039
0.91048,0.17904,1.89274
0.902386,0.195228,1.89248
0.905187,0.189627,1.89434
0.898159,0.203683,1.89213
0.901659,0.196682,1.92271
0.905241,0.189519,1.90971
0.906301,0.187397,1.8686
0.902162,0.195675,1.80655
0.909059,0.181883,1.83234
0.901562,0.196877,1.84921
0.910143,0.179714,1.85625
0.900362,0.199276,1.82994
0.910973,0.178054,1.87133
0.905296,0.189408,1.82006
0.903661,0.192679,1.82284
0.908917,0.182166,1.85683
0.906532,0.186935,1.8446
0.903773,0.192454,1.85551
0.902014,0.195972,1.84139
0.909897,0.180206,1.87395
0.909193,0.181615,1.81881
0.899992,0.200017,1.85671
0.912427,0.175147,1.84878
0.903963,0.192074,1.83932
0.905901,0.188199,1.82856
0.901767,0.196467,1.85621
0.910626,0.178749,1.82784
0.902112,0.195776,1.83175
0.905717,0.188567,1.85599
0.907585,0.18483,1.82569
0.908055,0.183889,1.86866
0.903856,0.192287,1.8124
0.91179,0.17642,1.83875
0.904456,0.191089,1.84704
0.90272,0.19456,1.86002
0.907512,0.184976,1.85524
0.909038,0.181924,1.84373
0.216888,0.403481,1.19209e-07
0.219008,0.41744,0
0.206763,0.408024,0
0.21349,0.388531,0
0.220768,0.39935,0
0.215515,0.428784,0
0.201677,0.391562,0
0.209886,0.413433,0
0.214645,0.393367,0
0.205164,0.39824,0
0.219653,0.435224,0
0.211394,0.407133,1.19209e-07
0.202872,0.400812,0
0.216261,0.424334,0
0.207613,0.395834,0
0.217483,0.40938,0
0.194412,0.387923,0
0.247899,0.4363,0
0.253829,0.407098,0
0.23144,0.389678,0
0.262945,0.414604,0
0.260428,0.433729,0
0.241296,0.408634,0
0.223116,0.425452,0
0.274735,0.39741,0
0.244182,0.394228,0
0.249614,0.423035,1.19209e-07
0.267208,0.41105,0
0.228757,0.428137,0
0.22457,0.402391,0
0.27216,0.439591,0
0.258386,0.392184,0
0.236094,0.419427,0
0.24604,0.405057,0
0.253472,0.436626,0
0.264006,0.387989,0
0.23456,0.416163,0
0.261601,0.410537,0
0.239344,0.431295,0
0.274088,0.426773,0
0.221393,0.40024,0
0.267357,0.43079,0
0.230555,0.412732,1.19209e-07
0.25181,0.396811,0
0.242688,0.421831,0
0.256953,0.418445,0
0.237895,0.390434,0
0.269513,0.401922,0
0.226554,0.44141,0
0.250735,0.429092,0
0.241635,0.412175,0
0.269001,0.394552,0
0.229501,0.423844,0
0.237096,0.438584,0
0.255446,0.403289,1.19209e-07
0.270633,0.420373,0
0.227433,0.392629,1.19209e-07
0.233494,0.406207,0
0.265456,0.434695,0
0.245313,0.415069,0
0.252028,0.388385,0
0.261112,0.42466,0
0.23829,0.398549,0
0.273369,0.407879,1.19209e-07
0.222136,0.434347,0
0.223937,0.409141,0
0.275498,0.432892,1.19209e-07
0.259399,0.399278,1.19209e-07
0.239993,0.42775,1.19209e-07
0.263155,0.403933,0
0.232055,0.438104,0
0.255026,0.416792,0
0.247576,0.386854,0
0.266075,0.421501,1.19209e-07
0.228335,0.395242,0
0.2485,0.413552,0
0.243719,0.430258,0
0.271647,0.391259,0
0.225846,0.418329,1.19209e-07
0.235447,0.400352,0
0.257439,0.440243,0
0.308859,0.391299,0
0.299122,0.424114,0
0.284096,0.401033,0
0.320569,0.428586,1.19209e-07
0.32704,0.413524,1.19209e-07
0.277798,0.439214,0
0.293767,0.395428,1.19209e-07
0.310995,0.42039,0
0.280875,0.388089,0
0.330332,0.42624,1.19209e-07
0.315148,0.404997,0
0.290655,0.432978,0
0.30306,0.410376,0
0.303604,0.437053,0
0.322085,0.399947,0
0.289263,0.414219,1.19209e-07
0.305341,0.40771,0
0.300216,0.435674,1.19209e-07
0.288067,0.398126,1.19209e-07
0.323436,0.416201,0
0.329395,0.389674,1.19209e-07
0.282377,0.425681,0
0.291672,0.40707,0
0.317181,0.431963,0
0.318987,0.402547,0
0.285765,0.429636,0
0.307232,0.422274,0
0.297621,0.391714,0
0.277631,0.410979,0
0.325845,0.440128,0
0.313071,0.393806,1.19209e-07
0.294988,0.417556,0
0.279993,0.432297,0
0.330078,0.40567,0
0.314429,0.424283,0
0.290122,0.388586,0
0.321045,0.434648,0
0.288461,0.408568,0
0.304878,0.397334,0
0.30225,0.417131,1.19209e-07
0.309794,0.430561,1.19209e-07
0.299347,0.403136,0
0.283272,0.421627,0
0.319486,0.392863,0
0.311745,0.411717,0
0.294084,0.4408,1.19209e-07
0.326692,0.418851,1.19209e-07
0.279462,0.394842,0
0.285414,0.38991,0
0.317916,0.422903,0
0.296966,0.428212,1.19209e-07
0.307938,0.401839,1.19209e-07
0.296258,0.41245,0
0.312196,0.438655,0
0.276319,0.419877,0
0.324727,0.396021,1.19209e-07
0.28653,0.437647,0
0.322814,0.409302,1.19209e-07
0.301586,0.398515,0
0.306315,0.415344,0
0.281526,0.403976,0
0.328305,0.434052,0
0.316196,0.386459,0
0.292919,0.427664,1.19209e-07
0.376641,0.40283,0
0.342076,0.429679,0
0.357132,0.394807,0
0.361372,0.420421,1.19209e-07
0.346062,0.421378,0
0.36914,0.390958,0
0.384722,0.439374,0
0.335305,0.41329,0
0.351043,0.404373,0
0.366386,0.434347,0
0.380096,0.396916,1.19209e-07
0.332965,0.416971,0
0.374374,0.425417,0
0.338726,0.388105,0
0.354214,0.435379,0
0.364779,0.407021,1.19209e-07
0.347639,0.391859,1.19209e-07
0.372379,0.422658,0
0.383053,0.410951,0
0.337025,0.440345,0
0.37842,0.428198,0
0.343593,0.40075,0
0.356544,0.417394,0
0.360131,0.396097,1.19209e-07
0.362212,0.436186,0
0.352086,0.410025,0
0.373054,0.386299,0
0.339835,0.426776,0
0.381252,0.414832,0
0.331435,0.399901,1.19209e-07
0.367597,0.405977,0
0.349282,0.432592,1.19209e-07
0.37092,0.412892,0
0.346895,0.438043,0
0.337416,0.389876,1.19209e-07
0.383817,0.422182,1.19209e-07
0.378322,0.393385,0
0.344694,0.41906,1.19209e-07
0.355812,0.402331,0
0.358794,0.430396,0
0.373766,0.434806,1.19209e-07
0.341435,0.408069,0
0.353074,0.424447,0
0.363387,0.389674,0
0.348915,0.398298,1.19209e-07
0.36842,0.415907,1.19209e-07
0.382145,0.404899,0
0.332329,0.433014,1.19209e-07
0.375294,0.409335,1.19209e-07
0.339653,0.437521,0
0.354973,0.387243,0
0.364234,0.426045,0
0.366091,0.398517,0
0.350086,0.41424,0
0.334135,0.406477,0
0.380513,0.431225,0
0.376973,0.418661,0
0.342887,0.395083,0
0.361042,0.401552,1.19209e-07
0.357963,0.428865,0
0.335902,0.423493,0
0.386063,0.392765,0
0.370023,0.440678,1.19209e-07
0.345088,0.411934,0
0.420671,0.41598,0
0.403577,0.389488,1.19209e-07
0.440069,0.407878,0
0.392825,0.433656,0
0.40905,0.424985,0
0.419226,0.399519,0
0.432467,0.434534,0
0.399361,0.405089,0
0.38935,0.393819,0
0.435285,0.422102,0
0.401559,0.439061,1.19209e-07
0.425393,0.402318,0
0.410797,0.411,0
0.417038,0.430458,0
0.394766,0.42006,0
0.430881,0.389698,0
0.39621,0.391403,0
0.428735,0.418077,1.19209e-07
0.414284,0.413058,0
0.412435,0.429029,1.19209e-07
0.402874,0.400606,0
0.426266,0.441052,0
0.437772,0.395888,1.19209e-07
0.387416,0.423115,1.19209e-07
0.406406,0.413842,1.19209e-07
0.422852,0.386447,0
0.390881,0.410042,0
0.438934,0.431419,0
0.434257,0.405648,0
0.397656,0.436859,0
0.418464,0.426027,0
0.407546,0.396861,0
0.388089,0.440035,0
0.434526,0.401479,0
0.400122,0.394857,0
0.424739,0.423571,1.19209e-07
0.416332,0.392636,0
0.411123,0.417613,0
0.429978,0.428128,0
0.39381,0.412716,0
0.399018,0.427301,0
0.431776,0.397634,0
0.420179,0.437448,0
0.410099,0.406333,0
0.421938,0.40937,1.19209e-07
0.40421,0.432085,1.19209e-07
0.391733,0.387433,0
0.440779,0.414996,0
0.432932,0.424671,1.19209e-07
0.396713,0.398474,0
0.417929,0.403922,0
0.40812,0.435513,0
0.423139,0.433293,0
0.40563,0.407706,1.19209e-07
0.438611,0.387894,0
0.389663,0.416968,0
0.395484,0.429824,0
0.428141,0.411507,1.19209e-07
0.414712,0.419714,0
0.413512,0.390792,0
0.436777,0.438404,1.19209e-07
0.386463,0.402707,0
0.426806,0.39475,0
0.401757,0.421349,1.19209e-07
0.462445,0.409323,1.19209e-07
0.468984,0.431094,0
0.484877,0.38679,0
0.454409,0.414809,0
0.49436,0.426045,0
0.441795,0.397823,1.19209e-07
0.456822,0.436375,0
0.475731,0.403742,0
0.4456,0.428626,0
0.492593,0.411034,0
0.48122,0.418554,0
0.45893,0.392777,0
0.467472,0.423534,1.19209e-07
0.472244,0.396311,1.19209e-07
0.48753,0.440359,0
0.451125,0.399919,0
0.483401,0.415571,0
0.453072,0.389046,0
0.464372,0.433292,0
0.470525,0.407858,0
0.477889,0.434863,1.19209e-07
0.455581,0.406094,1.19209e-07
0.444529,0.424667,0
0.496136,0.399414,0
0.490314,0.430528,0
0.447178,0.412235,0
0.4608,0.419271,0
0.479922,0.389497,0
0.474176,0.421416,0
0.465424,0.393243,1.19209e-07
0.448658,0.438131,1.19209e-07
0.4862,0.402249,0
0.482877,0.4088,0
0.451716,0.431838,1.19209e-07
0.464315,0.387502,0
0.471789,0.413735,0
0.443088,0.404496,0
0.495251,0.43693,0
0.456612,0.426646,1.19209e-07
0.478476,0.396552,1.19209e-07
0.449823,0.395448,0
0.487581,0.422188,1.19209e-07
0.46644,0.440071,0
0.475443,0.401063,1.19209e-07
0.48029,0.427337,1.19209e-07
0.461692,0.410845,0
0.489845,0.392018,0
0.44778,0.417448,0
0.491779,0.419862,0
0.445354,0.390847,0
0.482128,0.412816,0
0.459482,0.429801,0
0.450307,0.420621,0
0.488739,0.394303,0
0.473337,0.438701,1.19209e-07
0.468702,0.402758,0
0.469806,0.388028,1.19209e-07
0.462909,0.416557,0
0.485758,0.433612,-1.19209e-07
0.453808,0.407327,1.19209e-07
0.476788,0.425092,0
0.458415,0.398855,0
0.442608,0.43515,0
0.493488,0.405675,1.19209e-07
0.550331,0.411241,1.19209e-07
0.498572,0.43764,0
0.532553,0.419895,0
0.510772,0.393319,0
0.524489,0.391606,0
0.5187,0.420454,0
0.538291,0.428364,0
0.509378,0.401725,1.19209e-07
0.540999,0.397762,0
0.504139,0.415176,1.19209e-07
0.529087,0.436718,0
0.521039,0.407676,0
0.534829,0.405923,0
0.513875,0.433478,0
0.546846,0.424459,0
0.501782,0.389158,0
0.53934,0.39987,1.19209e-07
0.507321,0.430151,0
0.525661,0.423662,1.19209e-07
0.517004,0.389387,0
0.511909,0.418254,0
0.53126,0.394552,0
0.496538,0.41231,1.19209e-07
0.547798,0.440403,1.19209e-07
0.501111,0.425885,0
0.545879,0.386052,1.19209e-07
0.515287,0.404811,0
0.536811,0.431119,1.19209e-07
0.527459,0.408521,0
0.522686,0.434777,0
0.543996,0.415905,0
0.50595,0.399011,0
0.546697,0.403746,0
0.502289,0.431547,1.19209e-07
0.534939,0.426978,0
0.515101,0.387327,0
0.530228,0.398211,0
0.521684,0.416475,0
0.541669,0.435255,0
0.503412,0.409636,0
0.538018,0.391002,1.19209e-07
0.508512,0.422464,0
0.524651,0.429069,0
0.519412,0.401102,0
0.511182,0.439926,0
0.533242,0.413365,0
0.499344,0.396091,0
0.550074,0.417191,0
0.528078,0.413417,0
0.523192,0.396865,0
0.505057,0.436078,1.19209e-07
0.542784,0.407066,0
0.50012,0.405667,0
0.544278,0.432396,0
0.536184,0.387784,0
0.516534,0.425238,0
0.513207,0.410811,1.19209e-07
0.531865,0.438606,0
0.548622,0.394115,1.19209e-07
0.497872,0.419079,0
0.506982,0.392742,0
0.540154,0.421649,0
0.526526,0.402947,0
0.517991,0.428004,0
0.557617,0.416749,0
0.605852,0.392251,0
0.585425,0.43744,1.19209e-07
0.569454,0.402845,0
0.596793,0.420491,0
0.564771,0.394125,0
0.584618,0.411231,1.19209e-07
0.573711,0.429091,0
0.588991,0.397518,0
0.566413,0.42647,1.19209e-07
0.600175,0.431989,0
0.55443,0.406455,0
0.558794,0.435384,1.19209e-07
0.595549,0.40589,0
0.575513,0.388239,0
0.580387,0.416213,0
0.60253,0.40865,0
0.552229,0.432261,0
0.567725,0.398385,0
0.591726,0.423656,1.19209e-07
0.560653,0.403039,1.19209e-07
0.593379,0.436967,0
0.576998,0.413323,0
0.579519,0.386492,0
0.582371,0.427555,0
0.572008,0.413203,1.19209e-07
0.562869,0.423136,0
0.598601,0.395035,0
0.587989,0.400767,0
0.570688,0.440397,0
0.60278,0.419065,0
0.555481,0.390939,0
0.5783,0.404964,0
0.578848,0.434009,1.19209e-07
0.592745,0.389087,0
0.559887,0.415539,0
0.590745,0.4072,0
0.567156,0.431047,0
0.601278,0.425927,0
0.551905,0.396451,0
0.597386,0.42996,1.19209e-07
0.561686,0.409986,0
0.583276,0.393107,1.19209e-07
0.57281,0.421584,0
0.571528,0.391015,0
0.588094,0.417734,0
0.554927,0.438752,1.19209e-07
0.604006,0.401181,0
0.565418,0.409599,1.19209e-07
0.590358,0.433706,0
0.553417,0.424576,0
0.599238,0.398668,0
0.576154,0.436237,0
0.58165,0.404628,1.19209e-07
0.593967,0.414205,0
0.558208,0.386977,0
0.604136,0.439216,0
0.556931,0.400163,1.19209e-07
0.568307,0.419585,0
0.587096,0.389455,0
0.583765,0.421976,1.19209e-07
0.574594,0.395843,0
0.563503,0.428607,0
0.596241,0.412057,1.19209e-07
0.627233,0.415589,0
0.638247,0.39821,0
0.617361,0.40796,0
0.653646,0.433739,0
0.642424,0.426717,0
0.626291,0.386438,0
0.610381,0.430301,0
0.65846,0.40307,0
0.615874,0.422892,1.19209e-07
0.64825,0.390255,1.19209e-07
0.632218,0.400406,0
0.633736,0.428766,0
0.622446,0.439696,0
0.645849,0.411758,0
0.607094,0.395549,0
0.657102,0.417189,0
0.612784,0.405339,0
0.659388,0.433171,1.19209e-07
0.623067,0.424328,0
0.640388,0.388512,0
0.619028,0.436994,0
0.652054,0.407193,0
0.638871,0.414511,1.19209e-07
0.628796,0.395988,0
0.609057,0.418806,0
0.654936,0.39333,1.19209e-07
0.644897,0.43753,0
0.621239,0.41099,0
0.630403,0.427016,0
0.636683,0.401916,1.19209e-07
0.650229,0.42028,1.19209e-07
0.614459,0.391781,0
0.619627,0.417868,1.19209e-07
0.644501,0.394851,0
0.653829,0.43902,1.19209e-07
0.608039,0.413006,0
0.63101,0.389462,0
0.635755,0.422139,0
0.613584,0.430151,1.19209e-07
0.649449,0.399972,0
0.629754,0.434545,0
0.639976,0.409262,0
0.618641,0.399345,0
0.651113,0.415735,1.19209e-07
0.641592,0.431221,0
0.62406,0.404324,0
0.611299,0.425722,0
0.660171,0.386377,1.19209e-07
0.616298,0.41395,0
0.652469,0.396691,0
0.637316,0.435689,1.19209e-07
0.627993,0.406719,0
0.657894,0.423833,1.19209e-07
0.609563,0.38789,1.19209e-07
0.642953,0.406061,0
0.625297,0.432279,0
0.632914,0.420905,0
0.634371,0.391478,0
0.647814,0.427598,0
0.615363,0.401655,0
0.606271,0.438598,0
0.656289,0.409993,0
0.646183,0.419416,1.19209e-07
0.621532,0.392979,0
0.677174,0.436402,0
0.696498,0.404736,0
0.712329,0.414382,0
0.661727,0.388124,1.19209e-07
0.689298,0.43269,0
0.682741,0.406936,0
0.70459,0.395986,0
0.672746,0.424731,0
0.700867,0.421845,0
0.679398,0.393275,0
0.664198,0.428956,0
0.710657,0.41056,0
0.708428,0.437546,0
0.669458,0.401834,1.19209e-07
0.687451,0.41818,1.19209e-07
0.693067,0.391365,0
0.714175,0.385377,0
0.662935,0.415163,0
0.675557,0.402962,0
0.698071,0.434009,0
0.683098,0.431027,0
0.690745,0.40816,0
0.702427,0.425373,1.19209e-07
0.671865,0.39767,0
0.699281,0.395011,1.19209e-07
0.680667,0.420038,0
0.708667,0.427356,0
0.666726,0.412141,0
0.694409,0.417806,0
0.686395,0.389106,0
0.668671,0.438653,0
0.70627,0.400177,1.19209e-07
0.665548,0.394746,1.19209e-07
0.711331,0.421191,1.19209e-07
0.700179,0.41108,1.19209e-07
0.67777,0.42739,0
0.707494,0.389696,1.19209e-07
0.670881,0.416793,0
0.691983,0.439835,0
0.686443,0.399144,1.19209e-07
0.688831,0.399064,0
0.681208,0.426169,0
0.703407,0.430267,0
0.674338,0.408954,0
0.69537,0.415973,0
0.676752,0.386712,0
0.660792,0.434721,0
0.713099,0.403489,1.19209e-07
0.710106,0.392626,0
0.666203,0.423091,0
0.679875,0.409999,0
0.698549,0.429155,0
0.667759,0.39064,0
0.705852,0.41881,0
0.684995,0.437805,1.19209e-07
0.694003,0.401358,0
0.684429,0.396952,0
0.690188,0.423212,0
0.703182,0.406734,0
0.671941,0.432309,0
0.674488,0.413188,0
0.696986,0.387731,0
0.663639,0.405697,0
0.714697,0.435204,0
0.765615,0.405813,0
0.721753,0.43445,0
0.734113,0.387442,0
0.755815,0.423662,0
0.72289,0.402779,0
0.761115,0.432198,0
0.742125,0.415762,1.19209e-07
0.749089,0.397234,1.19209e-07
0.717683,0.393115,1.19209e-07
0.767037,0.418112,0
0.750956,0.401518,1.19209e-07
0.73181,0.428288,0
0.745479,0.437195,0
0.737378,0.412554,0
0.726227,0.420157,1.19209e-07
0.757641,0.391272,0
0.738391,0.439175,0
0.744086,0.410837,0
0.759561,0.421207,0
0.72886,0.389471,1.19209e-07
0.752819,0.42721,0
0.730632,0.399464,0
0.768939,0.394916,0
0.716938,0.416252,0
0.763614,0.436491,0
0.719215,0.40894,0
0.754169,0.38548,0
0.735678,0.425777,0
0.761639,0.405413,0
0.724027,0.431301,0
0.739828,0.396572,0
0.74774,0.413527,0
0.732583,0.435346,0
0.754767,0.408003,0
0.721445,0.386201,0
0.766149,0.425059,1.19209e-07
0.723072,0.413048,0
0.760406,0.395939,1.19209e-07
0.741744,0.40448,0
0.747914,0.429751,0
0.750181,0.417092,1.19209e-07
0.731678,0.393881,0
0.768069,0.400373,0
0.717958,0.426678,0
0.736538,0.422221,0
0.744761,0.389604,0
0.756401,0.43943,0
0.726647,0.409512,0
0.716102,0.400848,1.19209e-07
0.769252,0.42887,0
0.752004,0.39272,0
0.729769,0.418761,0
0.73777,0.390843,1.19209e-07
0.742926,0.420715,1.19209e-07
0.758215,0.411407,0
0.728049,0.437541,0
0.762472,0.414805,0
0.725371,0.39834,0
0.74644,0.403969,0
0.740471,0.432397,0
0.753505,0.433393,0
0.734856,0.407354,0
0.764909,0.387745,0
0.720055,0.424003,0
0.778727,0.425981,0
0.790889,0.402403,0
0.770687,0.397679,0
0.782053,0.411313,0
0.798702,0.394994,0
0.786957,0.389901,1.19209e-07
0.775789,0.428175,0
0.785085,0.419769,0
0.773514,0.4014,0
0.79611,0.392791,0
0.780483,0.437082,1.19209e-07
0.777058,0.387868,1.19209e-07
0.790358,0.406674,0
0.772258,0.413976,0
0.794153,0.409584,0
0.783275,0.418851,1.19209e-07
0.776432,0.390871,0
0.78595,0.427035,0
0.771295,0.435047,1.19209e-07
0.787702,0.396169,0
0.802263,0.387103,0
0.780189,0.405531,1.19209e-07
0.789457,0.414981,0
0.773148,0.408747,0
0.793515,0.385812,0
0.777881,0.430529,0
0.784462,0.399543,0
0.774431,0.421546,1.19209e-07
0.781195,0.394333,0
0.87624,0.247519,1.98873
0.887529,0.224942,1.97386
0.881675,0.236651,1.99032
0.890407,0.219187,1.98553
0.888977,0.222047,1.96653
0.884499,0.231001,1.96286
0.88858,0.222841,1.98937
0.881035,0.23793,1.9818
0.878193,0.243614,1.95155
0.885643,0.228714,1.95722
0.877325,0.24535,1.98431
0.879283,0.241434,1.97229
0.884349,0.231302,1.994
0.891398,0.217204,1.97717
0.877176,0.245649,1.97067
0.887344,0.225311,1.98413
0.883399,0.233201,1.99344
0.88525,0.2295,1.97085
0.883921,0.232158,1.95439
0.877829,0.244342,1.96644
0.881302,0.237396,1.96838
0.887423,0.225154,1.96506
0.876677,0.246646,1.99689
0.880125,0.239751,1.95081
0.890045,0.219911,1.9953
0.882549,0.234903,1.98919
0.883816,0.232369,1.90723
0.886901,0.226198,1.9401
0.884084,0.231832,1.946
0.890776,0.218448,1.95474
0.880866,0.238268,1.91654
0.89013,0.21974,1.93049
0.886953,0.226093,1.91745
0.893154,0.213693,1.94085
0.889639,0.220723,1.9101
0.888067,0.223866,1.95796
0.884053,0.231894,1.92681
0.89161,0.216779,1.91962
0.888,0.224,1.91809
0.88284,0.234319,1.92861
0.89123,0.21754,1.95936
0.892998,0.214004,1.91331
0.890152,0.219697,1.93838
0.883704,0.232591,1.89938
0.887068,0.225863,1.94429
0.890522,0.218955,1.94335
0.894029,0.211941,1.92266
0.892253,0.215494,1.93169
0.892179,0.215642,1.94833
0.885832,0.228335,1.94908
0.879809,0.240382,1.92918
0.882893,0.234213,1.91783
0.888751,0.222498,1.92084
0.892903,0.214194,1.95539
0.888783,0.222434,1.93773
0.882521,0.234958,1.94763
0.894517,0.210966,1.84907
0.889733,0.220534,1.85186
0.895732,0.208536,1.87427
0.889933,0.220135,1.8833
0.885378,0.229243,1.84181
0.895248,0.209505,1.85669
0.886119,0.227761,1.85631
0.892665,0.214671,1.862
0.88927,0.221459,1.84303
0.885579,0.228841,1.84962
0.885914,0.228172,1.86323
0.893142,0.213715,1.89553
0.8922,0.215599,1.90063
0.895563,0.208874,1.86668
0.892229,0.215543,1.85417
0.888488,0.223024,1.85676
0.884658,0.230685,1.85192
0.890974,0.218051,1.87093
0.894138,0.211724,1.86269
0.893121,0.213759,1.90469
0.891348,0.217305,1.88983
0.88758,0.224839,1.84012
0.889906,0.220188,1.87447
0.883514,0.232973,1.87908
0.888088,0.223824,1.85396
0.886914,0.226172,1.87587
0.890694,0.218612,1.89284
0.884589,0.230821,1.8787
0.894818,0.210364,1.89586
0.889766,0.220467,1.84829
0.892882,0.214236,1.88271
0.897703,0.204595,1.81169
0.892526,0.214947,1.82706
0.893566,0.212868,1.79792
0.896892,0.206216,1.84267
0.890202,0.219595,1.81306
0.887776,0.224449,1.82588
0.896793,0.206414,1.79538
0.889988,0.220023,1.7875
0.893794,0.212412,1.83293
0.899975,0.200049,1.82607
0.893148,0.213703,1.79196
0.894531,0.210937,1.80798
0.898868,0.202263,1.81075
0.898086,0.203829,1.82993
0.899138,0.201724,1.81922
0.891552,0.216896,1.83648
0.894631,0.210738,1.83119
0.894644,0.210713,1.81635
0.898845,0.202311,1.8419
0.89219,0.215621,1.79484
0.897847,0.204307,1.81928
0.890951,0.218097,1.7952
0.898676,0.202648,1.83331
0.894905,0.210189,1.79682
0.895659,0.208682,1.84268
0.894862,0.210275,1.79295
0.900504,0.198993,1.80981
0.889703,0.220595,1.82545
0.241006,0.460832,0
0.258222,0.489897,0
0.270684,0.44355,0
0.254053,0.462362,0
0.2651,0.48003,0
0.228829,0.453126,0
0.26097,0.449431,1.19209e-07
0.273952,0.484102,0
0.266716,0.458486,0
0.24865,0.475688,1.19209e-07
0.245105,0.447953,1.19209e-07
0.247701,0.472952,0
0.250229,0.44611,1.19209e-07
0.2686,0.495039,0
0.232652,0.455366,0
0.235133,0.450257,1.19209e-07
0.259686,0.476768,1.19209e-07
0.27561,0.468873,0
0.256735,0.459125,0
0.221877,0.441753,0
0.272368,0.472168,0
0.251808,0.487909,0
0.243631,0.464191,1.19209e-07
0.263409,0.453965,0
0.251236,0.49441,0
0.2468,0.457245,0
0.267994,0.447338,0
0.226631,0.449152,0
0.274882,0.478178,0
0.258801,0.465936,1.19209e-07
0.271452,0.461505,0
0.256071,0.469907,1.19209e-07
0.238934,0.444906,0
0.244041,0.480686,1.19209e-07
0.252814,0.451939,0
0.262263,0.487996,1.19209e-07
0.272831,0.451689,0
0.26168,0.485782,0
0.237755,0.467976,0
0.249415,0.456753,0
0.233085,0.445358,1.19209e-07
0.266337,0.47347,0
0.24173,0.454505,0
0.254546,0.481121,1.19209e-07
0.264166,0.465265,0
0.269178,0.491721,1.19209e-07
0.25727,0.443132,0
0.239853,0.47163,0
0.322196,0.45165,0
0.284176,0.477155,0
0.308811,0.485532,1.19209e-07
0.302683,0.46855,0
0.282635,0.4464,1.19209e-07
0.326823,0.473449,1.19209e-07
0.315998,0.45646,0
0.293105,0.495501,1.19209e-07
0.286437,0.459503,0
0.317277,0.492068,0
0.305385,0.442023,0
0.297124,0.472102,0
0.291633,0.454924,0
0.310594,0.48113,1.19209e-07
0.328794,0.464342,0
0.277861,0.487893,0
0.277158,0.462939,0
0.330232,0.488682,1.19209e-07
0.290187,0.48091,1.19209e-07
0.31239,0.452602,1.19209e-07
0.29837,0.443935,0
0.303979,0.470241,1.19209e-07
0.289142,0.490782,0
0.319518,0.460831,1.19209e-07
0.322471,0.477621,1.19209e-07
0.285821,0.449174,0
0.307618,0.466788,1.19209e-07
0.300512,0.483159,0
0.294888,0.457758,0
0.314198,0.493755,1.19209e-07
0.279575,0.474325,1.19209e-07
0.325188,0.447954,1.19209e-07
0.276553,0.482318,1.19209e-07
0.329387,0.4543,0
0.313283,0.486661,1.19209e-07
0.290851,0.46553,0
0.288621,0.442566,1.19209e-07
0.320647,0.470776,0
0.299387,0.49228,1.19209e-07
0.305104,0.460323,0
0.308204,0.476064,0
0.30119,0.450466,0
0.323543,0.467862,0
0.285093,0.484957,0
0.315388,0.444887,0
0.296532,0.472809,0
0.28059,0.455736,0
0.324157,0.496032,0
0.31859,0.444406,0
0.287497,0.469218,0
0.298164,0.461562,0
0.306621,0.490415,0
0.292394,0.488679,0
0.311229,0.463225,1.19209e-07
0.328299,0.480031,0
0.27862,0.453504,0
0.325923,0.457768,0
0.281224,0.494294,0
0.3164,0.475763,0
0.294263,0.447098,0
0.302525,0.478973,0
0.310227,0.449382,0
0.283119,0.465922,0
0.321448,0.48424,0
0.333268,0.482336,0
0.37977,0.442059,0
0.365926,0.492243,1.19209e-07
0.351219,0.464792,0
0.364531,0.461286,0
0.353404,0.487144,0
0.338128,0.453363,0
0.374249,0.470357,0
0.341489,0.494911,0
0.376913,0.466562,0
0.358035,0.444996,1.19209e-07
0.361914,0.47805,0
0.370381,0.451235,0
0.346172,0.472749,0
0.38506,0.483825,0
0.334953,0.455201,0
0.34315,0.468441,0
0.378186,0.493173,0
0.355917,0.475804,1.19209e-07
0.359471,0.448124,0
0.371285,0.473978,0
0.347958,0.449577,0
0.38297,0.458131,1.19209e-07
0.336546,0.484833,1.19209e-07
0.372983,0.454152,0
0.339834,0.471681,0
0.35195,0.459253,1.19209e-07
0.362901,0.487971,1.19209e-07
0.331713,0.443454,0
0.381587,0.479252,0
0.349477,0.49111,0
0.368424,0.462595,0
0.367161,0.44457,1.19209e-07
0.350648,0.480505,0
0.33425,0.462995,1.19209e-07
0.380477,0.490062,1.19209e-07
0.354809,0.454769,0
0.36512,0.470785,0
0.339217,0.489192,0
0.375013,0.459734,0
0.369211,0.485944,1.19209e-07
0.345426,0.457498,1.19209e-07
0.335389,0.475629,0
0.385813,0.448533,0
0.376216,0.477346,0
0.342908,0.446904,0
0.356916,0.494401,0
0.360342,0.467272,1.19209e-07
0.384104,0.473703,0
0.337223,0.450493,0
0.34691,0.48348,0
0.372282,0.456194,0
0.3565,0.466183,0
0.359326,0.496146,0
0.378432,0.446209,0
0.344295,0.479151,0
0.352589,0.469448,0
0.362731,0.45172,0
0.340661,0.460521,1.19209e-07
0.373711,0.486635,0
0.381868,0.463831,0
0.332538,0.492087,0
0.367883,0.480993,0
0.348879,0.442809,0
0.404931,0.477867,0
0.421302,0.450802,0
0.387885,0.467185,1.19209e-07
0.435885,0.483492,0
0.409249,0.445456,0
0.420181,0.475525,0
0.42914,0.455053,1.19209e-07
0.393403,0.495219,1.19209e-07
0.423962,0.49132,0
0.401412,0.459616,0
0.390014,0.470175,0
0.439455,0.442714,0
0.431522,0.48033,0
0.398148,0.45469,0
0.413358,0.488766,1.19209e-07
0.415274,0.46449,1.19209e-07
0.387581,0.48531,0
0.434819,0.46567,0
0.406256,0.448233,0
0.423309,0.476624,0
0.427429,0.493704,0
0.395205,0.457197,1.19209e-07
0.407649,0.473814,1.19209e-07
0.418683,0.446914,0
0.391635,0.44417,0
0.438392,0.470555,0
0.402296,0.489995,0
0.426106,0.460789,0
0.410651,0.463322,0
0.416864,0.485964,0
0.39688,0.481158,0
0.432972,0.452276,0
0.397713,0.463872,0
0.43383,0.488077,0
0.411423,0.479593,0
0.415755,0.453411,0
0.403025,0.44159,0
0.426781,0.469176,0
0.392326,0.491996,0
0.438682,0.458907,0
0.395963,0.474293,0
0.428696,0.445856,0
0.417564,0.495513,1.19209e-07
0.407485,0.455968,0
0.435107,0.478946,0
0.386144,0.450266,1.19209e-07
0.42258,0.468257,0
0.405783,0.482603,0
0.430132,0.472668,0
0.393935,0.447315,1.19209e-07
0.419574,0.457769,0
0.409711,0.493244,0
0.389144,0.475695,0
0.437242,0.449034,1.19209e-07
0.422029,0.48485,0
0.40364,0.466371,0
0.390871,0.46125,0
0.440347,0.490154,0
0.425139,0.443156,1.19209e-07
0.400082,0.472169,0
0.432224,0.462328,1.19209e-07
0.399541,0.487068,0
0.414196,0.48229,0
0.412177,0.4526,1.19209e-07
0.469814,0.454959,0
0.467268,0.495591,0
0.486311,0.472497,1.19209e-07
0.453673,0.445558,1.19209e-07
0.444739,0.47649,1.19209e-07
0.494489,0.44969,0
0.455418,0.467266,1.19209e-07
0.479067,0.482624,0
0.443768,0.459213,1.19209e-07
0.490836,0.49061,0
0.459893,0.471993,0
0.476731,0.442262,0
0.465124,0.454177,0
0.475089,0.48208,0
0.448403,0.486099,1.19209e-07
0.484505,0.465068,0
0.462103,0.479443,0
0.473671,0.452307,0
0.482537,0.487703,0
0.449707,0.462092,0
0.441464,0.49099,1.19209e-07
0.48955,0.461603,0
0.477964,0.469017,1.19209e-07
0.461237,0.44318,1.19209e-07
0.488146,0.446589,0
0.451938,0.474886,0
0.471756,0.493912,0
0.466229,0.45686,0
0.446733,0.448312,1.19209e-07
0.492706,0.478746,0
0.480962,0.465142,1.19209e-07
0.45757,0.485618,0
0.490086,0.470852,0
0.442032,0.441957,0
0.460696,0.489196,1.19209e-07
0.478782,0.458462,1.19209e-07
0.450946,0.481443,0
0.483206,0.453512,1.19209e-07
0.463385,0.463467,0
0.472485,0.486615,0
0.447517,0.483701,0
0.493547,0.467993,0
0.457245,0.451159,0
0.48162,0.475932,0
0.471137,0.444921,0
0.465768,0.473676,1.19209e-07
0.48905,0.494326,0
0.452327,0.456121,0
0.449322,0.451443,0
0.484948,0.479987,0
0.474546,0.462956,0
0.463512,0.489109,1.19209e-07
0.475613,0.49196,0
0.458694,0.460779,0
0.443445,0.469602,1.19209e-07
0.492356,0.444177,0
0.469353,0.474048,1.19209e-07
0.468203,0.44751,1.19209e-07
0.487111,0.458046,0
0.454358,0.493003,0
0.456403,0.477779,1.19209e-07
0.480291,0.449621,1.19209e-07
0.495918,0.484303,0
0.445797,0.466774,0
0.545054,0.49086,0
0.499611,0.464998,1.19209e-07
0.511125,0.470027,0
0.533793,0.453717,0
0.518043,0.441624,0
0.524658,0.480607,0
0.543004,0.458197,0
0.505465,0.488274,0
0.497747,0.477638,0
0.548149,0.445759,1.19209e-07
0.516201,0.455631,0
0.534807,0.482951,1.19209e-07
0.509431,0.450929,0
0.539393,0.474844,1.19209e-07
0.529858,0.467643,0
0.521639,0.493642,0
0.501387,0.490556,0
0.546006,0.462196,0
0.51277,0.451536,0
0.531567,0.471759,0
0.503376,0.459876,1.19209e-07
0.540649,0.486519,0
0.525944,0.442825,0
0.519911,0.480104,1.19209e-07
0.496523,0.44646,0
0.550451,0.475341,0
0.536681,0.45771,0
0.514346,0.484537,0
0.523455,0.464982,0
0.528224,0.494563,0
0.538386,0.448917,1.19209e-07
0.507632,0.472374,0
0.512176,0.491603,0
0.530719,0.463731,0
0.50214,0.454527,0
0.547312,0.469044,0
0.504204,0.482051,0
0.542049,0.442154,1.19209e-07
0.518629,0.459589,1.19209e-07
0.52616,0.487811,0
0.527551,0.450212,1.19209e-07
0.521865,0.473946,0
0.537185,0.492462,1.19209e-07
0.506679,0.467385,0
0.549618,0.454982,0
0.496869,0.482561,1.19209e-07
0.535828,0.478628,0
0.513515,0.444794,0
0.514962,0.476605,0
0.534625,0.447631,0
0.5484,0.484804,0
0.49877,0.457031,0
0.539799,0.466394,1.19209e-07
0.508645,0.495069,1.19209e-07
0.520842,0.447945,0
0.529012,0.473305,0
0.500642,0.470218,0
0.544259,0.452449,0
0.532335,0.489388,1.19209e-07
0.51045,0.462932,0
0.504716,0.444129,0
0.543186,0.478697,0
0.517257,0.485817,0
0.524264,0.461499,1.19209e-07
0.591755,0.447122,0
0.56709,0.47599,0
0.599241,0.482047,0
0.551094,0.457467,1.19209e-07
0.558044,0.493331,1.19209e-07
0.594547,0.465259,0
0.576509,0.449049,0
0.578851,0.473922,1.19209e-07
0.595784,0.479928,0
0.56364,0.442936,1.19209e-07
0.583157,0.459991,1.19209e-07
0.574727,0.487448,0
0.570078,0.461727,0
0.588167,0.490538,0
0.554699,0.46899,0
0.604841,0.45169,0
0.602523,0.47134,0
0.556837,0.452861,0
0.585854,0.464214,0
0.568735,0.490454,0
0.56173,0.481327,1.19209e-07
0.597991,0.441558,1.19209e-07
0.583993,0.486693,1.19209e-07
0.572811,0.458646,1.19209e-07
0.58969,0.47745,0
0.565785,0.445167,1.19209e-07
0.602258,0.455549,0
0.553164,0.483972,0
0.559897,0.467986,1.19209e-07
0.592728,0.494484,0
0.578198,0.472228,0
0.581184,0.450255,0
0.56939,0.452393,1.19209e-07
0.586494,0.469164,0
0.603345,0.462581,1.19209e-07
0.557127,0.491816,1.19209e-07
0.562935,0.461223,1.19209e-07
0.5986,0.487857,0
0.585099,0.443276,0
0.571492,0.479016,0
0.55373,0.446702,0
0.600581,0.475402,0
0.589151,0.456887,0
0.564575,0.483478,0
0.561117,0.474809,0
0.593518,0.447997,0
0.577426,0.466307,0
0.5806,0.492603,0
0.574046,0.441368,0
0.581859,0.481016,0
0.59699,0.459478,1.19209e-07
0.564157,0.485581,0
0.605385,0.488875,1.19209e-07
0.555264,0.463696,1.19209e-07
0.57071,0.470512,1.19209e-07
0.587268,0.453913,1.19209e-07
0.579689,0.467141,1.19209e-07
0.575571,0.495545,0
0.594654,0.472687,0
0.558891,0.450194,0
0.567795,0.454989,0
0.590565,0.48453,1.19209e-07
0.600474,0.44474,1.19209e-07
0.552147,0.477959,0
0.648057,0.487422,1.19209e-07
0.615647,0.461081,0
0.635951,0.443384,0
0.631585,0.479091,0
0.644182,0.470216,0
0.620416,0.451955,0
0.656332,0.461893,0
0.609022,0.490556,0
0.62663,0.465118,0
0.638619,0.493468,0
0.65298,0.448439,0
0.617035,0.474219,0
0.640729,0.456822,0
0.624225,0.483055,1.19209e-07
0.658072,0.477787,1.19209e-07
0.612356,0.446104,0
0.628394,0.493702,0
0.637622,0.466353,0
0.61893,0.449812,0
0.651405,0.472788,0
0.626315,0.454371,0
0.642535,0.483674,0
0.660327,0.444366,0
0.610677,0.475418,0
0.645216,0.454032,1.19209e-07
0.621746,0.469085,1.19209e-07
0.654132,0.488543,1.19209e-07
0.60723,0.463974,0
0.630051,0.442233,1.19209e-07
0.633311,0.480716,0
0.649502,0.458409,0
0.613734,0.486304,0
0.634466,0.459908,0
0.630743,0.488158,0
0.613524,0.442751,1.19209e-07
0.648766,0.47908,0
0.64663,0.491297,1.19209e-07
0.622722,0.461987,0
0.654913,0.451352,0
0.605929,0.470727,1.19209e-07
0.624795,0.477228,0
0.64208,0.446672,1.19209e-07
0.659453,0.48157,0
0.609532,0.45673,0
0.636548,0.473521,0
0.629052,0.44818,1.19209e-07
0.650641,0.465922,0
0.617775,0.492286,0
0.656139,0.468575,0
0.608039,0.453061,0
0.644306,0.463389,0
0.619565,0.490027,0
0.632728,0.459041,0
0.634771,0.485117,0
0.614969,0.481677,1.19209e-07
0.647229,0.441141,0
0.616172,0.467637,0
0.652565,0.494802,0
0.639247,0.45033,0
0.62736,0.472235,1.19209e-07
0.640961,0.476027,0
0.623743,0.445581,0
0.611539,0.484499,0
0.65743,0.45567,-1.19209e-07
0.681183,0.446491,0
0.691556,0.471233,0
0.70768,0.466253,0
0.671719,0.482271,0
0.712063,0.494021,0
0.665399,0.45566,0
0.679972,0.477887,0
0.696703,0.449115,0
0.677443,0.463249,0
0.70061,0.486481,0
0.661898,0.46876,0
0.711757,0.441096,0
0.702331,0.480614,1.19209e-07
0.670164,0.451857,0
0.688893,0.46062,0
0.686707,0.491382,0
0.683083,0.472895,0
0.693954,0.444682,1.19209e-07
0.706295,0.483318,0
0.674,0.465848,0
0.695394,0.47527,1.19209e-07
0.678795,0.448714,0
0.714459,0.45717,0
0.667105,0.492102,0
0.709369,0.470799,1.19209e-07
0.663717,0.442903,-1.19209e-07
0.675634,0.487057,1.19209e-07
0.698761,0.461005,1.19209e-07
0.668337,0.478184,0
0.704207,0.452725,1.19209e-07
0.684705,0.458047,0
0.690204,0.489491,0
0.683682,0.467683,0
0.693258,0.482832,1.19209e-07
0.672932,0.472581,1.19209e-07
0.705196,0.445955,0
0.677728,0.49512,1.19209e-07
0.695843,0.454634,0
0.713992,0.476759,0
0.666209,0.4499,0
0.708474,0.464187,0
0.662609,0.485396,0
0.699189,0.468243,0
0.674783,0.440694,0
0.667606,0.459485,0
0.703691,0.490743,0
0.690829,0.450654,1.19209e-07
0.685619,0.480504,0
0.710724,0.488029,1.19209e-07
0.660929,0.46237,0
0.675964,0.470023,1.19209e-07
0.700138,0.443045,1.19209e-07
0.701651,0.458892,0
0.669038,0.48846,0
0.687984,0.479533,1.19209e-07
0.687312,0.453351,0
0.697848,0.49299,1.19209e-07
0.680876,0.455939,0
0.663958,0.47616,0
0.713092,0.447548,1.19209e-07
0.671418,0.44419,0
0.706782,0.474421,0
0.692604,0.464445,0
0.681987,0.48466,0
0.716833,0.466162,0
0.755215,0.445585,0
0.731764,0.472447,1.19209e-07
0.743757,0.477128,0
0.739642,0.449037,0
0.724789,0.494949,0
0.75905,0.453932,1.19209e-07
0.746971,0.463981,0
0.736167,0.485989,0
0.727194,0.441234,0
0.762377,0.467531,0
0.767693,0.45117,1.19209e-07
0.72142,0.480899,0
0.734567,0.460184,0
0.749668,0.490429,0
0.738729,0.461512,0
0.749076,0.486416,1.19209e-07
0.760937,0.442513,0
0.727965,0.469683,0
0.720288,0.452885,0
0.7515,0.457318,1.19209e-07
0.733805,0.488403,1.19209e-07
0.722625,0.45567,0
0.740734,0.474709,0
0.744423,0.448565,0
0.76407,0.465231,0
0.718437,0.484211,0
0.753106,0.473883,0
0.729161,0.444016,0
0.734915,0.478983,0
0.750732,0.45364,0
0.721013,0.458874,0
0.726101,0.487893,0
0.761531,0.460894,1.19209e-07
0.745875,0.470032,0
0.736801,0.443314,0
0.742937,0.45668,1.19209e-07
0.739846,0.491583,0
0.724574,0.447613,0
0.757846,0.475233,0
0.76485,0.444383,0
0.715515,0.472925,1.19209e-07
0.731344,0.464347,0
0.755673,0.483086,0
0.756566,0.449723,1.19209e-07
0.723146,0.476449,0
0.744937,0.493544,1.19209e-07
0.742167,0.455178,0
0.730033,0.481293,1.19209e-07
0.754224,0.467367,0
0.717711,0.446843,0
0.763643,0.471198,1.19209e-07
0.727327,0.462801,0
0.747872,0.440611,0
0.737992,0.468513,1.19209e-07
0.719214,0.491396,0
0.768751,0.45898,0
0.751829,0.479799,0
0.733067,0.45087,0
0.770478,0.456151,0
0.77356,0.44131,0
0.772739,0.44704,0
0.863323,0.273354,1.99362
0.862996,0.274008,1.98596
0.871448,0.257104,1.99693
0.868013,0.263974,1.99356
0.867134,0.265731,1.98925
0.871092,0.257815,1.99173
0.873291,0.253417,1.93006
0.8632,0.273599,1.97276
0.869548,0.260905,1.95518
0.866593,0.266813,1.92641
0.870054,0.259892,1.96051
0.864386,0.271228,1.9374
0.866734,0.266531,1.91474
0.877401,0.245198,1.95594
0.873178,0.253644,1.94348
0.863536,0.272927,1.94389
0.871225,0.25755,1.96654
0.865804,0.268393,1.93138
0.873138,0.253723,1.95303
0.871531,0.256937,1.93577
0.862794,0.274413,1.96311
0.868445,0.26311,1.94962
0.867837,0.264327,1.96558
0.871233,0.257534,1.98551
0.868093,0.263814,1.92153
0.865407,0.269187,1.91888
0.867617,0.264765,1.95612
0.873721,0.252558,1.9767
0.869876,0.260248,1.94409
0.865047,0.269906,1.96955
0.875295,0.249409,1.94498
0.868887,0.262226,1.9704
0.863812,0.272377,1.95193
0.875025,0.249951,1.99885
0.879364,0.241271,1.88526
0.868937,0.262126,1.88107
0.875553,0.248895,1.88833
0.865873,0.268254,1.90856
0.878557,0.242885,1.88165
0.877618,0.244765,1.91649
0.872878,0.254245,1.91764
0.872829,0.254342,1.89601
0.879336,0.241329,1.90715
0.868939,0.262123,1.90672
0.872628,0.254744,1.87244
0.871964,0.256072,1.91767
0.874776,0.250448,1.9087
0.879674,0.240651,1.91741
0.867887,0.264227,1.90977
0.877342,0.245317,1.89121
0.876969,0.246061,1.93131
0.873747,0.252506,1.87072
0.871391,0.257217,1.9133
0.870622,0.258756,1.88972
0.874556,0.250887,1.89392
0.876147,0.247706,1.91558
0.880017,0.239966,1.88199
0.87134,0.25732,1.88379
0.877077,0.245845,1.88157
0.867313,0.265374,1.90155
0.873053,0.253894,1.90537
0.873707,0.252585,1.92049
0.877593,0.244815,1.86321
0.88135,0.2373,1.82353
0.87531,0.249381,1.82586
0.874184,0.251633,1.82863
0.874644,0.250712,1.85403
0.87864,0.242721,1.83088
0.872889,0.254222,1.81752
0.88068,0.238641,1.84261
0.881646,0.236709,1.86548
0.876675,0.246649,1.82233
0.877186,0.245627,1.8372
0.881277,0.237447,1.85568
0.88043,0.239139,1.82655
0.884128,0.231744,1.84619
0.874515,0.25097,1.81234
0.882378,0.235244,1.83199
0.875996,0.248008,1.86032
0.872412,0.255175,1.84527
0.879982,0.240036,1.83645
0.876722,0.246555,1.81492
0.870321,0.259357,1.85298
0.880154,0.239692,1.81797
0.881584,0.236831,1.85922
0.8769,0.246199,1.82822
0.879106,0.241789,1.86251
0.883105,0.233791,1.84559
0.875428,0.249144,1.83835
0.881791,0.236418,1.83178
0.876033,0.247934,1.84957
0.873329,0.253343,1.80582
0.878699,0.242602,1.84124
0.872418,0.255165,1.83818
0.878633,0.242734,1.82146
0.879812,0.240376,1.86717
0.873856,0.252288,1.82603
0.873505,0.25299,1.85582
0.880357,0.239286,1.77112
0.885233,0.229533,1.81427
0.875502,0.248996,1.78179
0.883625,0.232749,1.80415
0.887004,0.225993,1.77606
0.884406,0.231188,1.80336
0.88775,0.2245,1.79414
0.877763,0.244473,1.76238
0.8754,0.2492,1.77453
0.887178,0.225644,1.78816
0.877952,0.244095,1.80094
0.883704,0.232593,1.82293
0.880611,0.238778,1.79396
0.884568,0.230863,1.7941
0.883698,0.232603,1.77139
0.878739,0.242523,1.77812
0.876634,0.246732,1.80585
0.88817,0.223659,1.78227
0.883494,0.233013,1.79343
0.882111,0.235777,1.77276
0.883419,0.233161,1.81333
0.879758,0.240484,1.79546
0.885844,0.228312,1.78762
0.881919,0.236163,1.81853
0.882198,0.235605,1.77651
0.885964,0.228072,1.78171
0.876692,0.246617,1.77919
0.882472,0.235056,1.78457
0.875537,0.248925,1.78973
0.885407,0.229186,1.77152
0.25664,0.508207,1.19209e-07
0.265596,0.516643,0
0.271401,0.50202,1.19209e-07
0.274624,0.519744,0
0.252888,0.497875,0
0.263833,0.505362,1.19209e-07
0.26947,0.532658,0
0.259725,0.510567,1.19209e-07
0.270609,0.513374,0
0.268864,0.499876,0
0.275053,0.524982,0
0.27337,0.508713,0
0.263088,0.522342,1.19209e-07
0.272297,0.540153,0
0.260778,0.50092,0
0.313777,0.53734,1.19209e-07
0.295041,0.496542,0
0.279401,0.542526,0
0.324661,0.514144,0
0.283611,0.518973,1.19209e-07
0.323008,0.5457,1.19209e-07
0.309357,0.508642,0
0.300563,0.52544,0
0.29903,0.510565,0
0.304127,0.540197,0
0.320208,0.500897,1.19209e-07
0.289392,0.531368,1.19209e-07
0.27677,0.50552,0
0.328736,0.527426,0
0.313215,0.523811,1.19209e-07
0.291644,0.550264,0
0.296548,0.538737,1.19209e-07
0.305505,0.512922,0
0.28749,0.502979,1.19209e-07
0.317897,0.5341,1.19209e-07
0.330098,0.504805,0
0.277967,0.529933,0
0.311016,0.548884,0
0.289646,0.521749,1.19209e-07
0.307444,0.526016,0
0.302336,0.50723,0
0.321575,0.517373,0
0.285839,0.547501,0
0.316198,0.498687,0
0.29323,0.535947,1.19209e-07
0.281063,0.516784,0
0.326695,0.54286,1.19209e-07
0.327543,0.521245,0
0.275943,0.548149,0
0.292846,0.50351,1.19209e-07
0.312532,0.530366,0
0.305028,0.502425,1.19209e-07
0.299326,0.532722,0
0.288354,0.512436,0
0.319038,0.537655,0
0.310117,0.546896,1.19209e-07
0.301549,0.518656,0
0.323969,0.508225,1.19209e-07
0.283179,0.52712,0
0.280948,0.499769,0
0.325341,0.534644,1.19209e-07
0.296066,0.543971,1.19209e-07
0.314635,0.516029,0
0.321191,0.524006,0
0.284938,0.510226,0
0.302955,0.544655,0
0.30801,0.520138,0
0.317042,0.541669,1.19209e-07
0.294302,0.514979,0
0.282072,0.536253,0
0.326341,0.49779,0
0.286796,0.540711,0
0.318485,0.51155,0
0.306696,0.532381,0
0.297734,0.500044,0
0.278901,0.523031,0
0.32961,0.550784,0
0.290797,0.528749,0
0.311497,0.506517,1.19209e-07
0.341786,0.516138,0
0.375789,0.544246,0
0.356841,0.534355,0
0.361684,0.499644,0
0.345701,0.507764,0
0.368955,0.525405,1.19209e-07
0.334745,0.547627,0
0.384861,0.517986,1.19209e-07
0.374231,0.503489,0
0.338567,0.530266,0
0.364792,0.548388,0
0.353811,0.521253,0
0.379412,0.530921,0
0.333076,0.501557,0
0.350623,0.538497,0
0.366668,0.511959,0
0.378876,0.514467,1.19209e-07
0.343536,0.541791,0
0.356454,0.49667,0
0.359392,0.535945,0
0.371513,0.509801,1.19209e-07
0.347539,0.52591,1.19209e-07
0.33631,0.519118,0
0.382635,0.544824,0
0.35191,0.550613,0
0.362224,0.522188,0
0.372655,0.528507,0
0.340366,0.505084,0
0.367241,0.54074,0
0.349525,0.510342,0
0.381083,0.499779,0
0.331239,0.533841,0
0.36282,0.529308,0
0.3527,0.504418,0
0.373563,0.520734,0
0.340377,0.549544,1.19209e-07
0.368208,0.502643,1.19209e-07
0.348202,0.532282,0
0.332051,0.513312,0
0.38183,0.538001,0
0.377307,0.534999,0
0.344266,0.498399,1.19209e-07
0.359,0.515797,1.19209e-07
0.35535,0.543244,1.19209e-07
0.346517,0.517545,0
0.371187,0.546767,1.19209e-07
0.337678,0.52389,1.19209e-07
0.383654,0.506769,0
0.3602,0.54205,0
0.357683,0.513564,0
0.342699,0.537259,0
0.377265,0.497832,0
0.335944,0.509164,0
0.385359,0.526369,0
0.369718,0.520084,0
0.34494,0.545504,0
0.333566,0.539839,1.19209e-07
0.380673,0.511498,1.19209e-07
0.365255,0.532416,0
0.350002,0.501504,1.19209e-07
0.363675,0.506587,0
0.354882,0.527615,0
0.339304,0.523356,0
0.374899,0.549826,1.19209e-07
0.43537,0.535275,1.19209e-07
0.390853,0.507412,0
0.40502,0.543833,0
0.426381,0.517796,1.19209e-07
0.395571,0.525267,0
0.434054,0.499009,0
0.412253,0.515196,0
0.416883,0.547607,1.19209e-07
0.385968,0.548255,1.19209e-07
0.437642,0.512528,0
0.401527,0.502738,0
0.420816,0.529248,0
0.406728,0.532595,0
0.415259,0.504139,0
0.397397,0.521159,1.19209e-07
0.429226,0.539897,1.19209e-07
0.430983,0.525463,1.19209e-07
0.393743,0.496554,0
0.418793,0.514062,0
0.410493,0.545067,1.19209e-07
0.424168,0.542487,0
0.403964,0.519167,0
0.437077,0.50845,0
0.391157,0.536054,0
0.413902,0.530945,0
0.408608,0.505935,0
0.398934,0.538398,0
0.428348,0.523327,0
0.400243,0.528039,0
0.422249,0.500132,0
0.388149,0.511386,0
0.440226,0.54982,0
0.414562,0.521031,1.19209e-07
0.409299,0.540366,1.19209e-07
0.398033,0.503649,0
0.42797,0.533226,0
0.422998,0.548883,0
0.401219,0.512363,0
0.439789,0.502077,0
0.389188,0.530476,0
0.404453,0.533978,0
0.424982,0.508066,0
0.436152,0.543185,0
0.392349,0.51736,1.19209e-07
0.420182,0.52402,0
0.411759,0.498347,0
0.431757,0.516181,0
0.392867,0.546465,0
0.390032,0.541489,0
0.434426,0.519482,0
0.406382,0.509859,1.19209e-07
0.426126,0.536608,0
0.412598,0.52654,0
0.418118,0.497583,1.19209e-07
0.394648,0.514863,0
0.432443,0.545079,0
0.421851,0.510469,0
0.402786,0.550744,0
0.438705,0.527287,0
0.387324,0.501319,0
0.416034,0.537946,0
0.407535,0.522759,0
0.397044,0.532278,0
0.429944,0.505464,0
0.466622,0.530189,0
0.47481,0.50192,1.19209e-07
0.448126,0.512381,0
0.486074,0.548302,0
0.478982,0.533296,0
0.459183,0.50361,0
0.446664,0.5401,0
0.491368,0.520488,0
0.452912,0.533981,0
0.4832,0.507649,1.19209e-07
0.464244,0.517479,0
0.469435,0.542982,1.19209e-07
0.455734,0.546278,0
0.4785,0.516139,0
0.443882,0.498642,0
0.495206,0.523398,0
0.458039,0.514596,0
0.476364,0.545174,0
0.492551,0.497611,1.19209e-07
0.442447,0.526558,0
0.471753,0.519588,0
0.462496,0.54133,0
0.483831,0.536533,0
0.451555,0.509514,1.19209e-07
0.488288,0.51032,1.19209e-07
0.449659,0.550875,1.19209e-07
0.468376,0.500911,1.19209e-07
0.473023,0.527059,0
0.48899,0.537903,0
0.445569,0.522676,0
0.482157,0.505121,0
0.461208,0.531849,0
0.45863,0.53811,0
0.479976,0.523359,1.19209e-07
0.447424,0.505743,0
0.491578,0.530448,0
0.486712,0.500216,1.19209e-07
0.448968,0.528188,0
0.473556,0.549691,0
0.465334,0.511422,1.19209e-07
0.477519,0.525447,0
0.455477,0.496428,0
0.494157,0.513843,0
0.443383,0.544601,0
0.463587,0.535832,0
0.468655,0.508102,0
0.482299,0.541914,0
0.45426,0.518852,1.19209e-07
0.470243,0.535474,0
0.461574,0.506874,1.19209e-07
0.452339,0.543652,0
0.485291,0.51752,0
0.475471,0.498714,0
0.456813,0.525005,0
0.493899,0.547234,1.19209e-07
0.44146,0.515403,0
0.480528,0.539723,0
0.460652,0.521146,0
0.490645,0.504014,1.19209e-07
0.444436,0.532306,0
0.472351,0.512574,1.19209e-07
0.467211,0.548307,0
0.450745,0.502875,1.19209e-07
0.487312,0.529321,1.19209e-07
0.539113,0.531866,1.19209e-07
0.506363,0.501265,1.19209e-07
0.530151,0.511999,0
0.521351,0.537775,0
0.55002,0.502625,1.19209e-07
0.497562,0.529563,1.19209e-07
0.516381,0.52043,0
0.534646,0.547894,0
0.511168,0.533733,0
0.531161,0.498644,0
0.501161,0.515029,0
0.546865,0.543572,1.19209e-07
0.519464,0.507224,0
0.524133,0.526434,1.19209e-07
0.541032,0.51779,0
0.504118,0.546187,0
0.548208,0.52815,1.19209e-07
0.49749,0.505932,0
0.536491,0.52156,0
0.513893,0.550258,0
0.523121,0.510988,0
0.528314,0.539679,0
0.509502,0.531268,0
0.537171,0.500046,0
0.526709,0.50949,1.19209e-07
0.51808,0.523667,0
0.505,0.51986,0
0.542747,0.544409,0
0.543965,0.514095,1.19209e-07
0.499655,0.540776,0
0.511595,0.497456,0
0.533084,0.535657,0
0.533949,0.504795,1.19209e-07
0.515458,0.52697,0
0.49886,0.522591,0
0.549154,0.549319,0
0.528841,0.530175,0
0.520355,0.500988,0
0.540229,0.509728,1.19209e-07
0.507485,0.539335,0
0.530349,0.541678,0
0.510003,0.51326,0
0.546201,0.495966,0
0.502315,0.536681,0
0.542054,0.524736,0
0.503372,0.508065,0
0.523617,0.518435,0
0.518862,0.545532,0
0.522311,0.533545,0
0.527499,0.501992,1.19209e-07
0.538319,0.538531,0
0.508692,0.51248,0
0.49619,0.549022,1.19209e-07
0.548078,0.520723,0
0.535863,0.528614,1.19209e-07
0.513168,0.504432,0
0.517258,0.516444,0
0.525233,0.546517,0
0.543535,0.506451,0
0.505564,0.525396,0
0.532578,0.51558,0
0.512666,0.542611,0
0.544667,0.534569,0
0.500275,0.497722,0
0.551771,0.507553,0
0.603069,0.535964,0
0.570815,0.545923,-1.19209e-07
0.590954,0.515575,0
0.583434,0.54119,1.19209e-07
0.575395,0.518796,0
0.595084,0.497226,0
0.563915,0.52335,0
0.56455,0.501387,0
0.587091,0.527324,0
0.554663,0.537981,0
0.599359,0.521709,0
0.573643,0.532626,0
0.578978,0.504234,0
0.596547,0.54972,0
0.560008,0.510129,1.19209e-07
0.581926,0.517047,0
0.577009,0.542453,0
0.561551,0.49792,0
0.593313,0.525035,1.19209e-07
0.588684,0.543861,0
0.5681,0.513333,0
0.604443,0.508074,0
0.553774,0.53361,0
0.571598,0.504182,0
0.580422,0.530301,0
0.59833,0.511081,0
0.558761,0.548387,1.19209e-07
0.55726,0.520751,0
0.600681,0.539383,0
0.585486,0.499425,0
0.566843,0.529511,0
0.579537,0.54718,0
0.574725,0.512148,0
0.560846,0.53095,0
0.595454,0.502999,0
0.565228,0.538681,0
0.587838,0.520261,1.19209e-07
0.555862,0.500846,0
0.599641,0.528886,1.19209e-07
0.576242,0.526341,1.19209e-07
0.584914,0.49875,1.19209e-07
0.56324,0.516555,0
0.594265,0.542971,0
0.602259,0.513846,0
0.551255,0.544652,0
0.591123,0.534716,0
0.569952,0.509031,0
0.567663,0.522397,0
0.586036,0.537177,1.19209e-07
0.601452,0.502329,0
0.555997,0.527115,0
0.557665,0.505338,0
0.597497,0.531654,0
0.581441,0.510353,0
0.572762,0.549262,0
0.56933,0.535887,1.19209e-07
0.589462,0.506275,0
0.605152,0.546663,0
0.552535,0.514669,0
0.582591,0.524209,-1.19209e-07
0.577684,0.495836,0
0.592309,0.518466,0
0.562527,0.540991,0
0.656918,0.514515,0
0.611377,0.545918,0
0.622637,0.505881,1.19209e-07
0.644599,0.535425,0
0.636233,0.495735,1.19209e-07
0.631369,0.523282,0
0.615891,0.519414,0
0.652077,0.540251,0
0.640538,0.522619,0
0.623959,0.53785,0
0.605607,0.501226,0
0.655548,0.527615,0
0.628563,0.509908,0
0.639528,0.550006,1.19209e-07
0.612383,0.531992,0
0.646673,0.504781,1.19209e-07
0.630089,0.498244,0
0.633618,0.525137,0
0.650419,0.517178,1.19209e-07
0.618193,0.543361,0
0.645362,0.508215,1.19209e-07
0.620801,0.534686,0
0.658897,0.543431,0
0.609453,0.514161,0
0.637627,0.510833,0
0.627033,0.548122,0
0.614695,0.502798,1.19209e-07
0.649743,0.530964,0
0.653978,0.498969,1.19209e-07
0.607296,0.529783,1.19209e-07
0.626019,0.519509,1.19209e-07
0.64239,0.539682,0
0.646102,0.546385,0
0.619587,0.515668,0
0.610323,0.535878,1.19209e-07
0.659974,0.506737,0
0.651086,0.523706,0
0.618586,0.496325,0
0.630482,0.541459,1.19209e-07
0.634356,0.518304,0
0.624882,0.52647,0
0.642355,0.501448,0
0.654702,0.537127,1.19209e-07
0.60857,0.521427,1.19209e-07
0.63705,0.533032,0
0.626494,0.504245,0
0.648419,0.510643,1.19209e-07
0.614827,0.549432,0
0.647761,0.547028,0
0.61362,0.512613,0
0.629395,0.530437,1.19209e-07
0.638436,0.503728,1.19209e-07
0.606607,0.538609,1.19209e-07
0.656005,0.520703,0
0.623482,0.499925,1.19209e-07
0.641003,0.527942,1.19209e-07
0.658205,0.533013,0
0.612197,0.507962,0
0.643406,0.512977,0
0.621512,0.544631,1.19209e-07
0.616772,0.526022,1.19209e-07
0.653103,0.49771,0
0.63474,0.541938,0
0.632438,0.516161,0
0.705335,0.524387,0
0.667368,0.497974,0
0.682441,0.54306,0
0.687931,0.517005,1.19209e-07
0.696621,0.543591,1.19209e-07
0.674412,0.513243,0
0.664756,0.534625,1.19209e-07
0.710285,0.508254,0
0.671621,0.547932,1.19209e-07
0.702847,0.510673,1.19209e-07
0.686289,0.50201,0
0.693918,0.53041,0
0.714442,0.539229,0
0.663255,0.519396,0
0.67958,0.529207,0
0.698575,0.499339,0
0.676261,0.544964,0
0.695252,0.51418,0
0.666854,0.506077,0
0.709141,0.535032,0
0.707339,0.495493,0
0.669155,0.523446,1.19209e-07
0.689938,0.539939,0
0.681097,0.518721,0
0.661472,0.5373,0
0.712288,0.522393,0
0.67773,0.501147,1.19209e-07
0.699706,0.527579,0
0.703782,0.548998,0
0.672988,0.509267,0
0.684317,0.531163,0
0.691742,0.504991,0
0.708763,0.512411,1.19209e-07
0.665748,0.544656,0
0.695397,0.532825,0
0.677369,0.50796,0
0.70706,0.541389,1.19209e-07
0.669851,0.515837,0
0.681643,0.525386,0
0.690735,0.497498,0
0.673442,0.529551,1.19209e-07
0.703776,0.502893,0
0.685359,0.512126,1.19209e-07
0.691877,0.546514,1.19209e-07
0.660899,0.500181,1.19209e-07
0.712993,0.527589,1.19209e-07
0.700906,0.520346,0
0.678146,0.538381,0
0.693353,0.509765,0
0.687355,0.548498,0
0.670627,0.504436,1.19209e-07
0.701362,0.532185,1.19209e-07
0.713563,0.501283,0
0.662442,0.526347,0
0.680098,0.521084,0
0.699044,0.536328,1.19209e-07
0.688419,0.52378,0
0.684045,0.496639,0
0.705976,0.5174,0
0.668262,0.541217,0
0.675452,0.535555,0
0.697629,0.506746,1.19209e-07
0.711204,0.545892,1.19209e-07
0.664532,0.515511,0
0.743431,0.509122,0
0.727735,0.504096,0
0.720581,0.527047,1.19209e-07
0.731153,0.521256,1.19209e-07
0.723943,0.540344,0
0.735938,0.496235,0
0.715231,0.515428,1.19209e-07
0.716729,0.543749,1.19209e-07
0.734841,0.506899,0
0.721774,0.517084,0
0.74759,0.496918,0
0.737223,0.524351,1.19209e-07
0.725381,0.529834,0
0.742012,0.510843,1.19209e-07
0.718901,0.498711,0
0.72945,0.539094,0
0.725052,0.497598,1.19209e-07
0.715937,0.533984,0
0.732,0.513047,0
0.740124,0.502079,0
0.730316,0.528302,-1.19209e-07
0.721651,0.519457,0
0.726756,0.509758,0
0.744388,0.505118,0
0.719118,0.536805,0
0.728785,0.500966,0
0.717708,0.505574,1.19209e-07
0.738415,0.517929,0
0.723094,0.523985,0
0.847617,0.304767,1.98812
0.854313,0.291374,1.97546
0.85857,0.282861,1.97599
0.85517,0.289659,1.99609
0.849778,0.300444,1.95232
0.851686,0.296628,1.98556
0.859628,0.280743,1.99283
0.856135,0.28773,1.96462
0.850963,0.298075,1.96694
0.846975,0.306049,1.99429
0.855768,0.288463,1.96811
0.849265,0.301469,1.94658
0.855818,0.288365,1.98913
0.860419,0.279162,1.9676
0.854802,0.290397,1.95794
0.84773,0.30454,1.95241
0.851273,0.297454,1.97689
0.850257,0.299485,1.99541
0.853746,0.292508,1.964
0.859299,0.281402,1.92927
0.851356,0.297288,1.9172
0.855618,0.288765,1.89888
0.855172,0.289655,1.94696
0.854188,0.291624,1.92868
0.853049,0.293903,1.88372
0.862505,0.274989,1.93197
0.854425,0.29115,1.90036
0.849066,0.301868,1.93896
0.856234,0.287531,1.90764
0.858291,0.283417,1.93491
0.852363,0.295274,1.91153
0.851628,0.296744,1.92676
0.858322,0.283355,1.90182
0.860989,0.278021,1.93012
0.850916,0.298168,1.94057
0.857761,0.284478,1.91453
0.861084,0.277833,1.91762
0.854182,0.291636,1.8911
0.855359,0.289283,1.93729
0.854483,0.291034,1.91675
0.860401,0.279198,1.91033
0.85342,0.29316,1.9466
0.863209,0.273582,1.9058
0.852274,0.295451,1.90002
0.853255,0.29349,1.91821
0.861638,0.276724,1.84856
0.864548,0.270905,1.86852
0.861268,0.277464,1.88034
0.868527,0.262946,1.8532
0.861287,0.277427,1.89752
0.860368,0.279264,1.88078
0.854664,0.290672,1.87654
0.861187,0.277627,1.89022
0.858653,0.282694,1.88177
0.862084,0.275832,1.86221
0.855082,0.289837,1.86304
0.856196,0.287608,1.8703
0.866137,0.267725,1.88858
0.863501,0.272999,1.84547
0.860061,0.279878,1.87294
0.859455,0.28109,1.84215
0.858713,0.282573,1.8922
0.866279,0.267441,1.85544
0.862653,0.274693,1.88689
0.85776,0.28448,1.84731
0.859838,0.280324,1.84973
0.856317,0.287365,1.8581
0.857658,0.284683,1.8311
0.859558,0.280884,1.89256
0.866888,0.266224,1.86885
0.858973,0.282054,1.87382
0.865572,0.268855,1.88212
0.856655,0.286689,1.87554
0.864083,0.271833,1.83612
0.860178,0.279644,1.82467
0.863186,0.273628,1.80932
0.867346,0.265308,1.83577
0.86051,0.278981,1.83424
0.866657,0.266686,1.82949
0.863277,0.273445,1.81663
0.8664,0.2672,1.84035
0.85809,0.28382,1.82529
0.867364,0.265271,1.79455
0.867617,0.264767,1.80863
0.867599,0.264803,1.84634
0.871599,0.256802,1.81016
0.863138,0.273725,1.79876
0.861355,0.277289,1.79273
0.867777,0.264446,1.80378
0.864872,0.270256,1.79297
0.86244,0.275121,1.83405
0.869715,0.260571,1.77756
0.864489,0.271022,1.74942
0.874067,0.251866,1.75313
0.871109,0.257781,1.76514
0.867962,0.264076,1.76078
0.873211,0.253578,1.77432
0.862269,0.275463,1.7694
0.86771,0.264581,1.73671
0.866371,0.267258,1.77288
0.870423,0.259153,1.75915
0.869707,0.260586,1.74572
0.865284,0.269432,1.75194
0.870828,0.258344,1.77517
0.87575,0.2485,1.76315
0.872949,0.254102,1.77255
0.867887,0.264226,1.76656
0.868094,0.263811,1.77954
0.864542,0.270916,1.73879
0.873329,0.253343,1.78567
0.867763,0.264473,1.7509
0.863842,0.272315,1.77922
0.873299,0.253402,1.74932
0.865449,0.269102,1.78055
0.875792,0.248417,1.75158
0.870974,0.258052,1.78345
0.869276,0.261449,1.74608
0.871887,0.256227,1.78802
0.871966,0.256068,1.75674
0.874546,0.250908,1.78125
0.872548,0.254904,1.76429
0.866048,0.267904,1.7359
0.868263,0.263475,1.79074
0.863591,0.272819,1.75457
0.866675,0.266651,1.77511
0.874599,0.250802,1.75796
0.872295,0.255409,1.79605
0.872335,0.25533,1.75896
0.86489,0.27022,1.76891
0.87198,0.25604,1.77996
0.865683,0.268634,1.74203
0.294538,0.560495,0
0.310274,0.584286,0
0.330618,0.565674,0
0.298515,0.58634,0
0.310045,0.557397,0
0.288856,0.575898,0
0.321618,0.603165,0
0.325416,0.5901,0
0.278676,0.554177,0
0.313707,0.57406,0
0.305115,0.598123,0
0.300312,0.571993,1.19209e-07
0.32033,0.561807,0
0.301773,0.597012,0
0.304665,0.568627,1.19209e-07
0.318446,0.579833,1.19209e-07
0.285628,0.564116,0
0.326794,0.551793,0
0.316908,0.601983,0
0.292052,0.572636,0
0.327652,0.593528,1.19209e-07
0.294975,0.582889,0
0.31264,0.559337,0
0.296894,0.555749,0
0.307216,0.588448,0
0.323668,0.578694,0
0.311829,0.567211,0
0.28117,0.558412,0
0.329074,0.58369,0
0.29954,0.577332,0
0.308953,0.605687,0
0.320946,0.555401,0
0.318702,0.596071,0
0.301217,0.579321,0
0.306664,0.564457,0
0.32431,0.573617,1.19209e-07
0.315144,0.591275,1.19209e-07
0.289614,0.552494,1.19209e-07
0.325647,0.600212,1.19209e-07
0.315914,0.553753,1.19209e-07
0.317589,0.570803,0
0.303935,0.580671,1.19209e-07
0.303141,0.56285,0
0.312758,0.595677,0
0.295708,0.566519,0
0.328729,0.561023,1.19209e-07
0.322557,0.586754,1.19209e-07
0.286095,0.556838,0
0.307751,0.576847,1.19209e-07
0.377371,0.576532,0
0.338403,0.605134,0
0.352615,0.559496,1.19209e-07
0.360881,0.583943,0
0.347878,0.585608,0
0.366392,0.557878,0
0.381705,0.594229,0
0.337191,0.567652,0
0.33325,0.58195,0
0.384934,0.563085,1.19209e-07
0.34825,0.572256,0
0.369404,0.600102,1.19209e-07
0.363239,0.571652,1.19209e-07
0.357616,0.597014,1.19209e-07
0.372318,0.591718,0
0.341551,0.553514,0
0.345722,0.555756,1.19209e-07
0.368388,0.58753,1.19209e-07
0.33429,0.593953,0
0.38054,0.565112,1.19209e-07
0.375731,0.603289,0
0.33945,0.578543,0
0.359163,0.560809,1.19209e-07
0.354681,0.583658,1.19209e-07
0.343664,0.589429,0
0.374204,0.55138,0
0.355987,0.568865,1.19209e-07
0.364922,0.598043,1.19209e-07
0.351112,0.601615,0
0.371661,0.57417,0
0.330919,0.563689,0
0.38345,0.57975,1.19209e-07
0.381325,0.554959,0
0.336035,0.588329,0
0.346754,0.566213,1.19209e-07
0.36586,0.593203,0
0.35169,0.603902,1.19209e-07
0.360214,0.577398,0
0.378624,0.582113,0
0.338065,0.55999,1.19209e-07
0.369036,0.564536,0
0.349426,0.578855,0
0.385424,0.602221,0
0.333447,0.574709,1.19209e-07
0.356689,0.552425,1.19209e-07
0.361949,0.590341,0
0.373161,0.569378,1.19209e-07
0.342273,0.599022,0
0.344509,0.595083,0
0.367489,0.566816,0
0.379398,0.587109,0
0.335883,0.556659,0
0.353133,0.57549,1.19209e-07
0.358378,0.605726,1.19209e-07
0.340673,0.585353,0
0.376672,0.558388,1.19209e-07
0.349727,0.561644,1.19209e-07
0.370968,0.580583,0
0.382401,0.573023,0
0.332338,0.600153,0
0.342941,0.570385,0
0.374823,0.596507,0
0.363951,0.554265,0
0.355333,0.591119,1.19209e-07
0.401243,0.565083,0
0.425014,0.605122,0
0.434636,0.555535,0
0.387987,0.582701,0
0.39375,0.56001,0
0.426996,0.586447,0
0.416022,0.57686,1.19209e-07
0.412901,0.592305,0
0.430783,0.56939,0
0.397767,0.600585,0
0.418601,0.581556,0
0.408797,0.552005,0
0.403715,0.592043,0
0.422899,0.564216,0
0.390049,0.574765,0
0.43959,0.595761,0
0.437926,0.571645,0
0.391277,0.597624,0
0.405629,0.562615,0
0.42167,0.589522,0
0.39657,0.571353,0
0.432221,0.601153,0
0.407553,0.579395,1.19209e-07
0.41688,0.552851,0
0.435561,0.584601,0
0.385967,0.556399,0
0.401706,0.604263,0
0.426885,0.566533,0
0.413705,0.595428,1.19209e-07
0.411012,0.575434,0
0.394737,0.588461,0
0.428994,0.558115,0
0.392083,0.563927,0
0.438532,0.590937,1.19209e-07
0.420881,0.573786,0
0.40516,0.596928,1.19209e-07
0.433374,0.55154,0
0.397651,0.580852,0
0.41782,0.599476,0
0.406973,0.568418,0
0.402671,0.554594,0
0.426064,0.583302,1.19209e-07
0.436746,0.565703,1.19209e-07
0.387238,0.604669,0
0.39544,0.577803,1.19209e-07
0.429567,0.593889,0
0.414867,0.561188,0
0.410361,0.586079,1.19209e-07
0.422387,0.598665,0
0.404288,0.57332,0
0.440401,0.561673,1.19209e-07
0.390798,0.589787,0
0.432039,0.579587,1.19209e-07
0.39914,0.554468,0
0.420009,0.570392,0
0.409716,0.601781,1.19209e-07
0.399482,0.583805,1.19209e-07
0.424383,0.557157,0
0.434857,0.602446,0
0.389067,0.568062,0
0.41197,0.559334,0
0.415345,0.587783,0
0.393312,0.59404,0
0.428316,0.576541,1.19209e-07
0.4464,0.601879,1.19209e-07
0.495242,0.570187,0
0.454667,0.553656,0
0.479076,0.579828,0
0.451993,0.572448,0
0.488136,0.598083,0
0.470231,0.561561,1.19209e-07
0.466834,0.590266,0
0.476563,0.575972,0
0.45885,0.594369,0
0.442137,0.558838,0
0.492086,0.587292,0
0.450528,0.583589,0
0.483087,0.557025,1.19209e-07
0.472134,0.603131,1.19209e-07
0.464335,0.567369,1.19209e-07
0.473667,0.565891,0
0.461709,0.604228,0
0.484647,0.583349,0
0.448568,0.554819,-1.19209e-07
0.490295,0.560584,0
0.443339,0.585691,0
0.478116,0.592927,0
0.460385,0.577509,0
0.481202,0.551051,0
0.456953,0.580688,0
0.445074,0.568378,0
0.493646,0.599264,1.19209e-07
0.454062,0.596564,0
0.48668,0.573647,0
0.468449,0.590811,1.19209e-07
0.465816,0.56322,1.19209e-07
0.489399,0.594531,1.19209e-07
0.44276,0.575459,0
0.477587,0.558229,0
0.460569,0.588529,0
0.462372,0.556141,0
0.474508,0.584449,0
0.448238,0.603349,0
0.483681,0.566836,1.19209e-07
0.492795,0.55324,0
0.444809,0.578636,0
0.480381,0.600659,1.19209e-07
0.457203,0.571141,0
0.453058,0.562483,0
0.486003,0.588632,0
0.469464,0.572123,0
0.464736,0.597775,0
0.463033,0.582346,1.19209e-07
0.472753,0.555293,1.19209e-07
0.481851,0.605067,0
0.449687,0.56484,1.19209e-07
0.49084,0.576725,0
0.441487,0.592867,0
0.458355,0.560246,1.19209e-07
0.475317,0.58675,1.19209e-07
0.487775,0.564439,0
0.451235,0.591828,0
0.471044,0.59574,1.19209e-07
0.46777,0.574461,0
0.447126,0.552376,0
0.493944,0.581271,1.19209e-07
0.480221,0.569035,0
0.456047,0.600144,0
0.519993,0.560404,0
0.528404,0.587196,0
0.50335,0.59226,0
0.543534,0.576331,0
0.533737,0.554221,0
0.515175,0.584049,0
0.499799,0.566014,0
0.544987,0.602149,1.19209e-07
0.51152,0.573308,0
0.531965,0.596856,0
0.495937,0.589924,1.19209e-07
0.548456,0.562649,0
0.523955,0.56822,0
0.518599,0.602095,0
0.508781,0.551085,1.19209e-07
0.538704,0.579256,0
0.498929,0.561347,0
0.549924,0.591066,0
0.509986,0.59713,0
0.531464,0.571558,0
0.506958,0.580719,1.19209e-07
0.537855,0.55359,0
0.525068,0.599565,0
0.516331,0.569736,0
0.535747,0.583001,0
0.513418,0.556932,0
0.501124,0.605234,1.19209e-07
0.545719,0.567037,0
0.540336,0.593479,0
0.505835,0.576145,0
0.521491,0.586306,0
0.526576,0.558809,0
0.541461,0.559425,1.19209e-07
0.504403,0.587721,1.19209e-07
0.522482,0.577873,0
0.527295,0.593322,1.19209e-07
0.546327,0.584405,1.19209e-07
0.501928,0.555892,0
0.536572,0.564796,0
0.513524,0.603302,1.19209e-07
0.549215,0.574264,0
0.497849,0.595659,0
0.529872,0.589091,0
0.510565,0.564389,0
0.506078,0.569302,0
0.537448,0.600389,1.19209e-07
0.525905,0.551649,1.19209e-07
0.517493,0.57831,1.19209e-07
0.515953,0.566581,0
0.534234,0.604161,0
0.543956,0.556465,1.19209e-07
0.500369,0.58211,0
0.520629,0.594688,0
0.529504,0.574838,0
0.502685,0.558353,0
0.54227,0.585665,0
0.519475,0.552485,0
0.524055,0.58124,1.19209e-07
0.507633,0.598777,1.19209e-07
0.539722,0.570372,0
0.512628,0.591001,0
0.533025,0.56246,0
0.547327,0.598313,0
0.496695,0.572439,0
0.574241,0.565483,0
0.579218,0.592844,1.19209e-07
0.591671,0.559111,0
0.563266,0.582564,0
0.603798,0.587188,0
0.553272,0.55672,0
0.565068,0.604931,0
0.587934,0.576077,1.19209e-07
0.575283,0.590083,1.19209e-07
0.584066,0.551528,1.19209e-07
0.596272,0.601109,0
0.558054,0.573488,0
0.56886,0.563328,0
0.589516,0.578196,0
0.556848,0.595565,0
0.600551,0.5706,0
0.551644,0.586527,1.19209e-07
0.603233,0.553891,0
0.566982,0.576228,1.19209e-07
0.58564,0.602247,1.19209e-07
0.59484,0.58372,0
0.560853,0.557969,0
0.572516,0.594284,0
0.581267,0.566287,0
0.554062,0.569186,0
0.59879,0.597076,0
0.59004,0.561709,0
0.570326,0.580361,0
0.577963,0.553278,0
0.582597,0.588776,0
0.597372,0.57209,0
0.559669,0.598743,0
0.583586,0.599378,0
0.574754,0.571077,0
0.558962,0.589166,1.19209e-07
0.595584,0.552677,1.19209e-07
0.567512,0.598009,0
0.588557,0.568332,0
0.556433,0.561384,1.19209e-07
0.601422,0.580464,1.19209e-07
0.573267,0.584098,0
0.57829,0.558219,1.19209e-07
0.564025,0.567519,0
0.592834,0.593248,0
0.552434,0.60311,0
0.604969,0.577452,0
0.564528,0.555107,0
0.587064,0.585136,0
0.597533,0.591015,1.19209e-07
0.560656,0.550832,0
0.582017,0.574027,0
0.576391,0.600331,1.19209e-07
0.599653,0.563633,1.19209e-07
0.554991,0.579031,0
0.569967,0.569455,0
0.591373,0.595796,0
0.562118,0.591832,0
0.593764,0.564941,0
0.571714,0.560291,0
0.580315,0.582084,0
0.585108,0.556312,0
0.566612,0.586807,0
0.602409,0.603807,1.19209e-07
0.551222,0.575029,0
0.621111,0.597689,0
0.640088,0.571786,1.19209e-07
0.657704,0.57977,0
0.605473,0.55369,0
0.625932,0.568817,1.19209e-07
0.633218,0.598536,0
0.618678,0.58886,0
0.648237,0.563506,0
0.636629,0.553833,0
0.630907,0.583692,1.19209e-07
0.615458,0.574833,1.19209e-07
0.651846,0.594063,0
0.622551,0.557775,-1.19209e-07
0.64458,0.585924,0
0.609996,0.602795,1.19209e-07
0.65597,0.566197,0
0.654443,0.604665,0
0.610769,0.564714,0
0.643293,0.559845,0
0.624309,0.586923,0
0.629783,0.555573,1.19209e-07
0.638544,0.581913,1.19209e-07
0.612211,0.593105,0
0.65045,0.577044,0
0.659615,0.550087,1.19209e-07
0.608201,0.577777,0
0.641296,0.5955,0
0.619097,0.57402,0
0.616661,0.560924,0
0.647563,0.589536,0
0.634828,0.569583,0
0.628719,0.600372,1.19209e-07
0.63075,0.593603,0
0.638887,0.575218,0
0.650879,0.583431,1.19209e-07
0.613394,0.554914,1.19209e-07
0.6533,0.558307,0
0.611406,0.585178,1.19209e-07
0.625279,0.566625,0
0.643626,0.601929,0
0.627879,0.562391,0
0.635126,0.58856,0
0.616103,0.599145,0
0.647166,0.567947,0
0.620143,0.580698,0
0.642864,0.552137,0
0.658526,0.596938,1.19209e-07
0.607624,0.571321,0
0.655205,0.587452,0
0.608918,0.558942,0
0.64556,0.56541,1.19209e-07
0.623786,0.604155,1.19209e-07
0.632173,0.576741,0
0.637658,0.591809,0
0.613891,0.581609,0
0.653112,0.556705,0
0.656828,0.57314,1.19209e-07
0.606216,0.596114,0
0.622025,0.55154,1.19209e-07
0.641065,0.578957,0
0.649071,0.601377,0
0.617445,0.570195,0
0.634145,0.561384,0
0.627293,0.591254,1.19209e-07
0.67673,0.576518,0
0.695122,0.602368,0
0.665569,0.583997,0
0.708324,0.559805,0
0.669873,0.555077,0
0.706534,0.586228,0
0.681596,0.592072,0
0.690595,0.564487,1.19209e-07
0.660691,0.56728,0
0.700939,0.550669,0
0.678227,0.589664,1.19209e-07
0.703248,0.573654,0
0.67325,0.599997,0
0.685221,0.56266,1.19209e-07
0.691806,0.578876,0
0.675145,0.603606,1.19209e-07
0.697338,0.573985,1.19209e-07
0.664086,0.55808,0
0.688092,0.593547,0
0.683569,0.566745,0
0.668286,0.584361,0
0.705867,0.5553,0
0.713327,0.568785,0
0.662121,0.595415,0
0.699005,0.588801,1.19209e-07
0.679955,0.552093,0
0.687234,0.580557,0
0.693002,0.56059,0
0.670346,0.571249,0
0.682324,0.587478,0
0.687455,0.553616,0
0.66703,0.564282,0
0.674429,0.559368,1.19209e-07
0.696565,0.582613,0
0.710208,0.576263,1.19209e-07
0.664302,0.601438,0
0.67126,0.578066,0
0.702399,0.563532,0
0.685891,0.572757,1.19209e-07
0.693483,0.600502,0
0.698303,0.568347,0
0.679368,0.596666,1.19209e-07
0.663505,0.55152,0
0.67722,0.570349,0
0.699422,0.594729,0
0.712079,0.55281,0
0.661246,0.58789,0
0.691366,0.571897,0
0.683943,0.598461,0
0.703508,0.579041,0
0.672632,0.561703,0
0.668577,0.594075,1.19209e-07
0.707096,0.565751,0
0.689678,0.58561,0
0.680802,0.556699,0
0.666487,0.575715,1.19209e-07
0.676017,0.582431,0
0.695054,0.556848,1.19209e-07
0.7148,0.557209,0
0.717379,0.565185,0
0.721463,0.550696,0
0.839732,0.320535,1.99157
0.832621,0.334758,1.98566
0.836148,0.327704,1.98985
0.836584,0.326832,1.99333
0.832347,0.335307,1.97893
0.841423,0.317154,1.99744
0.844374,0.311253,1.97857
0.839875,0.320251,1.93864
0.83739,0.32522,1.95049
0.844941,0.310119,1.95903
0.833117,0.333766,1.95385
0.839016,0.321967,1.92046
0.83553,0.32894,1.94165
0.837898,0.324204,1.97099
0.837679,0.324642,1.92167
0.838105,0.32379,1.98014
0.844366,0.311269,1.93883
0.834609,0.330782,1.94794
0.841278,0.317443,1.95737
0.84031,0.319379,1.93583
0.840182,0.319637,1.92644
0.845558,0.308883,1.9442
0.834459,0.331081,1.93324
0.842674,0.314652,1.96217
0.838684,0.322632,1.95957
0.836648,0.326704,1.92744
0.837829,0.324342,1.93977
0.833096,0.333809,1.94261
0.846834,0.306333,1.94404
0.839298,0.321405,1.9632
0.837205,0.325591,1.934
0.844066,0.311869,1.95199
0.83942,0.321161,1.98857
0.834199,0.331601,1.96013
0.843563,0.312875,1.92187
0.838374,0.323253,1.9001
0.847702,0.304596,1.91132
0.847658,0.304685,1.92693
0.840557,0.318885,1.91779
0.850538,0.298923,1.88361
0.839737,0.320525,1.87242
0.845949,0.308103,1.91365
0.840725,0.318549,1.86584
0.845192,0.309616,1.9182
0.841292,0.317416,1.89494
0.849191,0.301619,1.91948
0.847804,0.304392,1.87371
0.844219,0.311563,1.86758
0.841376,0.317247,1.88552
0.849489,0.301021,1.91034
0.845258,0.309483,1.92931
0.841069,0.317863,1.87662
0.845303,0.309393,1.90795
0.847004,0.305992,1.89732
0.836574,0.326852,1.91119
0.84889,0.302219,1.87862
0.849544,0.300912,1.90529
0.840418,0.319164,1.90693
0.849452,0.301097,1.8868
0.845815,0.308369,1.86983
0.839185,0.32163,1.89499
0.849807,0.300385,1.8653
0.852955,0.29409,1.86506
0.843569,0.312862,1.85707
0.850245,0.299511,1.84689
0.854342,0.291316,1.84411
0.847751,0.304498,1.81253
0.847024,0.305952,1.83453
0.841594,0.316812,1.84783
0.843808,0.312385,1.86163
0.849774,0.300453,1.85344
0.846368,0.307263,1.80625
0.848864,0.302272,1.83674
0.851305,0.297391,1.83035
0.855957,0.288086,1.83085
0.851707,0.296586,1.84498
0.851885,0.29623,1.87111
0.854333,0.291335,1.83036
0.843056,0.313888,1.82764
0.852045,0.29591,1.87477
0.849565,0.30087,1.8185
0.849692,0.300615,1.83286
0.851963,0.296074,1.85761
0.855353,0.289294,1.84935
0.856154,0.287693,1.78423
0.848601,0.302798,1.79214
0.857809,0.284382,1.77921
0.858545,0.282911,1.79509
0.855101,0.289797,1.77034
0.845279,0.309443,1.8028
0.857387,0.285227,1.80528
0.851703,0.296593,1.81455
0.85291,0.294179,1.79053
0.849802,0.300397,1.76176
0.851632,0.296736,1.77529
0.856487,0.287026,1.77083
0.847401,0.305197,1.80046
0.849968,0.300064,1.80437
0.850436,0.299127,1.77816
0.855573,0.288854,1.82413
0.852374,0.295251,1.77173
0.859947,0.280106,1.78985
0.856001,0.287998,1.79835
0.855311,0.289377,1.77553
0.847417,0.305165,1.79328
0.857439,0.285123,1.73333
0.860726,0.278549,1.74751
0.854393,0.291215,1.73945
0.859352,0.281297,1.74831
0.852441,0.295117,1.72559
0.854465,0.29107,1.75688
0.862998,0.274005,1.73322
0.853159,0.293682,1.74101
0.859703,0.280594,1.77004
0.854963,0.290075,1.72391
0.862458,0.275083,1.72998
0.857446,0.285107,1.72489
0.860884,0.278232,1.76823
0.857435,0.285131,1.76743
0.863541,0.272917,1.74584
0.860021,0.279959,1.75269
0.860484,0.279033,1.75623
0.856119,0.287763,1.72856
0.858792,0.282416,1.72401
0.85239,0.295219,1.75569
0.858586,0.282828,1.76401
0.858291,0.283417,1.7191
0.860886,0.278229,1.77591
0.85342,0.29316,1.73353
0.853341,0.293317,1.74822
0.85594,0.288121,1.72513
0.859342,0.281315,1.76239
0.852848,0.294303,1.72557
0.854428,0.291144,1.74559
0.86083,0.27834,1.73039
0.850491,0.299018,1.74615
0.320293,0.637545,0
0.326093,0.61346,1.19209e-07
0.314365,0.608561,0
0.329979,0.655099,0
0.318595,0.626985,0
0.328713,0.624936,0
0.322346,0.611047,0
0.324588,0.642534,0
0.329539,0.607271,0
0.321455,0.620029,0
0.326721,0.648698,0
0.310808,0.614927,0
0.323727,0.630448,1.19209e-07
0.31785,0.617598,0
0.31585,0.626668,0
0.327606,0.636863,0
0.350304,0.63789,1.19209e-07
0.370937,0.614672,1.19209e-07
0.331534,0.632781,0
0.382105,0.659724,0
0.355128,0.609667,0
0.364013,0.642659,1.19209e-07
0.374732,0.620453,0
0.342572,0.650624,1.19209e-07
0.335026,0.6458,0
0.37947,0.607081,0
0.367408,0.652297,1.19209e-07
0.344777,0.62485,0
0.358124,0.629989,0
0.353611,0.655462,1.19209e-07
0.340261,0.619384,1.19209e-07
0.376211,0.636391,0
0.360049,0.656171,0
0.351639,0.627546,0
0.377894,0.617695,0
0.337845,0.633937,0
0.346458,0.65258,0
0.364981,0.626066,1.19209e-07
0.380736,0.64439,1.19209e-07
0.335868,0.608489,0
0.38535,0.63008,1.19209e-07
0.333555,0.658585,0
0.348861,0.613566,0
0.368647,0.639516,1.19209e-07
0.372652,0.648684,0
0.342453,0.622408,0
0.362287,0.61185,1.19209e-07
0.356756,0.641511,0
0.347619,0.606626,1.19209e-07
0.366492,0.646377,0
0.336762,0.651232,1.19209e-07
0.381938,0.623558,0
0.360928,0.618244,0
0.352415,0.635721,0
0.338677,0.62863,1.19209e-07
0.377423,0.654697,0
0.357616,0.620947,0
0.362653,0.649216,0
0.372202,0.610757,0
0.340884,0.643136,1.19209e-07
0.348476,0.6609,0
0.370088,0.632138,0
0.332454,0.615811,0
0.384368,0.636922,1.19209e-07
0.354154,0.617066,0
0.3592,0.634555,0
0.339702,0.657529,0
0.375397,0.627648,1.19209e-07
0.345544,0.645102,0
0.368353,0.608718,1.19209e-07
0.379926,0.653731,0
0.334657,0.625256,0
0.371411,0.657835,0
0.350764,0.631335,0
0.33106,0.639593,0
0.383076,0.614151,0
0.356297,0.64785,0
0.364715,0.622413,0
0.343933,0.612377,0
0.373585,0.641115,0
0.431582,0.616027,0
0.395251,0.641023,0
0.413756,0.647383,1.19209e-07
0.408631,0.632987,0
0.422033,0.620968,0
0.399894,0.659186,0
0.434055,0.636701,1.19209e-07
0.390138,0.610452,1.19209e-07
0.386575,0.652228,0
0.437758,0.629396,1.19209e-07
0.405244,0.618341,1.19209e-07
0.425119,0.646198,1.19209e-07
0.418604,0.607437,0
0.409996,0.63614,0
0.429699,0.654947,0
0.398451,0.623728,1.19209e-07
0.433106,0.642491,0
0.393082,0.614536,0
0.406666,0.65007,0
0.415292,0.630799,0
0.391457,0.6399,0
0.435527,0.611206,1.19209e-07
0.401316,0.622459,0
0.420023,0.657452,0
0.388976,0.626573,0
0.439907,0.653256,0
0.42369,0.616933,0
0.403909,0.644367,0
0.397202,0.655884,1.19209e-07
0.428135,0.624979,0
0.412081,0.608415,0
0.416942,0.633958,1.19209e-07
0.42149,0.609615,1.19209e-07
0.401999,0.637948,0
0.392188,0.619932,0
0.436544,0.66043,0
0.393959,0.648679,0
0.43271,0.631879,0
0.416261,0.641542,0
0.407694,0.614653,0
0.412566,0.653883,0
0.417474,0.624729,1.19209e-07
0.39627,0.606064,0
0.427407,0.63569,0
0.438968,0.619107,0
0.387381,0.645903,0
0.424848,0.65071,0
0.403208,0.628413,0
0.429164,0.608494,1.19209e-07
0.399106,0.635068,0
0.410979,0.62574,0
0.418993,0.656966,0
0.405353,0.652388,0
0.426197,0.627861,0
0.438362,0.64498,0
0.386449,0.617416,1.19209e-07
0.414711,0.613196,0
0.408745,0.643138,1.19209e-07
0.39498,0.630259,1.19209e-07
0.430778,0.648739,0
0.422517,0.639077,0
0.400684,0.61221,0
0.434709,0.621378,0
0.389719,0.658359,1.19209e-07
0.483089,0.645905,1.19209e-07
0.450203,0.608994,0
0.462243,0.656306,1.19209e-07
0.471491,0.627916,0
0.490289,0.617668,1.19209e-07
0.441911,0.634553,1.19209e-07
0.477493,0.651347,0
0.459679,0.624269,0
0.446727,0.632283,1.19209e-07
0.493298,0.659823,0
0.481351,0.610133,0
0.456173,0.641827,1.19209e-07
0.488066,0.622131,0
0.452247,0.647203,0
0.469685,0.636837,0
0.464838,0.614407,1.19209e-07
0.458082,0.653189,0
0.475385,0.625149,0
0.442493,0.616468,0
0.491467,0.634838,1.19209e-07
0.473052,0.65383,1.19209e-07
0.463593,0.628684,0
0.448345,0.645108,0
0.484932,0.605849,0
0.468351,0.614097,0
0.467424,0.638501,0
0.486278,0.648529,0
0.453441,0.62081,0
0.479278,0.640316,1.19209e-07
0.455262,0.612453,0
0.445205,0.65741,0
0.494576,0.630789,0
0.443737,0.651099,0
0.49106,0.623508,1.19209e-07
0.45882,0.618866,0
0.476397,0.633102,0
0.474237,0.607682,0
0.463715,0.645483,0
0.483496,0.656074,1.19209e-07
0.447817,0.626863,1.19209e-07
0.466375,0.621817,0
0.469488,0.648445,0
0.45257,0.637533,-1.19209e-07
0.485321,0.615585,0
0.444844,0.609372,1.19209e-07
0.494101,0.642523,0
0.454407,0.658938,0
0.478794,0.632755,0
0.48052,0.657998,0
0.457287,0.629955,0
0.44602,0.641443,0
0.492771,0.61089,0
0.470775,0.620162,0
0.466128,0.650199,0
0.48709,0.639656,0
0.451249,0.612909,1.19209e-07
0.440888,0.625613,0
0.489025,0.652071,0
0.476975,0.617496,0
0.460707,0.636172,0
0.461465,0.606838,0
0.472412,0.643882,0
0.482486,0.629115,0
0.449643,0.65536,0
0.499558,0.644389,0
0.544663,0.607812,0
0.535196,0.654624,0
0.514639,0.627244,0
0.521411,0.653197,0
0.526336,0.623575,0
0.542259,0.636011,0
0.505547,0.618755,0
0.539373,0.632439,0
0.507229,0.657498,1.19209e-07
0.525057,0.640174,0
0.516502,0.611375,1.19209e-07
0.530209,0.613988,0
0.510878,0.638791,0
0.547953,0.649444,1.19209e-07
0.495777,0.621164,1.19209e-07
0.549115,0.620521,0
0.497389,0.647187,0
0.531658,0.636804,0
0.509265,0.614985,1.19209e-07
0.518068,0.641975,0
0.52354,0.609882,0
0.508631,0.630631,1.19209e-07
0.536858,0.659106,1.19209e-07
0.534173,0.62806,0
0.512452,0.656565,1.19209e-07
0.501875,0.606184,0
0.546687,0.64552,0
0.519902,0.624418,1.19209e-07
0.528335,0.650792,0
0.503686,0.634036,1.19209e-07
0.54159,0.616451,0
0.515195,0.645973,0
0.53581,0.606378,0
0.544012,0.655465,1.19209e-07
0.500466,0.629376,0
0.543221,0.625704,0
0.504407,0.651126,0
0.522183,0.617141,0
0.527537,0.633165,0
0.525451,0.62953,0
0.517519,0.659585,1.19209e-07
0.506467,0.609462,1.19209e-07
0.538921,0.642605,0
0.496387,0.637665,0
0.547685,0.614744,1.19209e-07
0.530966,0.648148,0
0.511867,0.620023,0
0.537902,0.611733,0
0.50812,0.641338,1.19209e-07
0.519095,0.631241,0
0.524045,0.657835,0
0.510542,0.649154,1.19209e-07
0.532583,0.622091,1.19209e-07
0.550148,0.639488,1.19209e-07
0.498583,0.61323,0
0.503111,0.622951,0
0.540011,0.651736,0
0.529332,0.617926,1.19209e-07
0.520297,0.635202,1.19209e-07
0.54547,0.62606,1.19209e-07
0.500833,0.653659,0
0.533718,0.643791,0
0.514076,0.608604,0
0.56087,0.613276,1.19209e-07
0.591766,0.637748,0
0.577399,0.658091,0
0.582119,0.629397,0
0.589345,0.646457,0
0.567975,0.621818,0
0.603524,0.611242,0
0.551952,0.640633,0
0.601414,0.655179,1.19209e-07
0.556691,0.625928,0
0.566548,0.63325,0
0.585889,0.6158,0
0.58094,0.64378,0
0.572533,0.607575,0
0.558579,0.652133,1.19209e-07
0.596949,0.624381,0
0.590915,0.619757,0
0.570193,0.648592,0
0.602822,0.641519,0
0.55077,0.61008,0
0.575828,0.631826,0
0.583826,0.658333,0
0.593745,0.614635,1.19209e-07
0.563556,0.636802,0
0.579113,0.606232,1.19209e-07
0.57366,0.645523,0
0.595054,0.651212,0
0.559364,0.622683,0
0.587406,0.635387,0
0.565608,0.617827,1.19209e-07
0.55408,0.654933,1.19209e-07
0.599301,0.62832,1.19209e-07
0.563001,0.630224,1.19209e-07
0.594168,0.656957,0
0.583035,0.612137,1.19209e-07
0.574519,0.639002,0
0.602144,0.621363,0
0.551047,0.648117,1.19209e-07
0.589543,0.640238,0
0.569958,0.610496,0
0.596329,0.608022,1.19209e-07
0.559702,0.643306,0
0.57319,0.625789,1.19209e-07
0.578204,0.65275,0
0.564583,0.656388,0
0.586407,0.627225,0
0.598193,0.633588,0
0.554706,0.616544,1.19209e-07
0.59725,0.64497,0
0.55802,0.606196,0
0.571517,0.649932,1.19209e-07
0.580061,0.623488,0
0.565778,0.628384,0
0.584597,0.653494,0
0.60007,0.618527,0
0.556041,0.634492,1.19209e-07
0.553293,0.61968,0
0.604062,0.649469,0
0.588346,0.609216,0
0.568542,0.642261,0
0.57683,0.614237,0
0.581837,0.637018,0
0.59284,0.630987,0
0.561733,0.65924,0
0.619011,0.64537,1.19209e-07
0.640979,0.616617,0
0.607567,0.625372,0
0.659246,0.654631,1.19209e-07
0.634122,0.632776,0
0.627345,0.60664,0
0.616758,0.650737,0
0.646799,0.628058,0
0.654568,0.610086,0
0.611618,0.636844,0
0.643297,0.647137,0
0.623874,0.631133,0
0.637599,0.619354,0
0.629193,0.659241,0
0.649522,0.642276,0
0.613452,0.614384,1.19209e-07
0.633023,0.606795,0
0.627025,0.634077,0
0.648665,0.651785,1.19209e-07
0.618221,0.626935,1.19209e-07
0.657996,0.622527,1.19209e-07
0.605925,0.6536,0
0.639234,0.642546,0
0.620894,0.617225,0
0.61426,0.639959,0
0.651707,0.612934,1.19209e-07
0.636431,0.657802,1.19209e-07
0.631063,0.62102,0
0.608997,0.608729,0
0.656177,0.638247,0
0.622419,0.649415,0
0.644803,0.630013,1.19209e-07
0.653455,0.64813,0
0.610367,0.629846,0
0.644163,0.609644,1.19209e-07
0.625161,0.638004,0
0.611937,0.657151,0
0.650733,0.62179,0
0.638386,0.640597,0
0.630344,0.611952,0
0.658821,0.617689,0
0.607942,0.644343,0
0.641883,0.654464,0
0.619565,0.623262,0
0.635259,0.626189,0
0.628372,0.652294,0
0.647671,0.635365,0
0.615734,0.607877,0
0.636847,0.614918,1.19209e-07
0.631656,0.6415,1.19209e-07
0.652053,0.658379,0
0.615064,0.619755,0
0.654853,0.631537,1.19209e-07
0.609655,0.646648,0
0.645726,0.636404,0
0.623528,0.611355,0
0.648186,0.605262,0
0.617701,0.633753,1.19209e-07
0.63308,0.650093,0
0.625589,0.627777,0
0.656704,0.644938,0
0.605915,0.615482,0
0.621573,0.655533,0
0.640569,0.624506,0
0.666314,0.619756,0
0.675405,0.640827,1.19209e-07
0.694704,0.608179,1.19209e-07
0.681088,0.614439,0
0.668711,0.656593,0
0.672968,0.605078,1.19209e-07
0.661325,0.633824,0
0.677045,0.627786,0
0.663079,0.615724,1.19209e-07
0.670518,0.642518,0
0.68531,0.62366,0
0.664652,0.648578,0
0.673868,0.611208,1.19209e-07
0.687801,0.613082,1.19209e-07
0.666878,0.629936,0
0.66945,0.612185,0
0.664892,0.640524,0
0.676635,0.620711,1.19209e-07
0.678299,0.6345,0
0.660349,0.625816,0
0.684549,0.608039,1.19209e-07
0.671628,0.649679,0
0.679447,0.618179,0
0.661905,0.655127,0
0.671249,0.623392,0
0.693514,0.606058,0
0.674623,0.64662,0
0.663838,0.609844,0
0.682868,0.631846,1.19209e-07
0.667452,0.638577,0
0.815994,0.368012,1.98153
0.819557,0.360887,1.98401
0.826626,0.346748,1.99417
0.82764,0.34472,1.98777
0.8196,0.360799,1.99358
0.822655,0.35469,1.9992
0.817644,0.364713,1.95917
0.828231,0.343538,1.96365
0.815416,0.369168,1.97763
0.821418,0.357164,1.97893
0.82625,0.3475,1.98136
0.817656,0.364687,1.99961
0.827778,0.344445,1.97457
0.815842,0.368316,1.96943
0.822816,0.354368,1.97512
0.817126,0.365747,1.99201
0.819855,0.360289,1.96325
0.829001,0.341998,1.94454
0.830823,0.338354,1.95527
0.823011,0.353978,1.92318
0.830357,0.339286,1.9325
0.826271,0.347459,1.95043
0.833846,0.332308,1.92515
0.825747,0.348505,1.93456
0.820007,0.359986,1.92557
0.827196,0.345607,1.93131
0.824327,0.351347,1.92249
0.826971,0.346058,1.94707
0.820393,0.359213,1.9397
0.824434,0.351133,1.93281
0.823816,0.352368,1.88674
0.829484,0.341031,1.92249
0.826222,0.347557,1.90048
0.828817,0.342367,1.95472
0.824345,0.35131,1.94636
0.835118,0.329763,1.91507
0.823719,0.352562,1.90022
0.827027,0.345946,1.9367
0.832295,0.335409,1.9352
0.825653,0.348694,1.94094
0.83224,0.335521,1.91175
0.822243,0.355514,1.93736
0.829541,0.340918,1.91576
0.822211,0.355577,1.92322
0.828993,0.342013,1.90309
0.829662,0.340676,1.84907
0.834496,0.331009,1.89834
0.832248,0.335504,1.84632
0.835582,0.328837,1.86834
0.831601,0.336798,1.89885
0.826273,0.347454,1.87335
0.831605,0.336791,1.86594
0.82829,0.343421,1.88233
0.828027,0.343946,1.87046
0.833393,0.333215,1.85589
0.833315,0.33337,1.84302
0.83804,0.323919,1.87803
0.83137,0.337259,1.87357
0.824671,0.350659,1.88237
0.829832,0.340336,1.85488
0.839148,0.321704,1.86672
0.833684,0.332632,1.90213
0.834444,0.331112,1.86401
0.835993,0.328013,1.88904
0.831691,0.336617,1.85327
0.82649,0.34702,1.88219
0.828152,0.343696,1.83872
0.833423,0.333155,1.89239
0.836421,0.327157,1.87343
0.830186,0.339628,1.86547
0.836463,0.327075,1.85403
0.830582,0.338836,1.85893
0.838379,0.323241,1.86982
0.830986,0.338029,1.83993
0.830185,0.33963,1.8932
0.836403,0.327194,1.89516
0.82784,0.344321,1.84877
0.842139,0.315722,1.83126
0.833789,0.332422,1.78417
0.836254,0.327492,1.79712
0.839893,0.320215,1.83973
0.831334,0.337332,1.8038
0.836218,0.327565,1.82426
0.836725,0.32655,1.83482
0.835756,0.328488,1.81967
0.830156,0.339689,1.82727
0.840421,0.319158,1.79887
0.839511,0.320977,1.83543
0.835266,0.329467,1.80067
0.837802,0.324397,1.7904
0.832692,0.334617,1.81462
0.832223,0.335554,1.81117
0.840939,0.318123,1.84683
0.837542,0.324916,1.82983
0.832929,0.334141,1.79872
0.840849,0.318302,1.82574
0.835584,0.328832,1.80889
0.829918,0.340164,1.81943
0.834731,0.330538,1.82159
0.842697,0.314606,1.81403
0.835188,0.329624,1.84195
0.835683,0.328634,1.78383
0.83316,0.33368,1.80682
0.8358,0.328399,1.78996
0.839635,0.320731,1.81179
0.841477,0.317046,1.81921
0.837978,0.324043,1.83543
0.832523,0.334954,1.78773
0.831597,0.336806,1.83152
0.836748,0.326504,1.80337
0.846834,0.306331,1.76151
0.835928,0.328144,1.75116
0.837445,0.32511,1.76898
0.84699,0.30602,1.77078
0.843702,0.312595,1.7804
0.8399,0.320199,1.74847
0.841249,0.317501,1.76012
0.846713,0.306575,1.77897
0.835846,0.328308,1.77355
0.838381,0.323238,1.76737
0.838656,0.322688,1.74953
0.843916,0.312167,1.78692
0.842842,0.314317,1.78676
0.837456,0.325088,1.7422
0.840783,0.318434,1.75705
0.845086,0.309829,1.7859
0.835915,0.328169,1.78139
0.835946,0.328108,1.76493
0.839198,0.321603,1.78153
0.837682,0.324635,1.75189
0.836684,0.326631,1.78101
0.846326,0.307347,1.75319
0.842744,0.314512,1.77698
0.837389,0.325222,1.74555
0.845392,0.309215,1.79242
0.842687,0.314627,1.74819
0.839492,0.321016,1.77596
0.839444,0.321113,1.7891
0.840458,0.319085,1.73562
0.844929,0.310142,1.75598
0.839407,0.321185,1.76084
0.838952,0.322097,1.72162
0.851104,0.297792,1.71941
0.846306,0.307388,1.74588
0.844168,0.311663,1.6917
0.844408,0.311185,1.69644
0.850559,0.298883,1.7029
0.842006,0.315989,1.69887
0.839873,0.320255,1.7193
0.847555,0.30489,1.69524
0.841801,0.316397,1.70807
0.844819,0.310362,1.736
0.850141,0.299719,1.72152
0.849479,0.301042,1.70453
0.844597,0.310805,1.70869
0.849466,0.301069,1.73366
0.83947,0.321059,1.72951
0.84605,0.3079,1.70817
0.847629,0.304742,1.73438
0.843428,0.313145,1.69636
0.851468,0.297064,1.72705
0.850623,0.298755,1.71252
0.848653,0.302693,1.74972
0.841582,0.316835,1.71688
0.848916,0.302167,1.71703
0.842625,0.314749,1.68806
0.849976,0.300048,1.7134
0.850615,0.29877,1.7307
0.843554,0.312891,1.71245
0.840083,0.319834,1.71334
0.846437,0.307125,1.71578
0.84321,0.31358,1.70394
0.847267,0.305466,1.73071
0.842057,0.315886,1.73771
0.851949,0.296102,1.70816
0.370595,0.704076,0
0.349434,0.676066,0
0.382026,0.665351,1.19209e-07
0.363581,0.686933,0
0.37446,0.692048,0
0.342706,0.670765,0
0.379041,0.709521,1.19209e-07
0.367091,0.672878,0
0.352928,0.661154,0
0.35799,0.701234,0
0.376211,0.678495,0
0.372784,0.669254,0
0.361505,0.712392,0
0.356229,0.686055,0
0.368735,0.677634,0
0.385046,0.695142,0
0.378144,0.708114,1.19209e-07
0.359992,0.664119,0
0.351327,0.700025,0
0.380951,0.682631,0
0.346368,0.672008,0
0.365606,0.689144,0
0.375438,0.698544,0
0.339256,0.663047,0
0.354225,0.707778,0
0.358848,0.680763,0
0.380226,0.672536,1.19209e-07
0.367905,0.710945,0
0.345301,0.681759,0
0.373717,0.684863,0
0.364544,0.694698,0
0.355609,0.66777,0
0.371307,0.666115,1.19209e-07
0.350854,0.696504,0
0.38297,0.703442,0
0.381327,0.691491,1.19209e-07
0.366047,0.684204,0
0.360408,0.707042,0
0.35231,0.678924,0
0.377028,0.662482,0
0.384505,0.674696,0
0.369123,0.697042,0
0.34793,0.664422,0
0.371949,0.714292,0
0.36298,0.66974,0
0.357242,0.692869,0
0.403125,0.704983,0
0.42288,0.684854,0
0.439247,0.697822,0
0.389569,0.66773,1.19209e-07
0.418612,0.713496,0
0.40829,0.676528,1.19209e-07
0.43069,0.666031,0
0.39754,0.694471,0
0.415525,0.67216,0
0.412102,0.698905,0
0.427279,0.707141,0
0.393598,0.68142,0
0.40046,0.662671,0
0.424597,0.688693,0
0.433785,0.681079,0
0.387674,0.710533,0
0.426565,0.661569,0
0.40143,0.691454,0
0.386083,0.678776,0
0.435309,0.709952,1.19209e-07
0.410867,0.673848,0
0.413356,0.701398,1.19209e-07
0.394153,0.70525,0
0.428593,0.684189,1.19209e-07
0.405558,0.686692,0
0.421059,0.701773,1.19209e-07
0.437571,0.669481,0
0.390775,0.696064,1.19209e-07
0.39642,0.665341,1.19209e-07
0.431989,0.692191,0
0.416717,0.674469,0
0.407173,0.71472,0
0.386482,0.689337,1.19209e-07
0.436185,0.663974,0
0.425299,0.711294,0
0.402386,0.68008,0
0.429207,0.699183,1.19209e-07
0.395568,0.671253,1.19209e-07
0.414356,0.682525,0
0.409474,0.708405,0
0.404233,0.697382,0
0.420305,0.669194,0
0.392185,0.6862,0
0.438458,0.703579,0
0.397121,0.712155,0
0.432938,0.677407,0
0.406078,0.666875,1.19209e-07
0.417286,0.693377,1.19209e-07
0.414613,0.706246,0
0.411694,0.682948,1.19209e-07
0.427723,0.673384,0
0.392484,0.700868,0
0.388794,0.661576,0
0.435002,0.690158,0
0.399666,0.708874,0
0.423971,0.678121,0
0.431107,0.713733,0
0.398317,0.67542,0
0.418988,0.664231,1.19209e-07
0.409339,0.692884,0
0.440242,0.687165,0
0.390356,0.703156,0
0.404175,0.670927,0
0.421519,0.695514,0
0.486727,0.68182,0
0.451035,0.709974,0
0.466917,0.662813,0
0.470684,0.699009,0
0.455584,0.691107,0
0.47862,0.673303,0
0.493666,0.707951,0
0.445648,0.678694,0
0.440837,0.695206,0
0.490217,0.666012,0
0.474554,0.712454,0
0.459034,0.687847,0
0.464101,0.704899,0
0.472542,0.676209,0
0.482212,0.693733,0
0.44906,0.668863,0
0.483997,0.670214,0
0.447657,0.691912,0
0.474344,0.70205,1.19209e-07
0.46176,0.675513,0
0.442124,0.665022,1.19209e-07
0.488745,0.696933,1.19209e-07
0.47688,0.685279,0
0.459504,0.714019,1.19209e-07
0.452855,0.68313,1.19209e-07
0.484915,0.711596,0
0.465471,0.70027,0
0.469198,0.661032,0
0.45666,0.67155,0
0.480615,0.688718,0
0.445084,0.705557,0
0.492605,0.679423,1.19209e-07
0.487764,0.700759,0
0.45186,0.661561,0
0.467485,0.710822,0
0.470035,0.684059,0
0.454106,0.680842,0
0.479577,0.705976,0
0.494545,0.672012,0
0.447114,0.687969,0
0.490972,0.714249,1.19209e-07
0.441929,0.684839,0
0.457453,0.697294,0
0.475826,0.664306,1.19209e-07
0.462982,0.669581,0
0.471705,0.692203,0
0.483041,0.674663,1.19209e-07
0.450461,0.702912,0
0.473175,0.667969,0
0.462131,0.694398,0
0.448525,0.676939,1.19209e-07
0.484542,0.703652,0
0.489215,0.686321,0
0.443073,0.712996,0
0.460772,0.666795,0
0.477298,0.696087,1.19209e-07
0.464781,0.681156,1.19209e-07
0.468176,0.708625,0
0.453893,0.698963,0
0.486374,0.66368,0
0.480028,0.677556,1.19209e-07
0.45637,0.706769,0
0.444038,0.673329,0
0.492966,0.690017,0
0.531684,0.663185,0
0.51479,0.698433,0
0.543076,0.707944,0
0.495984,0.681279,0
0.536441,0.677567,0
0.503997,0.70666,1.19209e-07
0.527266,0.690007,0
0.516624,0.672832,0
0.519966,0.712373,1.19209e-07
0.525739,0.685892,1.19209e-07
0.506205,0.666307,1.19209e-07
0.542004,0.695948,0
0.546854,0.667472,0
0.501044,0.694469,0
0.534528,0.703678,0
0.511681,0.676901,-1.19209e-07
0.502869,0.680485,1.19209e-07
0.538702,0.705459,0
0.529361,0.672122,1.19209e-07
0.51872,0.68789,1.19209e-07
0.545224,0.683859,0
0.498,0.71049,0
0.530257,0.700392,0
0.513723,0.661531,0
0.533052,0.6747,0
0.509459,0.702824,0
0.498787,0.669566,0
0.548442,0.692105,0
0.52337,0.714235,0
0.521631,0.684207,0
0.540471,0.664271,0
0.507919,0.697327,0
0.517687,0.678558,0
0.528105,0.707939,0
0.503605,0.690731,0
0.539158,0.673283,1.19209e-07
0.546293,0.698769,1.19209e-07
0.497616,0.662839,1.19209e-07
0.529589,0.681801,0
0.512231,0.709395,0
0.522416,0.695112,0
0.523173,0.666044,1.19209e-07
0.50884,0.687349,0
0.541163,0.711997,0
0.510299,0.668778,0
0.534409,0.69317,0
0.54965,0.675662,0
0.499424,0.704457,0
0.506495,0.714091,0
0.542734,0.685146,1.19209e-07
0.519837,0.664915,1.19209e-07
0.524737,0.696578,0
0.547695,0.701842,0
0.50202,0.675578,0
0.511094,0.691843,0
0.5358,0.669676,0
0.496273,0.700345,0
0.544505,0.660956,0
0.514495,0.682648,1.19209e-07
0.532326,0.711173,0
0.505397,0.671203,1.19209e-07
0.537425,0.688606,0
0.526764,0.679079,0
0.516995,0.705473,1.19209e-07
0.588877,0.709606,1.19209e-07
0.563978,0.681955,0
0.552268,0.689512,0
0.599894,0.671779,1.19209e-07
0.579447,0.680433,0
0.576393,0.706797,0
0.591591,0.697859,1.19209e-07
0.559348,0.663298,0
0.560394,0.712117,1.19209e-07
0.596513,0.684482,0
0.584006,0.693935,0
0.57158,0.668167,0
0.555892,0.676774,1.19209e-07
0.6015,0.702062,1.19209e-07
0.567824,0.697154,0
0.585576,0.665354,0
0.569482,0.664021,0
0.586116,0.694106,0
0.553797,0.703077,1.19209e-07
0.603785,0.674009,0
0.573738,0.692188,0
0.580883,0.668673,0
0.594452,0.712929,0
0.561971,0.686447,0
0.566929,0.708626,0
0.590431,0.683637,0
0.550787,0.673705,0
0.599511,0.68857,0
0.593087,0.661302,0
0.556863,0.699769,0
0.578162,0.705501,0
0.574802,0.677824,1.19209e-07
0.600874,0.708863,1.19209e-07
0.553276,0.682589,0
0.587958,0.672403,0
0.5645,0.687465,0
0.591983,0.678312,0
0.559726,0.704496,0
0.575867,0.660458,0
0.580094,0.700567,1.19209e-07
0.582673,0.686677,0
0.570382,0.714056,1.19209e-07
0.597573,0.691419,1.19209e-07
0.561572,0.670031,1.19209e-07
0.584438,0.70356,1.19209e-07
0.56857,0.674817,1.19209e-07
0.556365,0.695921,1.19209e-07
0.602299,0.66483,0
0.563089,0.692901,1.19209e-07
0.595568,0.666881,0
0.581725,0.711703,0
0.572594,0.685554,1.19209e-07
0.6042,0.696475,0
0.554542,0.666204,0
0.586827,0.675585,1.19209e-07
0.569553,0.701672,0
0.573935,0.698879,1.19209e-07
0.57815,0.661714,0
0.59345,0.707283,0
0.558311,0.679372,0
0.551034,0.710828,1.19209e-07
0.598031,0.680563,1.19209e-07
0.589896,0.690604,0
0.565931,0.670302,0
0.647434,0.675591,0
0.615555,0.700729,1.19209e-07
0.630878,0.665826,0
0.635496,0.696137,1.19209e-07
0.605959,0.68518,0
0.644105,0.667184,0
0.621727,0.69259,1.19209e-07
0.611837,0.670645,0
0.650562,0.689469,0
0.627449,0.710245,1.19209e-07
0.633925,0.680947,1.19209e-07
0.620883,0.678991,0
0.63934,0.70701,0
0.610848,0.698201,0
0.654536,0.661706,0
0.617516,0.674932,1.19209e-07
0.647323,0.703229,0
0.638029,0.664604,1.19209e-07
0.628987,0.695043,0
0.656046,0.68644,0
0.607804,0.71388,0
0.642386,0.691137,0
0.623601,0.669483,0
0.651996,0.671948,0
0.61478,0.687776,0
0.625815,0.682472,0
0.633335,0.708807,0
0.640799,0.678008,1.19209e-07
0.618397,0.70414,0
0.6092,0.660432,0
0.62602,0.689276,0
0.632506,0.670999,0
0.614085,0.681129,0
0.608257,0.706557,0
0.653006,0.679951,0
0.619843,0.662568,0
0.641487,0.697951,1.19209e-07
0.638632,0.701863,0
0.629823,0.675905,1.19209e-07
0.648648,0.665024,1.19209e-07
0.617586,0.696912,0
0.624302,0.71239,0
0.643291,0.684049,0
0.606774,0.667769,0
0.622897,0.68546,0
0.604916,0.692001,1.19209e-07
0.658147,0.668706,1.19209e-07
0.616401,0.663644,1.19209e-07
0.645979,0.694188,0
0.631649,0.702639,0
0.636544,0.673399,1.19209e-07
0.612548,0.707627,0
0.649403,0.682753,0
0.635103,0.688054,0
0.628428,0.673204,0
0.621376,0.699751,1.19209e-07
0.639961,0.661312,0
0.609922,0.677679,0
0.660923,0.662872,0
0.666739,0.666252,0
0.662866,0.669186,0
0.80864,0.38272,1.99491
0.802364,0.395272,1.97592
0.805084,0.389833,1.99921
0.804632,0.390737,1.99339
0.799204,0.401593,1.99591
0.800522,0.398955,1.97591
0.806877,0.386245,1.99561
0.798338,0.403325,1.99404
0.808096,0.383807,1.93302
0.803639,0.392722,1.94763
0.811313,0.377373,1.95568
0.817945,0.36411,1.94046
0.805738,0.388523,1.97991
0.809753,0.380495,1.98412
0.814436,0.371128,1.95119
0.803275,0.39345,1.96598
0.813729,0.372542,1.96813
0.814221,0.371558,1.93581
0.808509,0.382983,1.93474
0.804771,0.390459,1.964
0.810877,0.378246,1.96563
0.811453,0.377094,1.92686
0.815681,0.368638,1.95818
0.807747,0.384505,1.96852
0.807605,0.38479,1.98426
0.802402,0.395196,1.95943
0.806489,0.387022,1.94483
0.810646,0.378708,1.96862
0.81214,0.375719,1.9886
0.810104,0.379792,1.94844
0.805399,0.389201,1.94918
0.806008,0.387984,1.94199
0.805905,0.388191,1.96972
0.802336,0.395329,1.9513
0.81355,0.372899,1.94786
0.813828,0.372344,1.98102
0.801972,0.396055,1.97297
0.812761,0.374478,1.96285
0.809307,0.381385,1.97333
0.807567,0.384865,1.89954
0.813675,0.37265,1.86192
0.82076,0.35848,1.90138
0.812246,0.375509,1.90473
0.816168,0.367664,1.87584
0.809789,0.380421,1.91495
0.818765,0.362471,1.90495
0.808865,0.38227,1.91422
0.815332,0.369337,1.90155
0.816466,0.367069,1.92671
0.814388,0.371225,1.86648
0.808802,0.382397,1.89456
0.817858,0.364284,1.88866
0.815022,0.369957,1.8911
0.820598,0.358804,1.91002
0.814198,0.371604,1.87541
0.821814,0.356373,1.88248
0.813542,0.372916,1.88018
0.817121,0.365758,1.91358
0.819157,0.361686,1.87768
0.81423,0.371541,1.92069
0.81243,0.37514,1.86893
0.820984,0.358032,1.90279
0.816269,0.367462,1.86631
0.816246,0.367508,1.88687
0.820483,0.359034,1.89109
0.80966,0.38068,1.88274
0.824023,0.351954,1.87613
0.816151,0.367699,1.82616
0.82547,0.34906,1.83226
0.824862,0.350275,1.82254
0.819203,0.361595,1.85912
0.824944,0.350111,1.84954
0.822455,0.35509,1.84276
0.81929,0.361419,1.81712
0.81772,0.364559,1.86399
0.821825,0.35635,1.82734
0.815594,0.368812,1.84792
0.824766,0.350467,1.85748
0.819071,0.361858,1.83924
0.816757,0.366485,1.85018
0.816995,0.36601,1.80311
0.826347,0.347306,1.83822
0.817322,0.365357,1.83215
0.822074,0.355852,1.87516
0.813496,0.373008,1.83929
0.823596,0.352808,1.83974
0.814153,0.371693,1.85372
0.816891,0.366217,1.81425
0.821409,0.357182,1.85934
0.826349,0.347303,1.82486
0.816382,0.367237,1.83764
0.820647,0.358707,1.84161
0.823705,0.35259,1.82585
0.823388,0.353223,1.85136
0.818074,0.363852,1.83178
0.826891,0.346219,1.84338
0.818738,0.362523,1.84744
0.817834,0.364332,1.81178
0.825735,0.34853,1.80677
0.828915,0.342169,1.79314
0.828294,0.343411,1.76878
0.825437,0.349127,1.7796
0.829958,0.340084,1.8092
0.819035,0.36193,1.78954
0.822019,0.355962,1.80602
0.828744,0.342512,1.7789
0.818783,0.362434,1.79519
0.823408,0.353184,1.76012
0.824221,0.351558,1.79877
0.831218,0.337564,1.77803
0.820798,0.358404,1.81125
0.820897,0.358206,1.76609
0.826783,0.346434,1.80715
0.822149,0.355701,1.78375
0.821818,0.356365,1.7747
0.827309,0.345382,1.78747
0.824608,0.350784,1.76897
0.827248,0.345503,1.81224
0.829486,0.341028,1.80105
0.827128,0.345744,1.77841
0.820099,0.359803,1.79858
0.825119,0.349761,1.81946
0.822336,0.355329,1.79892
0.828418,0.343163,1.80908
0.817352,0.365296,1.80018
0.824055,0.351891,1.79015
0.827181,0.345637,1.78458
0.820764,0.358471,1.78939
0.827334,0.345331,1.76521
0.820612,0.358777,1.77622
0.832836,0.334328,1.76025
0.832151,0.335698,1.72339
0.824481,0.351037,1.75429
0.826427,0.347147,1.7159
0.830623,0.338755,1.76176
0.828287,0.343426,1.74243
0.824643,0.350714,1.7388
0.832712,0.334576,1.73343
0.826495,0.347009,1.74999
0.826297,0.347405,1.72756
0.83403,0.331941,1.73027
0.822903,0.354194,1.74735
0.827571,0.344857,1.74805
0.834223,0.331555,1.74184
0.831104,0.337791,1.73876
0.837501,0.324998,1.72967
0.82646,0.34708,1.72207
0.832626,0.334748,1.76758
0.833091,0.333819,1.74976
0.827919,0.344162,1.73327
0.827273,0.345455,1.7094
0.828894,0.342211,1.74948
0.82331,0.353379,1.75478
0.829786,0.340428,1.75603
0.832333,0.335333,1.75171
0.835833,0.328335,1.70864
0.840253,0.319493,1.68375
0.838036,0.323927,1.71751
0.831263,0.337475,1.69672
0.831529,0.336942,1.66926
0.837731,0.324538,1.68637
0.829062,0.341876,1.70389
0.836817,0.326366,1.70617
0.838076,0.323848,1.69786
0.833664,0.332671,1.69792
0.834397,0.331207,1.71354
0.832777,0.334445,1.68515
0.838759,0.322481,1.71317
0.837039,0.325923,1.6788
0.831556,0.336888,1.70631
0.834987,0.330025,1.69762
0.833643,0.332713,1.67108
0.832746,0.334508,1.70945
0.838579,0.322842,1.68907
0.835978,0.328044,1.70299
0.831244,0.337512,1.6848
0.830843,0.338315,1.66872
0.832548,0.334903,1.69186
0.834605,0.330789,1.68412
0.838914,0.322173,1.67855
0.830934,0.338132,1.6784
0.836278,0.327444,1.71792
0.829922,0.340157,1.69159
0.836532,0.326935,1.69398
0.836279,0.327442,1.68138
0.835014,0.329971,1.71971
0.832432,0.335137,1.7027
0.372075,0.715574,1.19209e-07
0.385056,0.744559,0
0.369076,0.735139,1.19209e-07
0.381183,0.741071,0
0.382007,0.729113,1.19209e-07
0.367326,0.719344,0
0.37517,0.731517,0
0.376351,0.748358,0
0.378938,0.721897,0
0.374539,0.739416,0
0.382514,0.762617,1.19209e-07
0.370588,0.726103,0
0.361364,0.717296,1.19209e-07
0.384071,0.733135,0
0.380054,0.751726,1.19209e-07
0.378038,0.725655,0
0.40986,0.723537,0
0.414918,0.748667,0
0.429339,0.729622,1.19209e-07
0.393244,0.759733,0
0.434697,0.766614,0
0.38797,0.74087,0
0.399963,0.750593,0
0.423518,0.720643,0
0.403703,0.73502,0
0.419911,0.762268,0
0.439665,0.726586,0
0.391411,0.744496,0
0.431376,0.753172,0
0.398408,0.715762,0
0.408203,0.763994,0
0.419224,0.738067,1.19209e-07
0.396643,0.755163,0
0.433264,0.718111,0
0.406229,0.73711,-1.19209e-07
0.416225,0.766491,0
0.437197,0.743944,0
0.390186,0.728949,0
0.404003,0.760083,1.19209e-07
0.4213,0.733363,0
0.414367,0.724218,0
0.411356,0.747513,0
0.395346,0.731502,0
0.427906,0.75789,1.19209e-07
0.386548,0.769414,0
0.435948,0.741087,0
0.425896,0.752574,0
0.402369,0.719054,0
0.434104,0.720271,0
0.387213,0.751706,0
0.423684,0.768475,0
0.39896,0.742232,0
0.392884,0.725552,1.19209e-07
0.428773,0.746303,0
0.415403,0.732102,0
0.410465,0.756406,1.19209e-07
0.409023,0.717292,1.19209e-07
0.418418,0.756251,0
0.397082,0.765069,1.19209e-07
0.430116,0.73645,0
0.402796,0.742927,0
0.420501,0.727723,0
0.439076,0.760874,0
0.390416,0.733187,1.19209e-07
0.407246,0.753883,0
0.417562,0.716831,0
0.432154,0.763985,0
0.396248,0.739301,0
0.388915,0.762685,0
0.43782,0.735386,0
0.422458,0.745657,0
0.405028,0.725759,0
0.394524,0.748187,1.19209e-07
0.427063,0.722158,0
0.411895,0.730118,0
0.413316,0.758381,0
0.385619,0.721583,0
0.435081,0.749459,1.19209e-07
0.425339,0.740066,1.19209e-07
0.400554,0.767769,0
0.482562,0.7612,0
0.449704,0.734332,0
0.461691,0.744779,0
0.470995,0.726741,0
0.489441,0.737448,0
0.441431,0.763299,0
0.477086,0.753469,1.19209e-07
0.459287,0.715731,1.19209e-07
0.464416,0.74023,0
0.469287,0.767096,0
0.487534,0.720599,0
0.45177,0.750966,1.19209e-07
0.492849,0.749107,0
0.44629,0.722985,0
0.455813,0.758771,0
0.480831,0.728804,0
0.45314,0.719324,0
0.485612,0.752086,1.19209e-07
0.466675,0.769619,1.19209e-07
0.467696,0.741506,1.19209e-07
0.444994,0.74703,0
0.494363,0.724226,0
0.478738,0.75719,0
0.454918,0.730627,1.19209e-07
0.442122,0.737054,1.19209e-07
0.490534,0.765449,0
0.457818,0.754662,1.19209e-07
0.475212,0.718447,0
0.44788,0.760146,0
0.484252,0.733698,0
0.472818,0.743307,0
0.462922,0.728292,1.19209e-07
0.460777,0.732367,0
0.471977,0.760864,1.19209e-07
0.44918,0.743193,0
0.482047,0.727801,1.19209e-07
0.440296,0.717563,0
0.488625,0.755416,0
0.460368,0.765428,0
0.476385,0.735583,1.19209e-07
0.445305,0.756989,0
0.492037,0.73155,0
0.480129,0.746252,0
0.457184,0.724926,1.19209e-07
0.465695,0.751739,0
0.470518,0.719582,0
0.486267,0.768771,1.19209e-07
0.450409,0.742331,1.19209e-07
0.493613,0.758244,0
0.444362,0.730368,0
0.478633,0.722647,0
0.453802,0.748319,0
0.484672,0.739079,1.19209e-07
0.452042,0.767833,0
0.466052,0.721968,0
0.468934,0.749868,0
0.475759,0.764544,1.19209e-07
0.458351,0.73864,0
0.490456,0.716118,0
0.443125,0.754113,1.19209e-07
0.447105,0.726286,1.19209e-07
0.482981,0.745216,0
0.463388,0.762577,0
0.473505,0.735057,1.19209e-07
0.507598,0.742934,0
0.539769,0.725942,0
0.519407,0.735282,0
0.52385,0.760086,0
0.498682,0.716151,0
0.546229,0.754919,0
0.534995,0.73834,0
0.511554,0.764657,0
0.516792,0.751919,1.19209e-07
0.52915,0.719018,0
0.537982,0.768668,0
0.50201,0.739483,0
0.497208,0.75712,0
0.543192,0.728664,0
0.531171,0.746679,1.19209e-07
0.515206,0.724283,0
0.529924,0.721695,1.19209e-07
0.51278,0.748309,0
0.495331,0.73194,1.19209e-07
0.545194,0.757795,0
0.50409,0.767227,0
0.536491,0.740738,0
0.527095,0.750222,0
0.5177,0.721003,0
0.50597,0.72742,0
0.541314,0.74397,0
0.525651,0.732634,0
0.521348,0.7611,1.19209e-07
0.533651,0.762967,1.19209e-07
0.509873,0.735961,1.19209e-07
0.501514,0.753046,0
0.548505,0.717474,0
0.543822,0.747261,0
0.498052,0.722755,0
0.513957,0.758449,0
0.531877,0.730677,0
0.515517,0.742122,0
0.52798,0.76666,0
0.539255,0.720477,0
0.502982,0.74922,0
0.540124,0.76237,0
0.507919,0.733452,0
0.520224,0.744955,1.19209e-07
0.523043,0.728077,0
0.535568,0.753287,0
0.510736,0.716965,1.19209e-07
0.499491,0.764307,0
0.547338,0.736795,0
0.542693,0.733766,0
0.506402,0.759965,0
0.524707,0.743539,1.19209e-07
0.521458,0.725471,1.19209e-07
0.532866,0.715596,0
0.509073,0.754766,1.19209e-07
0.548686,0.765416,0
0.500221,0.737372,1.19209e-07
0.505251,0.719604,0
0.537427,0.751054,1.19209e-07
0.51867,0.768395,0
0.525874,0.740354,1.19209e-07
0.5458,0.724213,0
0.495808,0.746177,0
0.513551,0.729527,0
0.530149,0.755838,0
0.569852,0.767857,0
0.586109,0.7405,1.19209e-07
0.554236,0.723745,0
0.603842,0.746676,1.19209e-07
0.57028,0.728684,0
0.581968,0.757204,0
0.596957,0.718684,1.19209e-07
0.563219,0.749462,0
0.578157,0.727839,0
0.57362,0.742743,0
0.593425,0.7625,1.19209e-07
0.558154,0.738083,1.19209e-07
0.565562,0.716113,0
0.587765,0.754354,0
0.599106,0.732116,0
0.552851,0.760068,1.19209e-07
0.600577,0.76103,0
0.550994,0.73493,0
0.589412,0.717255,0
0.564624,0.752748,1.19209e-07
0.57976,0.744268,0
0.576883,0.725816,0
0.59157,0.736147,0
0.55928,0.76433,1.19209e-07
0.602507,0.722166,0
0.556437,0.748239,0
0.584249,0.766961,0
0.567212,0.739234,1.19209e-07
0.560282,0.719808,0
0.595241,0.75183,0
0.582435,0.731161,0
0.572511,0.757189,0
0.579286,0.737579,0
0.575629,0.76389,0
0.558332,0.727298,0
0.591175,0.742238,0
0.600154,0.714921,0
0.550015,0.755369,0
0.56415,0.733219,0
0.590427,0.759204,1.19209e-07
0.561202,0.758542,0
0.595001,0.729414,0
0.572947,0.719364,0
0.582936,0.749629,0
0.600922,0.768112,0
0.555364,0.741773,1.19209e-07
0.56799,0.745808,0
0.585285,0.723964,0
0.551613,0.717212,0
0.598234,0.753085,0
0.566441,0.762338,0
0.588641,0.733973,0
0.575187,0.73549,0
0.576963,0.764915,1.19209e-07
0.557063,0.744808,0
0.592604,0.725436,0
0.586821,0.747749,0
0.569375,0.722039,0
0.553552,0.765974,1.19209e-07
0.602806,0.739975,1.19209e-07
0.581101,0.72094,0
0.571607,0.750945,1.19209e-07
0.596073,0.755656,0
0.561806,0.730573,1.19209e-07
0.613926,0.747845,0
0.630339,0.738615,1.19209e-07
0.62049,0.758529,0
0.605502,0.720342,0
0.62381,0.725159,0
0.608787,0.762288,0
0.615974,0.733675,1.19209e-07
0.635929,0.717134,1.19209e-07
0.622277,0.742086,0
0.610993,0.738104,0
0.617463,0.761583,0
0.626824,0.715622,0
0.607274,0.751587,0
0.619559,0.72951,0
0.612411,0.723628,0
0.618772,0.74903,0
0.606885,0.73119,0
0.629263,0.722048,0
0.611373,0.767451,0
0.621718,0.735507,0
0.609949,0.744428,0
0.617163,0.716096,0
0.620358,0.719187,0
0.604845,0.75636,0
0.631894,0.724075,0
0.612957,0.74112,0
0.608573,0.726773,0
0.62576,0.731712,0
0.61453,0.752578,1.19209e-07
0.794466,0.411067,1.97323
0.784619,0.430762,1.98882
0.7953,0.409401,1.97812
0.791322,0.417356,1.98244
0.788728,0.422544,1.96662
0.794922,0.410157,1.95822
0.791495,0.41701,1.97126
0.788738,0.422525,1.95585
0.785505,0.428989,1.98883
0.790826,0.418347,1.99167
0.784733,0.430534,1.96931
0.782813,0.434374,1.98985
0.793356,0.413289,1.96461
0.78966,0.420681,1.95178
0.796553,0.406895,1.98468
0.797175,0.405651,1.96513
0.790974,0.418051,1.99851
0.789371,0.421259,1.96179
0.794744,0.410513,1.99253
0.78911,0.42178,1.98638
0.79623,0.40754,1.96645
0.789637,0.420727,1.97042
0.793494,0.413012,1.95422
0.784824,0.430353,1.98004
0.792995,0.414009,1.97441
0.792581,0.414839,1.99279
0.787208,0.425584,1.96681
0.798544,0.402912,1.98202
0.800904,0.398192,1.94405
0.797913,0.404173,1.94568
0.802002,0.395995,1.92883
0.804467,0.391066,1.91759
0.797373,0.405253,1.95786
0.793767,0.412466,1.92907
0.79643,0.40714,1.91722
0.800924,0.398152,1.9352
0.801342,0.397316,1.9161
0.792007,0.415987,1.93438
0.800507,0.398986,1.96034
0.791679,0.416643,1.91716
0.797609,0.404782,1.94036
0.794059,0.411882,1.90759
0.803145,0.393709,1.90942
0.799683,0.400635,1.93486
0.797776,0.404447,1.8934
0.790363,0.419273,1.91969
0.794123,0.411754,1.8915
0.793418,0.413165,1.92445
0.802904,0.394193,1.93876
0.790293,0.419413,1.93948
0.799038,0.401924,1.94715
0.795951,0.408098,1.93597
0.799708,0.400584,1.92582
0.793355,0.413291,1.91762
0.799491,0.401018,1.95305
0.795021,0.409957,1.93584
0.795328,0.409344,1.89061
0.79682,0.406359,1.95314
0.802007,0.395986,1.94279
0.794951,0.410097,1.91543
0.806318,0.387363,1.87304
0.806193,0.387614,1.84674
0.809365,0.381271,1.86594
0.805313,0.389374,1.89971
0.808951,0.382098,1.85507
0.801929,0.396143,1.89545
0.80162,0.396761,1.83404
0.801111,0.397779,1.84637
0.805968,0.388065,1.8864
0.806455,0.38709,1.90382
0.797554,0.404891,1.86933
0.798586,0.402827,1.85557
0.804684,0.390633,1.89074
0.797767,0.404465,1.85785
0.802637,0.394726,1.88422
0.800246,0.399508,1.89067
0.807526,0.384948,1.88371
0.80468,0.390641,1.85253
0.797612,0.404775,1.88015
0.799748,0.400504,1.87309
0.807946,0.384108,1.86998
0.808444,0.383113,1.82961
0.804543,0.390915,1.79796
0.809702,0.380597,1.80235
0.804053,0.391894,1.81232
0.813331,0.373338,1.82726
0.801019,0.397961,1.81987
0.806556,0.386887,1.82166
0.807623,0.384755,1.78685
0.813504,0.372991,1.80768
0.804625,0.390751,1.80513
0.810297,0.379405,1.80829
0.811137,0.377726,1.85251
0.808396,0.383207,1.80207
0.811631,0.376738,1.83081
0.813716,0.372568,1.81989
0.806711,0.386579,1.81418
0.807134,0.385732,1.83642
0.812359,0.375282,1.79541
0.800911,0.398179,1.83044
0.806568,0.386864,1.80072
0.807736,0.384528,1.81913
0.811623,0.376755,1.82238
0.804848,0.390304,1.81664
0.811966,0.376069,1.8112
0.809835,0.38033,1.7937
0.803746,0.392509,1.79826
0.815178,0.369645,1.80752
0.814327,0.371346,1.80286
0.811254,0.377492,1.84261
0.803273,0.393454,1.80537
0.802624,0.394752,1.82132
0.81135,0.3773,1.82934
0.814571,0.370859,1.82
0.811121,0.377759,1.75358
0.819783,0.360434,1.75903
0.8079,0.3842,1.76336
0.8137,0.3726,1.78636
0.812192,0.375616,1.738
0.812519,0.374962,1.77509
0.816508,0.366985,1.77336
0.815928,0.368144,1.77789
0.81632,0.36736,1.74948
0.808865,0.382269,1.77212
0.812988,0.374023,1.75873
0.814227,0.371546,1.78949
0.82134,0.357319,1.75646
0.811057,0.377887,1.74573
0.809021,0.381958,1.75843
0.815376,0.369247,1.7671
0.815462,0.369076,1.78851
0.818799,0.362402,1.74704
0.812566,0.374869,1.7532
0.817045,0.36591,1.78239
0.812737,0.374526,1.76726
0.812785,0.374431,1.77901
0.81251,0.374979,1.74314
0.809235,0.381529,1.77818
0.809429,0.381142,1.7538
0.815674,0.368653,1.746
0.822769,0.354462,1.727
0.814346,0.371308,1.72818
0.822651,0.354699,1.74393
0.82039,0.35922,1.71808
0.816395,0.367209,1.73879
0.824131,0.351737,1.70261
0.816034,0.367933,1.7042
0.819478,0.361044,1.74031
0.817309,0.365382,1.69479
0.817396,0.365207,1.71745
0.822458,0.355085,1.733
0.821119,0.357761,1.70086
0.81386,0.372281,1.71846
0.819732,0.360537,1.74813
0.820347,0.359305,1.69691
0.825174,0.349651,1.71554
0.815128,0.369744,1.72592
0.819381,0.361237,1.72349
0.816217,0.367565,1.70719
0.816123,0.367754,1.73276
0.819794,0.360412,1.70908
0.812581,0.374838,1.71367
0.818734,0.362532,1.69695
0.815987,0.368025,1.71666
0.823192,0.353615,1.73377
0.816814,0.366372,1.71199
0.818055,0.36389,1.74315
0.82511,0.34978,1.70772
0.821857,0.356286,1.72036
0.815445,0.369111,1.71266
0.820962,0.358075,1.74121
0.826352,0.347296,1.66628
0.819405,0.36119,1.68283
0.827793,0.344414,1.66522
0.820509,0.358982,1.66223
0.822712,0.354576,1.66346
0.824675,0.350651,1.69192
0.822342,0.355315,1.6759
0.825363,0.349275,1.6708
0.824367,0.351267,1.68207
0.82713,0.345739,1.66519
0.822349,0.355302,1.64712
0.820715,0.35857,1.6783
0.819037,0.361926,1.6619
0.819379,0.361241,1.67742
0.821139,0.357722,1.65066
0.823054,0.353892,1.68957
0.816983,0.366034,1.68103
0.824361,0.351278,1.66324
0.822626,0.354748,1.68263
0.829003,0.341994,1.66032
0.817938,0.364123,1.66649
0.824056,0.351889,1.65828
0.826999,0.346002,1.69422
0.829699,0.340602,1.67525
0.822508,0.354983,1.6787
0.818235,0.363531,1.681
0.397861,0.782874,0
0.43114,0.79741,0
0.416049,0.787638,1.19209e-07
0.405347,0.791156,0
0.421036,0.819949,0
0.439452,0.771637,0
0.43452,0.812187,0
0.401286,0.801812,0
0.424515,0.779963,0
0.409355,0.773824,0
0.413228,0.807027,0
0.429033,0.797135,0
0.427204,0.822278,1.19209e-07
0.410659,0.805699,0
0.414864,0.775458,0
0.43491,0.783944,0
0.423066,0.803924,0
0.399354,0.776913,1.19209e-07
0.40558,0.789875,0
0.418694,0.816011,0
0.432548,0.78142,1.19209e-07
0.437617,0.807987,0
0.391078,0.770933,0
0.420188,0.793071,0
0.422551,0.770352,1.19209e-07
0.438394,0.817883,0
0.417259,0.799315,1.19209e-07
0.408298,0.780408,0
0.429826,0.789461,0
0.412804,0.794829,0
0.428564,0.804168,0
0.392433,0.776565,1.19209e-07
0.400468,0.785231,0
0.425671,0.812811,1.19209e-07
0.433403,0.777986,0
0.436251,0.800614,0
0.42363,0.786161,0
0.426512,0.774549,1.19209e-07
0.414854,0.823705,1.19209e-07
0.411787,0.796146,0
0.402792,0.773425,1.19209e-07
0.419411,0.810282,0
0.436988,0.791793,0
0.395515,0.788594,0
0.431455,0.815123,0
0.406854,0.798798,0
0.417907,0.782155,0
0.47773,0.7856,0
0.458995,0.821802,1.19209e-07
0.489327,0.805164,1.19209e-07
0.444309,0.777666,1.19209e-07
0.487283,0.774302,1.19209e-07
0.449517,0.803467,0
0.471159,0.813618,1.19209e-07
0.465354,0.796288,0
0.46804,0.783328,1.19209e-07
0.462329,0.808022,0
0.452657,0.789065,1.19209e-07
0.482937,0.81805,0
0.494535,0.791453,0
0.44022,0.816335,-1.19209e-07
0.454113,0.771738,0
0.476213,0.800161,1.19209e-07
0.455249,0.797762,0
0.474942,0.771234,1.19209e-07
0.4431,0.793059,0
0.492728,0.814523,0
0.45154,0.819965,0
0.481052,0.787818,0
0.460918,0.780891,1.19209e-07
0.468852,0.809465,0
0.479123,0.823063,0
0.457485,0.784112,0
0.491034,0.778213,0
0.445673,0.80726,0
0.472394,0.794015,0
0.46548,0.811877,0
0.44842,0.775227,1.19209e-07
0.485134,0.800798,0
0.457797,0.804181,0
0.480367,0.776744,1.19209e-07
0.49015,0.821132,1.19209e-07
0.446363,0.786762,0
0.446972,0.813051,0
0.485976,0.795825,1.19209e-07
0.473534,0.802406,0
0.466949,0.773318,0
0.482037,0.808379,1.19209e-07
0.450444,0.781959,1.19209e-07
0.469967,0.7893,0
0.461605,0.818713,0
0.456695,0.790806,0
0.475343,0.817113,0
0.441799,0.799407,0
0.491986,0.772246,1.19209e-07
0.463752,0.801507,1.19209e-07
0.471644,0.776338,0
0.44919,0.795257,0
0.486329,0.810701,0
0.47875,0.806258,0
0.460007,0.779661,0
0.44387,0.823503,0
0.488412,0.784466,0
0.493259,0.798239,0
0.441204,0.770328,1.19209e-07
0.477207,0.792359,0
0.45469,0.815017,0
0.483831,0.78018,0
0.453151,0.810088,0
0.463247,0.787544,0
0.468115,0.820033,1.19209e-07
0.499464,0.812135,1.19209e-07
0.543843,0.796262,0
0.514121,0.774396,0
0.532774,0.802841,1.19209e-07
0.525696,0.777574,1.19209e-07
0.519553,0.804271,0
0.541789,0.821476,0
0.504703,0.785847,0
0.521889,0.816373,0
0.517229,0.790387,0
0.53791,0.771582,1.19209e-07
0.506996,0.799811,0
0.495247,0.781775,1.19209e-07
0.548678,0.807679,0
0.508748,0.818043,0
0.530993,0.788585,0
0.520984,0.778072,0
0.52731,0.805466,0
0.539817,0.784548,1.19209e-07
0.502383,0.823109,0
0.534385,0.774477,0
0.511875,0.800233,0
0.545654,0.810775,0
0.500336,0.794168,0
0.497437,0.809853,0
0.547701,0.779772,1.19209e-07
0.510468,0.787678,0
0.529134,0.82019,0
0.506243,0.77052,0
0.535949,0.797169,0
0.52375,0.792207,0
0.515569,0.815148,1.19209e-07
0.509826,0.781387,0
0.531876,0.809283,0
0.495879,0.819397,0
0.548366,0.7868,0
0.508175,0.793085,0
0.538664,0.81443,0
0.517987,0.798376,0
0.523707,0.769764,-1.19209e-07
0.519435,0.783681,0
0.526523,0.823105,0
0.541286,0.778769,0
0.503383,0.806878,0
0.498171,0.775694,0
0.543168,0.801418,0
0.533182,0.79406,0
0.514759,0.81184,0
0.510932,0.807501,0
0.530471,0.782236,0
0.546471,0.817634,0
0.497171,0.78929,0
0.505542,0.816068,0
0.5366,0.791055,0
0.524717,0.798997,1.19209e-07
0.51675,0.772464,0
0.540594,0.804999,1.19209e-07
0.50227,0.776727,0
0.528198,0.78528,0
0.521101,0.820972,0
0.534824,0.812819,0
0.513128,0.79577,0
0.544829,0.772961,0
0.501264,0.802472,0
0.593305,0.801494,1.19209e-07
0.562649,0.779069,0
0.572764,0.812907,0
0.578358,0.78438,0
0.55044,0.80456,0
0.602965,0.775003,1.19209e-07
0.564146,0.794467,0
0.586303,0.820829,1.19209e-07
0.588145,0.779801,0
0.56924,0.798975,1.19209e-07
0.552965,0.788492,1.19209e-07
0.574148,0.771425,0
0.581514,0.807566,0
0.596024,0.791469,0
0.557881,0.817891,0
0.555418,0.813991,0
0.599075,0.786944,0
0.568017,0.781925,1.19209e-07
0.589955,0.797631,1.19209e-07
0.556753,0.790043,0
0.583373,0.770322,0
0.575963,0.809635,-1.19209e-07
0.565727,0.82231,0
0.584768,0.794674,0
0.551634,0.774316,0
0.591939,0.776499,0
0.560027,0.800367,0
0.570987,0.784655,0
0.579919,0.810109,1.19209e-07
0.554437,0.797123,0
0.598311,0.782269,1.19209e-07
0.568404,0.786484,0
0.587573,0.814803,1.19209e-07
0.559508,0.769812,0
0.58046,0.791044,0
0.573974,0.81919,0
0.572293,0.776922,0
0.576836,0.801367,1.19209e-07
0.592388,0.785209,0
0.561342,0.811347,0
0.563167,0.805913,0
0.585673,0.772993,0
0.549568,0.795835,0
0.579183,0.778262,0
0.570049,0.802485,1.19209e-07
0.560554,0.783215,0
0.591078,0.812044,0
0.583624,0.803684,0
0.565581,0.774812,0
0.601598,0.793069,1.19209e-07
0.551754,0.82185,1.19209e-07
0.557092,0.807497,0
0.594017,0.771648,0
0.575643,0.792253,1.19209e-07
0.582357,0.817151,0
0.566516,0.815625,0
0.589327,0.789173,1.19209e-07
0.554718,0.780608,0
0.600064,0.798403,0
0.604619,0.772113,1.19209e-07
0.60819,0.78313,0
0.613292,0.772641,0
0.772728,0.454544,1.98838
0.774175,0.451649,1.9844
0.77347,0.453061,1.99952
0.768364,0.463272,1.9961
0.775559,0.448882,1.98981
0.77047,0.459059,1.98638
0.774036,0.451928,1.9698
0.780538,0.438925,1.92606
0.778302,0.443396,1.95346
0.777248,0.445504,1.92314
0.777476,0.445048,1.93507
0.780332,0.439335,1.97472
0.776282,0.447436,1.93445
0.778184,0.443633,1.95248
0.782257,0.435487,1.98508
0.774196,0.451608,1.94775
0.775525,0.44895,1.98263
0.782008,0.435984,1.97158
0.771853,0.456293,1.97492
0.781786,0.436428,1.94665
0.779243,0.441514,1.92178
0.78656,0.42688,1.94782
0.779207,0.441586,1.95771
0.774614,0.450772,1.94098
0.783256,0.433489,1.91966
0.784443,0.431115,1.86404
0.782575,0.43485,1.90307
0.788846,0.422308,1.90874
0.78162,0.43676,1.87655
0.77985,0.440299,1.91722
0.786068,0.427864,1.89755
0.789119,0.421762,1.92482
0.783308,0.433385,1.91257
0.781761,0.436478,1.8847
0.78793,0.42414,1.89303
0.77897,0.44206,1.89643
0.78529,0.429421,1.93284
0.779147,0.441706,1.91253
0.789114,0.421772,1.91685
0.784201,0.431599,1.90517
0.792822,0.414355,1.88567
0.786958,0.426085,1.92711
0.779413,0.441174,1.88518
0.785043,0.429914,1.89387
0.788126,0.423749,1.8836
0.784374,0.431252,1.92636
0.783384,0.433232,1.85723
0.780921,0.438159,1.9021
0.783682,0.432637,1.88174
0.789698,0.420604,1.87561
0.791355,0.417289,1.90754
0.786433,0.427135,1.87203
0.780949,0.438101,1.8958
0.791269,0.417461,1.88467
0.781435,0.43713,1.91094
0.786777,0.426447,1.84414
0.792718,0.414564,1.81421
0.790665,0.41867,1.8625
0.797265,0.40547,1.84966
0.795116,0.409768,1.82491
0.794036,0.411927,1.85736
0.785453,0.429094,1.83242
0.790983,0.418034,1.82419
0.799066,0.401869,1.82803
0.787593,0.424814,1.86339
0.79021,0.41958,1.85471
0.785463,0.429074,1.85233
0.794852,0.410297,1.83332
0.785663,0.428674,1.83834
0.791965,0.416069,1.87132
0.789249,0.421502,1.858
0.798769,0.402462,1.83495
0.785308,0.429384,1.86055
0.787794,0.424412,1.81426
0.788632,0.422736,1.84313
0.795593,0.408813,1.84844
0.792674,0.414652,1.82348
0.78799,0.42402,1.82109
0.796971,0.406059,1.84347
0.790996,0.418008,1.80833
0.796225,0.40755,1.7693
0.802358,0.395283,1.77744
0.79444,0.41112,1.81326
0.792726,0.414548,1.79772
0.80047,0.39906,1.80149
0.803156,0.393687,1.78915
0.794762,0.410475,1.81181
0.792152,0.415696,1.78893
0.798991,0.402019,1.76858
0.797552,0.404897,1.79603
0.792686,0.414628,1.80374
0.800368,0.399263,1.8096
0.80158,0.39684,1.7969
0.80129,0.39742,1.78918
0.795923,0.408155,1.79653
0.795313,0.409373,1.78202
0.801993,0.396015,1.80877
0.796344,0.407311,1.80333
0.804356,0.391287,1.77557
0.801432,0.397136,1.77284
0.793969,0.412063,1.76646
0.794604,0.410792,1.80303
0.798575,0.40285,1.78062
0.799867,0.400266,1.82034
0.799725,0.400551,1.74374
0.808524,0.382952,1.74304
0.802831,0.394337,1.74168
0.803875,0.39225,1.75588
0.80113,0.39774,1.72891
0.795968,0.408064,1.7503
0.806102,0.387796,1.74226
0.806568,0.386864,1.73598
0.803181,0.393638,1.74378
0.810754,0.378493,1.73007
0.797836,0.404329,1.75509
0.802963,0.394073,1.74968
0.798352,0.403296,1.7389
0.804417,0.391167,1.76063
0.795426,0.409149,1.74605
0.801099,0.397802,1.7368
0.806576,0.386847,1.75309
0.802045,0.39591,1.71668
0.805707,0.388586,1.7705
0.799339,0.401322,1.718
0.807772,0.384456,1.74879
0.805322,0.389355,1.76049
0.809839,0.380321,1.71682
0.80349,0.393021,1.67901
0.804129,0.391741,1.70896
0.81312,0.373761,1.70697
0.806715,0.38657,1.66931
0.807154,0.385692,1.72079
0.809089,0.381822,1.6704
0.802477,0.395046,1.69158
0.813633,0.372733,1.68657
0.809549,0.380902,1.70553
0.811587,0.376827,1.68135
0.809674,0.380652,1.71122
0.813125,0.373749,1.70451
0.805447,0.389106,1.69345
0.807169,0.385661,1.71366
0.806959,0.386081,1.68374
0.809142,0.381716,1.71344
0.810378,0.379244,1.68908
0.80851,0.382981,1.69859
0.803475,0.393051,1.70664
0.809349,0.381301,1.69597
0.805034,0.389932,1.71702
0.806212,0.387575,1.71424
0.811547,0.376905,1.70716
0.806043,0.387913,1.66315
0.813236,0.373529,1.6659
0.813036,0.373929,1.65438
0.80837,0.383259,1.63708
0.809903,0.380194,1.66698
0.808109,0.383782,1.64278
0.811078,0.377844,1.62233
0.812547,0.374906,1.64867
0.814545,0.37091,1.67091
0.814093,0.371814,1.63956
0.82013,0.35974,1.64184
0.817566,0.364868,1.64804
0.814989,0.370022,1.63922
0.817378,0.365245,1.66081
0.811505,0.376989,1.64397
0.807965,0.384069,1.65189
0.814902,0.370196,1.6472
0.809451,0.381098,1.64297
0.812765,0.374471,1.64039
0.816794,0.366411,1.63851
0.807838,0.384324,1.66348
0.438364,0.876542,0
0.422313,0.833124,1.19209e-07
0.429435,0.849025,1.19209e-07
0.432907,0.825772,0
0.436775,0.838941,0
0.416258,0.828972,0
0.428037,0.836549,0
0.42573,0.845339,0
0.434417,0.851918,0
0.430114,0.85636,0
0.439279,0.832524,0
0.42698,0.842097,0
0.423196,0.827269,1.19209e-07
0.437416,0.859055,1.19209e-07
0.431912,0.831169,0
0.435856,0.846974,0
0.480511,0.864755,0
0.459368,0.835106,0
0.487626,0.84238,1.19209e-07
0.444112,0.874975,0
0.448727,0.846895,0
0.487169,0.869774,1.19209e-07
0.466069,0.852057,0
0.471686,0.825262,1.19209e-07
0.456023,0.865827,0
0.475453,0.848098,0
0.490838,0.85511,0
0.440562,0.829523,0
0.470024,0.876924,0
0.461734,0.839283,0
0.482603,0.832761,1.19209e-07
0.450263,0.860688,0
0.494283,0.828718,0
0.442151,0.857913,0
0.476398,0.866714,1.19209e-07
0.454408,0.851393,1.19209e-07
0.482197,0.858937,1.19209e-07
0.451678,0.832172,0
0.463317,0.876506,0
0.468497,0.840953,0
0.465228,0.826547,0
0.473637,0.854398,0
0.446915,0.871525,0
0.484615,0.844841,0
0.45781,0.863102,0
0.477536,0.83613,0
0.489487,0.873345,0
0.444779,0.843213,0
0.463796,0.86892,0
0.472907,0.847937,0
0.485162,0.852644,0
0.447797,0.824391,0
0.478451,0.873949,1.19209e-07
0.457348,0.841685,1.19209e-07
0.490175,0.835377,-1.19209e-07
0.44546,0.863716,0
0.492915,0.866248,0
0.442087,0.849767,0
0.453781,0.85582,0
0.475775,0.830267,0
0.452714,0.878557,0
0.481508,0.838484,0
0.462586,0.83368,1.19209e-07
0.4676,0.861091,0
0.471069,0.870264,0
0.465514,0.845904,0
0.486476,0.827104,1.19209e-07
0.449719,0.85368,0
0.479303,0.844213,1.19209e-07
0.458455,0.87202,0
0.443544,0.837393,0
0.488713,0.861535,1.19209e-07
0.455303,0.828357,1.19209e-07
0.474515,0.856771,0
0.439652,0.867719,1.19209e-07
0.492204,0.850111,0
0.460475,0.859872,0
0.469149,0.83147,1.19209e-07
0.483626,0.875458,1.19209e-07
0.451333,0.839603,1.19209e-07
0.510534,0.855262,0
0.535153,0.832516,0
0.542887,0.876266,0
0.494309,0.850267,0
0.523271,0.860727,0
0.52006,0.827511,0
0.537644,0.838425,1.19209e-07
0.501773,0.86543,1.19209e-07
0.547473,0.824785,1.19209e-07
0.498021,0.862627,1.19209e-07
0.53064,0.871053,0
0.513361,0.842292,0
0.517328,0.874651,1.19209e-07
0.525887,0.847522,0
0.507102,0.837113,0
0.539427,0.85123,0
0.504953,0.853515,0
0.541067,0.834687,0
0.527672,0.871487,0
0.516395,0.845589,0
0.545935,0.863015,0
0.499623,0.827045,0
0.529701,0.843246,1.19209e-07
0.511364,0.868411,0
0.508645,0.83128,0
0.532935,0.857018,0
0.496077,0.87823,0
0.544426,0.848026,1.19209e-07
0.523928,0.829551,1.19209e-07
0.521544,0.858755,0
0.503098,0.839385,0
0.53533,0.86733,1.19209e-07
0.543,0.831697,0
0.495566,0.856962,0
0.533721,0.876949,0
0.510054,0.848721,0
0.502318,0.830146,0
0.53859,0.858609,0
0.521898,0.840234,0
0.518874,0.866423,0
0.540274,0.844539,0
0.50749,0.87322,0
0.517131,0.835017,0
0.526519,0.853814,0
0.49933,0.84374,0
0.548337,0.869438,0
0.514632,0.864208,0
0.531953,0.825992,0
0.547243,0.840865,0
0.500513,0.870454,1.19209e-07
0.528874,0.861683,1.19209e-07
0.512692,0.824192,0
0.515604,0.852176,0
0.52739,0.836199,0
0.505898,0.846375,0
0.541453,0.873522,0
0.509468,0.875299,0
0.532507,0.850574,0
0.497075,0.833442,0
0.544985,0.85525,1.19209e-07
0.52066,0.837846,1.19209e-07
0.524719,0.866337,0
0.537093,0.828375,0
0.503972,0.859897,1.19209e-07
0.570961,0.85066,0
0.560058,0.857771,0
0.56542,0.866882,0
0.552087,0.831718,0
0.582604,0.834508,0
0.556399,0.841054,0
0.554692,0.872718,1.19209e-07
0.567492,0.825938,0
0.553475,0.846648,0
0.574652,0.836379,0
0.557476,0.869057,0
0.561152,0.82949,0
0.564422,0.837474,1.19209e-07
0.549119,0.854813,0
0.57892,0.829648,0
0.559557,0.848621,1.19209e-07
0.550951,0.866051,0
0.564719,0.832704,0
0.556694,0.851525,0
0.576214,0.843856,0
0.55528,0.825138,0
0.568578,0.845483,0
0.552596,0.861807,0
0.559048,0.834938,0
0.571761,0.827503,1.19209e-07
0.562073,0.87507,0
0.562889,0.856494,0
0.550546,0.839063,0
0.763312,0.473376,1.99204
0.756337,0.487325,1.98498
0.764187,0.471625,1.9646
0.751482,0.497036,1.99689
0.761835,0.476329,1.97466
0.755134,0.489732,1.96422
0.766296,0.467408,1.979
0.763086,0.473827,1.98807
0.760838,0.478325,1.96509
0.767324,0.465353,1.96476
0.758594,0.482813,1.99689
0.753143,0.493714,1.99781
0.758259,0.483483,1.94837
0.766558,0.466884,1.99155
0.765532,0.468936,1.97109
0.754408,0.491184,1.99777
0.76556,0.46888,1.98998
0.758606,0.482789,1.98501
0.7589,0.4822,1.97566
0.752344,0.495313,1.98833
0.756432,0.487135,1.98963
0.765612,0.468777,1.97986
0.761544,0.476911,1.9843
0.763369,0.473262,1.94844
0.764074,0.471852,1.9013
0.766939,0.466122,1.89102
0.763828,0.472344,1.95393
0.76378,0.472441,1.93226
0.759028,0.481944,1.92829
0.760821,0.478357,1.92134
0.769905,0.460189,1.91642
0.763606,0.472787,1.90803
0.772565,0.454869,1.91387
0.761906,0.476187,1.94069
0.766082,0.467836,1.90959
0.771522,0.456956,1.93453
0.76532,0.469359,1.92628
0.765872,0.468256,1.93804
0.764361,0.471277,1.90804
0.76145,0.477101,1.94861
0.773942,0.452116,1.92387
0.765028,0.469943,1.89055
0.765215,0.46957,1.9153
0.770149,0.459703,1.93522
0.770819,0.458361,1.9075
0.761518,0.476965,1.9109
0.767416,0.465168,1.96117
0.76517,0.469661,1.94771
0.765293,0.469413,1.89709
0.770783,0.458434,1.9263
0.771217,0.457566,1.94922
0.767663,0.464675,1.91208
0.772008,0.455985,1.90538
0.772196,0.455608,1.86102
0.768298,0.463404,1.88097
0.771267,0.457465,1.833
0.779537,0.440926,1.87293
0.76901,0.46198,1.85866
0.775126,0.449749,1.8538
0.768134,0.463732,1.88887
0.778633,0.442734,1.85343
0.776722,0.446556,1.8934
0.773827,0.452346,1.85705
0.772206,0.455587,1.88871
0.771319,0.457361,1.87124
0.777992,0.444017,1.87861
0.770206,0.459588,1.85272
0.771409,0.457181,1.8825
0.770221,0.459557,1.88807
0.78072,0.438561,1.85625
0.774659,0.450683,1.88435
0.775308,0.449384,1.89912
0.774432,0.451135,1.84783
0.773677,0.452645,1.863
0.769569,0.460862,1.88105
0.775532,0.448936,1.90368
0.766548,0.466904,1.86769
0.770771,0.458457,1.84192
0.77761,0.44478,1.84747
0.77596,0.448081,1.88295
0.776748,0.446505,1.83532
0.780989,0.438022,1.83347
0.780525,0.43895,1.79415
0.782617,0.434767,1.82802
0.783804,0.432393,1.80417
0.778564,0.442872,1.8419
0.777875,0.444249,1.78402
0.783714,0.432572,1.7954
0.784207,0.431587,1.83704
0.778595,0.44281,1.80342
0.784172,0.431657,1.81867
0.777793,0.444414,1.7931
0.784001,0.431998,1.81024
0.786544,0.426913,1.80673
0.78538,0.429239,1.8122
0.778833,0.442334,1.81152
0.781557,0.436887,1.79957
0.780107,0.439786,1.82412
0.787361,0.425279,1.80725
0.775035,0.449929,1.83495
0.774591,0.450818,1.81312
0.780299,0.439402,1.78856
0.777808,0.444384,1.8347
0.782781,0.434438,1.83517
0.785275,0.42945,1.8246
0.777951,0.444097,1.81247
0.784231,0.431537,1.77103
0.788395,0.423209,1.76766
0.785809,0.428382,1.77965
0.783204,0.433592,1.74717
0.794118,0.411763,1.75301
0.781532,0.436935,1.77998
0.791107,0.417787,1.75613
0.786206,0.427587,1.73778
0.789213,0.421574,1.7979
0.791016,0.417967,1.76988
0.788727,0.422547,1.78073
0.780865,0.43827,1.7809
0.780986,0.438027,1.77226
0.786519,0.426963,1.76281
0.784745,0.43051,1.78602
0.784146,0.431707,1.75233
0.792278,0.415443,1.75366
0.788704,0.422591,1.79178
0.785738,0.428523,1.74828
0.792345,0.41531,1.7614
0.785631,0.428739,1.77032
0.787094,0.425811,1.74415
0.782185,0.435629,1.76451
0.784368,0.431264,1.74185
0.789939,0.420123,1.78603
0.790025,0.419949,1.74691
0.779359,0.441282,1.77695
0.796475,0.40705,1.73596
0.79227,0.415461,1.70959
0.790515,0.418969,1.69384
0.791416,0.417168,1.73222
0.798101,0.403798,1.7134
0.793099,0.413801,1.70975
0.787524,0.424952,1.72069
0.792924,0.414153,1.74674
0.78628,0.42744,1.72335
0.794735,0.41053,1.72966
0.790361,0.419278,1.70869
0.79764,0.40472,1.72283
0.790654,0.418691,1.72615
0.790275,0.41945,1.68814
0.791402,0.417197,1.73951
0.798248,0.403504,1.70696
0.790504,0.418992,1.70182
0.792342,0.415315,1.70285
0.793392,0.413217,1.71444
0.788155,0.42369,1.70177
0.799448,0.401104,1.70826
0.789457,0.421086,1.74187
0.789152,0.421696,1.72628
0.795941,0.408118,1.71208
0.796321,0.407359,1.72942
0.791903,0.416193,1.73975
0.796281,0.407438,1.72675
0.794583,0.410833,1.70219
0.792388,0.415225,1.72542
0.788417,0.423167,1.72605
0.79448,0.411041,1.6959
0.79431,0.411379,1.74875
0.793857,0.412286,1.66154
0.798143,0.403713,1.69853
0.789753,0.420493,1.68323
0.797351,0.405299,1.66492
0.801567,0.396866,1.67897
0.796106,0.407789,1.68723
0.795066,0.409869,1.68069
0.797636,0.404728,1.69831
0.795389,0.409222,1.64294
0.798998,0.402004,1.66249
0.792915,0.414171,1.66593
0.799758,0.400485,1.67159
0.798823,0.402355,1.65823
0.79673,0.40654,1.67863
0.802257,0.395485,1.66799
0.797576,0.404848,1.69142
0.802787,0.394426,1.68083
0.796513,0.406973,1.65835
0.799496,0.401008,1.68626
0.800459,0.399082,1.65763
0.793348,0.413304,1.65599
0.797375,0.40525,1.65857
0.799775,0.400451,1.69261
0.805685,0.388629,1.64278
0.804841,0.390318,1.61751
0.797677,0.404647,1.63778
0.807984,0.384033,1.61806
0.797744,0.404513,1.64591
0.804536,0.390928,1.62998
0.798458,0.403083,1.62496
0.805844,0.388312,1.6506
0.804102,0.391795,1.63454
0.808863,0.382274,1.62894
0.802781,0.394438,1.60698
0.802972,0.394055,1.65501
0.800866,0.398267,1.64617
0.802228,0.395544,1.62171
0.804363,0.391274,1.65124
0.799455,0.401091,1.64532
0.798255,0.403489,1.61427
0.80385,0.3923,1.64371
0.806474,0.387052,1.62624
0.807379,0.385241,1.64269
0.805891,0.388218,1.6221
0.796665,0.40667,1.64274
0.804814,0.390373,1.64185
0.80236,0.395281,1.64548
0.80196,0.396079,1.62969
0.804253,0.391495,1.65679
0.805476,0.389048,1.62685
0.452658,0.900605,0
0.481032,0.926195,0
0.467441,0.889284,0
0.462142,0.9083,0
0.475734,0.918123,1.19209e-07
0.453317,0.881497,0
0.493304,0.897729,0
0.445061,0.886146,0
0.489734,0.911915,0
0.477543,0.902748,0
0.463436,0.894686,1.19209e-07
0.471938,0.922604,1.19209e-07
0.484583,0.884354,0
0.491184,0.92535,0
0.473593,0.879979,0
0.469144,0.906245,0
0.460513,0.891376,0
0.48273,0.902164,1.19209e-07
0.449565,0.882687,0
0.486702,0.915379,0
0.470794,0.893773,0
0.465507,0.919662,0
0.479588,0.930941,0
0.458273,0.904786,0
0.488704,0.887762,0
0.457677,0.888547,0
0.477908,0.91003,0
0.489357,0.905065,0
0.473395,0.883307,0
0.464338,0.914738,0
0.446791,0.892776,0
0.484924,0.920203,0
0.467571,0.928171,0
0.462974,0.900881,1.19209e-07
0.480803,0.890939,0
0.4768,0.895709,0
0.49271,0.916537,1.19209e-07
0.442329,0.879512,1.19209e-07
0.471502,0.912956,0
0.466114,0.884735,0
0.485821,0.895053,0
0.479164,0.886336,0
0.459685,0.911503,1.19209e-07
0.48709,0.931251,-1.19209e-07
0.474209,0.924278,0
0.455952,0.898532,1.19209e-07
0.492132,0.880213,1.19209e-07
0.469906,0.89967,1.19209e-07
0.483491,0.908482,0
0.450154,0.889839,0
0.543859,0.882327,0
0.493961,0.915612,0
0.52867,0.918933,0
0.51264,0.893339,1.19209e-07
0.527671,0.904125,0
0.516472,0.930575,0
0.535416,0.909534,0
0.501188,0.887495,1.19209e-07
0.52416,0.916709,0
0.519926,0.879874,0
0.504193,0.925032,0
0.540571,0.896756,0
0.499671,0.90188,0
0.53251,0.891234,0
0.510863,0.906224,0
0.531551,0.893995,1.19209e-07
0.514143,0.921995,0
0.49644,0.884016,1.19209e-07
0.542206,0.913013,0
0.515478,0.902846,0
0.525994,0.931947,0
0.502549,0.911565,0
0.537805,0.885467,0
0.522021,0.880846,0
0.51806,0.917987,1.19209e-07
0.506353,0.897709,0
0.53826,0.922353,1.19209e-07
0.508693,0.889171,0
0.533997,0.907474,1.19209e-07
0.497942,0.926156,0
0.547735,0.899752,0
0.52983,0.914492,0
0.513714,0.883216,0
0.496707,0.920199,0
0.543368,0.892355,1.19209e-07
0.503876,0.904669,0
0.514787,0.91007,1.19209e-07
0.525138,0.888386,1.19209e-07
0.508061,0.927548,0
0.534659,0.900257,0
0.49874,0.891065,1.19209e-07
0.522814,0.924447,0
0.51946,0.89527,0
0.539772,0.878573,0
0.507516,0.916206,1.19209e-07
0.523661,0.897788,0
0.520716,0.923645,1.19209e-07
0.505449,0.88044,0
0.532012,0.927314,1.19209e-07
0.51018,0.899257,0
0.5004,0.908218,0
0.546376,0.889452,0
0.511753,0.912876,1.19209e-07
0.529585,0.884396,0
0.495079,0.895199,0
0.517795,0.886222,1.19209e-07
0.527015,0.911002,0
0.501489,0.931127,0
0.536114,0.902813,0
0.549779,0.900426,0
0.552247,0.886216,0
0.550961,0.878774,0
0.74178,0.51644,1.98988
0.735279,0.529441,1.99658
0.743372,0.513255,1.99276
0.742512,0.514975,1.95215
0.748734,0.502532,1.95861
0.753254,0.493492,1.94443
0.74356,0.51288,1.96323
0.747496,0.505009,1.94146
0.746255,0.50749,1.95745
0.753346,0.493307,1.96399
0.751936,0.496128,1.96989
0.740082,0.519836,1.96094
0.75006,0.49988,1.95096
0.749055,0.50189,1.98101
0.744823,0.510355,1.92943
0.744189,0.511622,1.97088
0.749403,0.501195,1.96676
0.749208,0.501583,1.98843
0.747271,0.505459,1.9744
0.752185,0.495631,1.9591
0.745503,0.508995,1.95155
0.739565,0.52087,1.97082
0.75506,0.489879,1.95724
0.750832,0.498336,1.96028
0.741911,0.516179,1.94506
0.749914,0.500171,1.98913
0.74966,0.500681,1.93326
0.754852,0.490295,1.93949
0.743366,0.513267,1.97543
0.76396,0.472081,1.8859
0.754535,0.49093,1.9296
0.756161,0.487678,1.86316
0.760049,0.479902,1.90879
0.751478,0.497044,1.88576
0.752506,0.494988,1.9142
0.761604,0.476792,1.88413
0.749422,0.501155,1.8988
0.755916,0.488168,1.88278
0.76062,0.47876,1.90164
0.75275,0.4945,1.86689
0.759345,0.48131,1.88201
0.754321,0.491358,1.86241
0.753467,0.493066,1.92149
0.751934,0.496133,1.90131
0.754025,0.491949,1.87493
0.756808,0.486383,1.89288
0.750264,0.499472,1.88397
0.758618,0.482763,1.90185
0.754252,0.491497,1.86763
0.755212,0.489577,1.91992
0.747658,0.504684,1.90877
0.759434,0.481132,1.87707
0.756212,0.487577,1.9333
0.759354,0.481292,1.88983
0.751469,0.497061,1.89632
0.75086,0.498279,1.87611
0.755463,0.489073,1.89868
0.751788,0.496425,1.90566
0.761666,0.476668,1.80793
0.762464,0.475071,1.83925
0.767542,0.464917,1.85771
0.770093,0.459815,1.83194
0.758909,0.482183,1.84009
0.763977,0.472047,1.8681
0.756248,0.487505,1.83872
0.763805,0.472391,1.8777
0.766924,0.466152,1.81876
0.761469,0.477062,1.82496
0.764394,0.471212,1.86247
0.762066,0.475869,1.84122
0.762649,0.474703,1.87168
0.76362,0.472761,1.81161
0.760527,0.478947,1.85629
0.75815,0.4837,1.82903
0.76003,0.47994,1.84093
0.761769,0.476463,1.82025
0.766033,0.467934,1.86172
0.762534,0.474931,1.83081
0.767937,0.464126,1.82561
0.764405,0.471191,1.82198
0.757951,0.484099,1.83294
0.76436,0.47128,1.84259
0.760538,0.478924,1.82076
0.76092,0.478161,1.84674
0.764719,0.470563,1.82874
0.757168,0.485664,1.85174
0.761695,0.47661,1.83413
0.769506,0.460987,1.79414
0.775114,0.449772,1.78306
0.7726,0.454801,1.7857
0.770497,0.459006,1.76708
0.770923,0.458153,1.82085
0.768789,0.462421,1.80824
0.768091,0.463817,1.77741
0.762428,0.475144,1.80387
0.773447,0.453106,1.76873
0.766693,0.466615,1.81702
0.773024,0.453952,1.78989
0.773685,0.45263,1.80837
0.770102,0.459795,1.76928
0.765949,0.468101,1.78434
0.769902,0.460196,1.78693
0.76584,0.468319,1.80906
0.767434,0.465132,1.78844
0.766963,0.466074,1.80839
0.772784,0.454431,1.80763
0.765065,0.46987,1.77717
0.7705,0.459,1.79922
0.769065,0.46187,1.81987
0.771318,0.457365,1.7833
0.772426,0.455148,1.81571
0.770909,0.458183,1.7748
0.769145,0.461711,1.80309
0.775229,0.449542,1.77589
0.767057,0.465886,1.75898
0.773068,0.453864,1.79996
0.768098,0.463805,1.78181
0.775684,0.448632,1.71659
0.780701,0.438597,1.7334
0.771929,0.456143,1.72887
0.773457,0.453086,1.74373
0.767647,0.464705,1.75146
0.778856,0.442289,1.71919
0.776057,0.447886,1.76439
0.776286,0.447428,1.75246
0.779918,0.440163,1.74102
0.771269,0.457463,1.74762
0.773888,0.452224,1.7375
0.76905,0.461901,1.74934
0.778751,0.442498,1.72738
0.778345,0.443309,1.75005
0.774414,0.451172,1.76472
0.775877,0.448247,1.72371
0.771948,0.456104,1.73797
0.777749,0.444502,1.7448
0.774886,0.450228,1.75226
0.777432,0.445135,1.71735
0.769285,0.461429,1.74098
0.776621,0.446758,1.73583
0.77168,0.45664,1.75141
0.779022,0.441956,1.74382
0.78007,0.43986,1.72549
0.769413,0.461175,1.75104
0.779583,0.440833,1.76055
0.774916,0.450168,1.72576
0.776343,0.447315,1.68858
0.78344,0.43312,1.71512
0.782346,0.435308,1.67921
0.777054,0.445893,1.71039
0.788643,0.422714,1.68347
0.779616,0.440769,1.681
0.78483,0.430341,1.68833
0.775682,0.448635,1.70369
0.780012,0.439976,1.70586
0.781452,0.437097,1.70178
0.776851,0.446299,1.68168
0.787183,0.425635,1.68782
0.778709,0.442583,1.69154
0.774471,0.451058,1.70833
0.78325,0.4335,1.69611
0.78136,0.43728,1.70822
0.778712,0.442576,1.67803
0.775039,0.449922,1.69591
0.783739,0.432523,1.68125
0.784585,0.43083,1.70693
0.780858,0.438284,1.68754
0.781204,0.437592,1.66698
0.783575,0.432849,1.67577
0.775821,0.448359,1.6954
0.777285,0.44543,1.70557
0.780595,0.438811,1.68588
0.776522,0.446956,1.70642
0.779046,0.441907,1.66933
0.780146,0.439708,1.69836
0.785305,0.42939,1.69836
0.786323,0.427355,1.62901
0.790693,0.418614,1.66217
0.78645,0.427101,1.64626
0.791036,0.417928,1.64105
0.786568,0.426863,1.63471
0.78823,0.423541,1.65332
0.791319,0.417361,1.64636
0.789306,0.421388,1.63136
0.789589,0.420821,1.64989
0.792045,0.41591,1.65609
0.7894,0.421201,1.66635
0.786992,0.426017,1.6395
0.792891,0.414218,1.65405
0.785349,0.429303,1.66013
0.785986,0.428028,1.67649
0.784858,0.430285,1.6455
0.789255,0.42149,1.66027
0.789993,0.420015,1.65267
0.781899,0.436203,1.64261
0.792482,0.415036,1.64267
0.78565,0.4287,1.63712
0.783095,0.43381,1.63696
0.789062,0.421876,1.6573
0.787855,0.42429,1.64527
0.78457,0.43086,1.65179
0.797261,0.405478,1.6149
0.79115,0.4177,1.6106
0.787059,0.425882,1.61131
0.795148,0.409704,1.63722
0.788849,0.422301,1.61942
0.796835,0.40633,1.60152
0.788297,0.423407,1.60735
0.793727,0.412546,1.61032
0.792127,0.415747,1.59115
0.798945,0.40211,1.60227
0.792681,0.414637,1.62159
0.796023,0.407954,1.60301
0.786014,0.427973,1.6115
0.791984,0.416031,1.60513
0.796223,0.407554,1.61877
0.791971,0.416059,1.58466
0.790573,0.418854,1.62926
0.797096,0.405809,1.60979
0.794248,0.411504,1.61534
0.788347,0.423306,1.5958
0.790535,0.41893,1.58976
0.791848,0.416305,1.62617
0.786278,0.427443,1.6196
0.790414,0.419173,1.58395
0.797993,0.404015,1.61349
0.794662,0.410676,1.61957
0.790642,0.418717,1.60342
0.795059,0.409882,1.59747
0.790954,0.418093,1.59623
0.798043,0.403914,1.59739
0.787914,0.424171,1.60085
0.795156,0.409689,1.61121
0.792657,0.414687,1.59717
0.489139,0.935035,1.19209e-07
0.492649,0.983881,0
0.476272,0.940635,0
0.48114,0.958138,1.19209e-07
0.486832,0.96076,0
0.479882,0.955179,0
0.486093,0.944499,1.19209e-07
0.490375,0.947513,0
0.469711,0.938876,0
0.484269,0.951511,0
0.478344,0.933608,0
0.489267,0.976902,1.19209e-07
0.492247,0.94283,1.19209e-07
0.488096,0.954692,0
0.483198,0.936567,0
0.491607,0.967711,0
0.499955,0.954001,0
0.507639,0.971624,0
0.500642,0.980653,1.19209e-07
0.516086,0.93571,0
0.505247,0.939906,1.19209e-07
0.496386,0.964296,1.19209e-07
0.512596,0.948331,0
0.514291,0.960725,1.19209e-07
0.523248,0.933802,0
0.503854,0.950703,0
0.498173,0.97956,0
0.509962,0.94592,1.19209e-07
0.493915,0.936674,0
0.51925,0.958582,0
0.505865,0.968356,1.19209e-07
0.497484,0.943874,0
0.509507,0.977933,0
0.515403,0.952328,0
0.502225,0.962944,0
0.506594,0.957538,0
0.525484,0.940943,1.19209e-07
0.512411,0.93861,0
0.494649,0.983951,0
0.513504,0.964783,0
0.496005,0.947713,0
0.504509,0.974035,0
0.518748,0.941808,1.19209e-07
0.49914,0.970111,0
0.508529,0.955217,0
0.501719,0.932797,1.19209e-07
0.52261,0.950128,0
0.72297,0.554059,1.98418
0.736173,0.527654,1.98212
0.729642,0.540717,1.9945
0.728559,0.542883,1.95353
0.731609,0.536781,1.98396
0.722979,0.554042,1.97777
0.726542,0.546917,1.96429
0.735079,0.529842,1.96894
0.724832,0.550337,1.98668
0.732482,0.535036,1.97112
0.724798,0.550404,1.97769
0.726284,0.547433,1.95661
0.727793,0.544413,1.98758
0.734955,0.530091,1.9949
0.727614,0.544772,1.96993
0.736079,0.527842,1.91109
0.734109,0.531782,1.94695
0.731507,0.536987,1.92831
0.740363,0.519274,1.94288
0.739452,0.521096,1.91199
0.741833,0.516334,1.92453
0.734929,0.530143,1.90104
0.74567,0.50866,1.91271
0.741949,0.516103,1.90028
0.729348,0.541304,1.93846
0.735081,0.529837,1.89384
0.740399,0.519202,1.93164
0.730795,0.538411,1.9204
0.738348,0.523303,1.89731
0.732812,0.534377,1.94246
0.743556,0.512887,1.91809
0.734345,0.531309,1.91752
0.734562,0.530876,1.94893
0.743689,0.512622,1.92484
0.733232,0.533535,1.92373
0.733034,0.533931,1.90058
0.744329,0.511342,1.9104
0.748528,0.502944,1.87863
0.736603,0.526794,1.87748
0.744084,0.511831,1.90264
0.747136,0.505727,1.86158
0.744257,0.511485,1.87866
0.75013,0.499739,1.85425
0.739679,0.520642,1.86209
0.739505,0.52099,1.87744
0.743203,0.513593,1.862
0.748108,0.503784,1.87792
0.742896,0.514207,1.82906
0.741234,0.517532,1.8616
0.737055,0.52589,1.87706
0.74887,0.50226,1.86876
0.747002,0.505996,1.84211
0.748777,0.502445,1.86144
0.750699,0.498602,1.85761
0.744286,0.511429,1.87114
0.743922,0.512155,1.89244
0.752815,0.49437,1.79589
0.753881,0.492238,1.84391
0.754464,0.491072,1.82047
0.758196,0.483609,1.80403
0.746777,0.506446,1.833
0.750155,0.499689,1.79969
0.750303,0.499394,1.82727
0.750438,0.499124,1.80456
0.754654,0.490691,1.8025
0.746491,0.507017,1.82045
0.750643,0.498713,1.78158
0.750054,0.499893,1.84553
0.750764,0.498472,1.82251
0.753117,0.493766,1.84508
0.753384,0.493231,1.80886
0.753432,0.493136,1.82614
0.747059,0.505883,1.80049
0.758502,0.482995,1.80762
0.75653,0.486941,1.79489
0.752643,0.494713,1.80328
0.750666,0.498669,1.83448
0.755499,0.489003,1.81885
0.749398,0.501204,1.81001
0.74761,0.50478,1.80964
0.751333,0.497334,1.79361
0.753113,0.493774,1.83753
0.752329,0.495341,1.82716
0.749216,0.501568,1.79425
0.747865,0.504271,1.83938
0.759629,0.480743,1.80425
0.75666,0.486679,1.82435
0.754866,0.490268,1.79522
0.753734,0.492531,1.83547
0.748757,0.502486,1.80317
0.753971,0.492058,1.8518
0.763201,0.473599,1.74882
0.758972,0.482055,1.75694
0.756633,0.486734,1.74034
0.756018,0.487964,1.7635
0.760615,0.478771,1.77274
0.75971,0.48058,1.79799
0.760451,0.479097,1.73887
0.760073,0.479854,1.75556
0.757726,0.484548,1.73956
0.75731,0.48538,1.79094
0.762972,0.474057,1.76377
0.766084,0.467832,1.75304
0.761574,0.476852,1.76642
0.755908,0.488184,1.75928
0.756801,0.486397,1.73355
0.755653,0.488693,1.79029
0.757829,0.484341,1.75882
0.75609,0.487821,1.74931
0.761176,0.477649,1.79227
0.758992,0.482016,1.74282
0.759048,0.481904,1.79187
0.753571,0.492859,1.76894
0.753675,0.49265,1.77732
0.758726,0.482547,1.7714
0.757735,0.484531,1.744
0.759136,0.481727,1.78578
0.76278,0.474441,1.76835
0.758039,0.483923,1.7519
0.762308,0.475384,1.69099
0.767972,0.464057,1.73406
0.766759,0.466482,1.75127
0.767822,0.464356,1.695
0.765641,0.468718,1.72489
0.769745,0.46051,1.70808
0.75826,0.48348,1.7236
0.764643,0.470714,1.71134
0.762874,0.474252,1.73628
0.765033,0.469935,1.69248
0.762171,0.475657,1.72284
0.761841,0.476318,1.73936
0.76168,0.47664,1.70294
0.765889,0.468221,1.73851
0.766134,0.467731,1.7181
0.769906,0.460188,1.70061
0.766046,0.467907,1.70979
0.768056,0.463887,1.72318
0.76657,0.466861,1.70849
0.771609,0.456782,1.7108
0.761738,0.476525,1.7306
0.763898,0.472203,1.6886
0.763265,0.473469,1.72623
0.759536,0.480929,1.72342
0.761207,0.477585,1.73368
0.766873,0.466253,1.74466
0.760169,0.479663,1.70838
0.773753,0.452494,1.6793
0.774256,0.451489,1.65908
0.769059,0.461882,1.65984
0.770081,0.459838,1.68204
0.773675,0.452651,1.69557
0.775003,0.449994,1.67449
0.768853,0.462294,1.67037
0.775238,0.449524,1.65868
0.772355,0.45529,1.70102
0.767274,0.465452,1.67705
0.772742,0.454516,1.66639
0.77666,0.44668,1.6694
0.773028,0.453944,1.68108
0.771344,0.457312,1.6535
0.772602,0.454795,1.67244
0.76863,0.46274,1.69218
0.774533,0.450934,1.6869
0.774935,0.45013,1.66445
0.773701,0.452597,1.70093
0.77334,0.453321,1.65348
0.765793,0.468415,1.67194
0.771639,0.456722,1.6769
0.773185,0.45363,1.69132
0.770849,0.458303,1.66353
0.767877,0.464246,1.65112
0.778666,0.442667,1.61273
0.778901,0.442197,1.65843
0.780594,0.438812,1.62731
0.779002,0.441995,1.64168
0.776069,0.447861,1.63477
0.781079,0.437842,1.64323
0.774103,0.451794,1.63362
0.780643,0.438714,1.63078
0.780108,0.439784,1.63783
0.775855,0.448291,1.6259
0.778601,0.442797,1.61977
0.776946,0.446108,1.63944
0.774595,0.450811,1.61719
0.772519,0.454961,1.62486
0.769908,0.460183,1.64076
0.777374,0.445251,1.61964
0.779788,0.440425,1.64653
0.775364,0.449273,1.64676
0.780693,0.438615,1.63807
0.775238,0.449524,1.64178
0.78352,0.43296,1.62574
0.787795,0.424409,1.57565
0.784283,0.431433,1.59343
0.785867,0.428265,1.60994
0.784065,0.431869,1.57857
0.787714,0.424573,1.59063
0.781213,0.437574,1.58369
0.778198,0.443605,1.59752
0.784649,0.430701,1.57625
0.781415,0.43717,1.5709
0.779065,0.44187,1.58127
0.783238,0.433523,1.59748
0.788468,0.423064,1.589
0.782905,0.43419,1.56777
0.777962,0.444077,1.59114
0.7843,0.431399,1.58672
0.783774,0.432452,1.59909
0.784202,0.431596,1.61012
0.779521,0.440957,1.5861
0.783483,0.433035,1.58771
0.777284,0.445432,1.59273
0.782353,0.435294,1.5886
0.78652,0.42696,1.60155
0.78653,0.426939,1.58865
0.781786,0.436428,1.56445
0.782782,0.434436,1.60481
0.777398,0.445204,1.58765
0.78389,0.43222,1.5717
0.787375,0.425249,1.5837
0.498939,0.994642,0
0.503059,0.991632,0
0.495237,0.988452,1.19209e-07
0.715577,0.568846,1.99203
0.706067,0.587866,1.99273
0.711324,0.577352,1.9809
0.70738,0.58524,1.98881
0.713612,0.572776,1.99313
0.710214,0.579572,1.97124
0.72376,0.552479,1.96246
0.714034,0.571933,1.95323
0.715505,0.56899,1.92376
0.714892,0.570215,1.94631
0.719731,0.560537,1.9413
0.710491,0.579018,1.9531
0.718465,0.56307,1.99302
0.714506,0.570989,1.92897
0.726001,0.547998,1.93611
0.712587,0.574826,1.97323
0.714171,0.571659,1.94626
0.719531,0.560938,1.92922
0.715021,0.569959,1.98795
0.721874,0.556252,1.97287
0.715867,0.568266,1.94384
0.717338,0.565324,1.93282
0.714167,0.571666,1.97796
0.713627,0.572745,1.96307
0.723971,0.552059,1.95544
0.71183,0.576339,1.9641
0.717108,0.565784,1.94863
0.720355,0.559289,1.93063
0.717896,0.564209,1.97814
0.721403,0.557195,1.91128
0.720102,0.559796,1.89102
0.730497,0.539006,1.87138
0.718843,0.562315,1.9109
0.725235,0.549531,1.89892
0.720872,0.558256,1.92217
0.726916,0.546168,1.9113
0.719205,0.561591,1.90276
0.721988,0.556023,1.90083
0.73155,0.536899,1.89936
0.720128,0.559745,1.90912
0.728199,0.543602,1.88148
0.724846,0.550308,1.88546
0.724056,0.551888,1.87629
0.720468,0.559064,1.91188
0.728149,0.543702,1.89879
0.720104,0.559791,1.89958
0.725768,0.548464,1.92846
0.723825,0.552349,1.91577
0.734554,0.530893,1.86107
0.730991,0.538019,1.8351
0.738281,0.523438,1.85837
0.730119,0.539762,1.84305
0.73827,0.52346,1.82201
0.733856,0.532289,1.84634
0.729945,0.540109,1.85026
0.740358,0.519285,1.83266
0.727356,0.545289,1.84072
0.737701,0.524597,1.83534
0.730712,0.538576,1.85888
0.730304,0.539391,1.82759
0.729003,0.541994,1.84172
0.73215,0.5357,1.8405
0.731841,0.536318,1.85678
0.73475,0.530499,1.8266
0.735799,0.528402,1.82553
0.735754,0.528492,1.87363
0.728658,0.542684,1.83501
0.73619,0.52762,1.83979
0.739477,0.521046,1.84139
0.731066,0.537868,1.85117
0.732407,0.535185,1.83467
0.735091,0.529818,1.80603
0.744379,0.511241,1.80759
0.73908,0.521839,1.80929
0.748354,0.503292,1.78449
0.741224,0.517552,1.81895
0.743285,0.513429,1.79257
0.74033,0.51934,1.80492
0.738813,0.522375,1.77122
0.747395,0.50521,1.77198
0.741225,0.517551,1.76125
0.746802,0.506396,1.79307
0.746406,0.507188,1.80129
0.746622,0.506756,1.78409
0.737206,0.525588,1.78981
0.74231,0.515381,1.8245
0.736165,0.527669,1.81118
0.742024,0.515952,1.80453
0.742447,0.515106,1.78769
0.742508,0.514984,1.81648
0.745976,0.508047,1.80191
0.739463,0.521073,1.78235
0.735335,0.529331,1.79658
0.745428,0.509144,1.77622
0.739515,0.52097,1.80105
0.744254,0.511492,1.75774
0.750775,0.498449,1.74425
0.747061,0.505879,1.72094
0.746513,0.506975,1.76098
0.754046,0.491908,1.74786
0.752703,0.494593,1.72549
0.741072,0.517856,1.75263
0.750223,0.499554,1.75648
0.744733,0.510535,1.75094
0.743869,0.512262,1.74668
0.749437,0.501126,1.77154
0.753903,0.492195,1.7292
0.742535,0.51493,1.75855
0.745186,0.509629,1.72345
0.75089,0.49822,1.76851
0.74883,0.502341,1.71399
0.745857,0.508287,1.76075
0.746202,0.507597,1.7501
0.746779,0.506442,1.73579
0.741525,0.51695,1.74404
0.753101,0.493798,1.72978
0.748982,0.502036,1.74818
0.747842,0.504315,1.77059
0.749259,0.501482,1.71703
0.751109,0.497783,1.73951
0.748483,0.503035,1.75878
0.746911,0.506177,1.73897
0.750887,0.498226,1.76236
0.762402,0.475196,1.68835
0.75513,0.48974,1.674
0.757147,0.485707,1.69328
0.750647,0.498707,1.68777
0.753025,0.493951,1.66474
0.754168,0.491663,1.72348
0.752092,0.495815,1.70081
0.760103,0.479793,1.67892
0.753556,0.492888,1.71006
0.753779,0.492442,1.67655
0.757265,0.48547,1.67639
0.75659,0.486821,1.69933
0.759585,0.480829,1.68678
0.753934,0.492133,1.67037
0.751422,0.497156,1.69274
0.755573,0.488854,1.70935
0.755316,0.489367,1.7237
0.756387,0.487226,1.6694
0.74859,0.50282,1.69591
0.758078,0.483844,1.69471
0.752356,0.495288,1.70661
0.748957,0.502085,1.70618
0.758672,0.482656,1.67808
0.75297,0.494061,1.67074
0.75702,0.485961,1.65285
0.761008,0.477985,1.67891
0.757238,0.485524,1.64157
0.762369,0.475263,1.66059
0.76776,0.46448,1.64988
0.754155,0.491689,1.65903
0.766025,0.467949,1.63927
0.761003,0.477994,1.63096
0.759384,0.481232,1.64821
0.758786,0.482427,1.63643
0.756126,0.487748,1.66517
0.762514,0.474972,1.63899
0.7631,0.473801,1.65291
0.759799,0.480403,1.65558
0.764613,0.470773,1.66065
0.758223,0.483553,1.63404
0.767904,0.464192,1.64376
0.757855,0.484289,1.66566
0.762425,0.47515,1.67389
0.761624,0.476751,1.63475
0.758353,0.483295,1.64796
0.762166,0.475669,1.64786
0.755446,0.489109,1.65514
0.761261,0.477478,1.64937
0.764795,0.470411,1.6501
0.75984,0.48032,1.64128
0.764727,0.470545,1.64603
0.755473,0.489054,1.64867
0.763137,0.473725,1.63178
0.761438,0.477124,1.65362
0.758727,0.482547,1.64206
0.771976,0.456048,1.61759
0.764966,0.470069,1.59183
0.76106,0.477879,1.62173
0.768049,0.463903,1.60027
0.768534,0.462933,1.62541
0.772572,0.454856,1.60461
0.768731,0.462538,1.61681
0.768532,0.462936,1.63562
0.768464,0.463071,1.60275
0.765698,0.468603,1.63293
0.765933,0.468135,1.61733
0.765098,0.469804,1.60437
0.769647,0.460705,1.60009
0.763303,0.473395,1.62276
0.77394,0.45212,1.6006
0.766787,0.466426,1.61672
0.768592,0.462816,1.59474
0.770083,0.459833,1.61223
0.76011,0.479781,1.61721
0.766502,0.466996,1.59949
0.765949,0.468103,1.61137
0.766686,0.466628,1.59155
0.762984,0.474033,1.61993
0.762911,0.474178,1.61263
0.769454,0.461092,1.59401
0.771409,0.457182,1.59919
0.762568,0.474863,1.61561
0.770226,0.459548,1.6213
0.766719,0.466563,1.60423
0.765331,0.469339,1.62617
0.765136,0.469729,1.61236
0.764117,0.471765,1.62868
0.765176,0.469648,1.59353
0.769703,0.460594,1.63272
0.771592,0.456816,1.5536
0.772312,0.455375,1.58792
0.769771,0.460458,1.57942
0.778717,0.442566,1.56555
0.773284,0.453432,1.57158
0.773634,0.452731,1.59347
0.76984,0.460321,1.58427
0.771646,0.456708,1.54722
0.770045,0.45991,1.5727
0.778381,0.443238,1.57264
0.775506,0.448989,1.55786
0.773019,0.453963,1.54785
0.769233,0.461535,1.56817
0.773936,0.452128,1.58898
0.779793,0.440413,1.56338
0.772717,0.454567,1.57879
0.777522,0.444957,1.55537
0.776823,0.446353,1.57659
0.768561,0.462879,1.56856
0.774263,0.451475,1.57658
0.777297,0.445405,1.56437
0.77068,0.45864,1.58333
0.700144,0.599712,1.994
0.695623,0.608755,1.97501
0.701595,0.59681,1.96778
0.69617,0.607659,1.96678
0.699487,0.601026,1.96371
0.70331,0.593381,1.9606
0.69512,0.609761,1.98037
0.70085,0.598299,1.99353
0.69895,0.6021,1.99751
0.694611,0.610777,1.98717
0.702324,0.595351,1.97302
0.70707,0.58586,1.96904
0.698786,0.602428,1.95833
0.693577,0.612845,1.974
0.699484,0.601033,1.98522
0.701518,0.596963,1.95961
0.701296,0.597408,1.95559
0.694287,0.611426,1.9725
0.697944,0.604111,1.98976
0.692474,0.615051,1.99398
0.714479,0.571041,1.90848
0.702272,0.595456,1.93265
0.712921,0.574158,1.92843
0.70535,0.5893,1.91049
0.710275,0.579449,1.95178
0.712199,0.575602,1.90611
0.704255,0.591489,1.91248
0.702134,0.595732,1.93728
0.710279,0.579442,1.89532
0.699959,0.600081,1.92091
0.708758,0.582483,1.91447
0.697821,0.604357,1.93793
0.707261,0.585478,1.90962
0.711741,0.576518,1.9318
0.706573,0.586854,1.94773
0.70288,0.594239,1.90927
0.707135,0.58573,1.93466
0.703534,0.592932,1.94603
0.708281,0.583438,1.96172
0.7013,0.5974,1.92586
0.709424,0.581153,1.92048
0.711067,0.577866,1.9396
0.701065,0.59787,1.9321
0.705578,0.588844,1.88611
0.712555,0.574891,1.92051
0.715289,0.569421,1.91541
0.712892,0.574216,1.87478
0.720924,0.558152,1.86931
0.711693,0.576613,1.89715
0.707689,0.584622,1.87441
0.717892,0.564216,1.88451
0.713179,0.573643,1.84579
0.715051,0.569898,1.88253
0.71635,0.5673,1.86947
0.711181,0.577637,1.8619
0.718287,0.563425,1.89752
0.715583,0.568835,1.8587
0.714808,0.570384,1.89555
0.71481,0.570379,1.83292
0.709673,0.580654,1.87413
0.718302,0.563396,1.87139
0.713952,0.572096,1.85301
0.713942,0.572115,1.87849
0.711732,0.576535,1.84995
0.7109,0.578199,1.88433
0.717015,0.565971,1.86121
0.721848,0.556304,1.79515
0.720941,0.558118,1.82484
0.728113,0.543773,1.81772
0.722242,0.555516,1.81032
0.723679,0.552642,1.82007
0.719991,0.560018,1.80028
0.71823,0.563539,1.8151
0.726748,0.546505,1.81012
0.725254,0.549493,1.84966
0.724381,0.551238,1.78801
0.727214,0.545573,1.79062
0.723669,0.552662,1.8351
0.727763,0.544473,1.82595
0.720404,0.559193,1.80665
0.729456,0.541089,1.8121
0.725254,0.549491,1.80773
0.726176,0.547648,1.78899
0.723758,0.552485,1.84834
0.726775,0.54645,1.83576
0.722983,0.554034,1.7999
0.717115,0.56577,1.82747
0.727349,0.545302,1.81669
0.722684,0.554633,1.81617
0.722065,0.55587,1.78873
0.723974,0.552052,1.8111
0.726903,0.546195,1.79995
0.716294,0.567413,1.82229
0.719983,0.560034,1.81616
0.726355,0.547291,1.8195
0.723899,0.552202,1.79568
0.725479,0.549041,1.84232
0.730336,0.539327,1.80054
0.734055,0.531891,1.76147
0.724845,0.55031,1.76677
0.730629,0.538743,1.78871
0.728556,0.542888,1.73819
0.726873,0.546254,1.76235
0.72688,0.546239,1.78742
0.738992,0.522016,1.75423
0.73082,0.538361,1.77924
0.723994,0.552012,1.77104
0.735642,0.528715,1.7535
0.728249,0.543502,1.78805
0.728303,0.543395,1.77106
0.730053,0.539894,1.74726
0.726176,0.547648,1.75427
0.732911,0.534177,1.79198
0.732527,0.534945,1.7446
0.732327,0.535345,1.74367
0.731799,0.536403,1.79409
0.732774,0.534453,1.77285
0.729874,0.540252,1.78291
0.729764,0.540472,1.74474
0.728221,0.543557,1.76377
0.735968,0.528063,1.74612
0.733851,0.532297,1.78745
0.731999,0.536003,1.75572
0.741951,0.516099,1.71545
0.73298,0.534041,1.71418
0.737935,0.52413,1.72297
0.734756,0.530487,1.7261
0.743922,0.512155,1.71019
0.737453,0.525093,1.73826
0.737594,0.524812,1.71995
0.734363,0.531275,1.70094
0.745231,0.509539,1.70559
0.739956,0.520088,1.7403
0.739376,0.521248,1.69801
0.73442,0.531159,1.71603
0.737822,0.524356,1.69052
0.734426,0.531149,1.72304
0.742401,0.515197,1.71577
0.732203,0.535594,1.72414
0.742574,0.514852,1.72938
0.742322,0.515356,1.72305
0.736467,0.527066,1.71805
0.741233,0.517535,1.73419
0.744894,0.510211,1.71538
0.739518,0.520963,1.72318
0.733181,0.533637,1.71859
0.741124,0.517751,1.70991
0.738633,0.522734,1.69404
0.743482,0.513036,1.72061
0.735732,0.528537,1.72391
0.737703,0.524595,1.74235
0.737281,0.525438,1.70821
0.73292,0.534159,1.73505
0.739983,0.520034,1.70599
0.740697,0.518606,1.74544
0.738407,0.523186,1.67698
0.749306,0.501388,1.66321
0.743798,0.512404,1.67009
0.750393,0.499214,1.67533
0.742273,0.515454,1.68154
0.741373,0.517253,1.66781
0.750716,0.498568,1.66026
0.739957,0.520087,1.68948
0.745053,0.509893,1.69505
0.739706,0.520589,1.68489
0.748126,0.503748,1.65571
0.745149,0.509701,1.6651
0.743063,0.513874,1.68574
0.747629,0.504741,1.66739
0.740064,0.519872,1.67132
0.750105,0.499789,1.67912
0.74419,0.51162,1.6892
0.74319,0.51362,1.65403
0.746439,0.507122,1.68697
0.744473,0.511054,1.65994
0.738109,0.523781,1.68439
0.749836,0.500327,1.65573
0.750976,0.498048,1.66615
0.741062,0.517876,1.66132
0.743632,0.512737,1.68349
0.743847,0.512305,1.65961
0.745576,0.508848,1.65574
0.745677,0.508645,1.66736
0.753285,0.493431,1.61679
0.752235,0.495529,1.65239
0.74702,0.505959,1.62509
0.74921,0.501579,1.61643
0.755208,0.489583,1.6236
0.74707,0.50586,1.63667
0.750627,0.498746,1.62169
0.756562,0.486876,1.62098
0.751768,0.496465,1.63715
0.748013,0.503973,1.62083
0.750028,0.499945,1.63008
0.743885,0.512229,1.64074
0.757646,0.484708,1.61726
0.751852,0.496297,1.61686
0.754304,0.491393,1.63121
0.75127,0.49746,1.60668
0.748367,0.503265,1.6382
0.753348,0.493304,1.60963
0.752046,0.495908,1.65943
0.75477,0.490461,1.63455
0.754177,0.491647,1.59595
0.759818,0.480364,1.58753
0.759051,0.481898,1.61882
0.760473,0.479054,1.57172
0.760203,0.479594,1.60469
0.760896,0.478208,1.57436
0.752828,0.494344,1.60129
0.761968,0.476064,1.59521
0.757803,0.484395,1.60689
0.757566,0.484867,1.58432
0.762051,0.475898,1.58856
0.755451,0.489097,1.59255
0.757375,0.485249,1.56867
0.755553,0.488894,1.60608
0.754298,0.491404,1.58628
0.75928,0.481439,1.58045
0.759029,0.481943,1.57123
0.758267,0.483466,1.61414
0.753733,0.492534,1.57735
0.761202,0.477596,1.60761
0.762081,0.475837,1.5761
0.750865,0.49827,1.6002
0.760515,0.478969,1.59494
0.754991,0.490019,1.58914
0.756248,0.487504,1.58407
0.760438,0.479124,1.58262
0.756408,0.487183,1.61155
0.757041,0.485918,1.56386
0.756142,0.487716,1.59816
0.763268,0.473464,1.58209
0.7574,0.485199,1.59584
0.760328,0.479344,1.5895
0.762641,0.474718,1.56955
0.766161,0.467677,1.55901
0.762023,0.475955,1.54336
0.759825,0.480351,1.56639
0.761847,0.476305,1.54005
0.765819,0.468363,1.56913
0.765552,0.468895,1.55478
0.758709,0.482581,1.54597
0.764933,0.470134,1.54264
0.767539,0.464922,1.5398
0.76153,0.476939,1.54812
0.76249,0.475021,1.56535
0.762795,0.474411,1.53158
0.764525,0.470951,1.54671
0.764523,0.470955,1.53192
0.76907,0.461859,1.54846
0.765048,0.469904,1.5602
0.767795,0.464409,1.55124
0.761273,0.477454,1.56874
0.757854,0.484291,1.55349
0.76287,0.47426,1.54883
0.767246,0.465508,1.56249
0.770536,0.458928,1.54522
0.764953,0.470095,1.54821
0.760367,0.479266,1.54669
0.763765,0.472471,1.53543
0.763903,0.472193,1.56705
0.762204,0.475592,1.55372
0.763088,0.473824,1.54307
0.76665,0.4667,1.53519
0.760812,0.478376,1.54174
0.764572,0.470857,1.55396
0.76829,0.463421,1.54408
0.759367,0.481266,1.5491
0.766261,0.467477,1.5454
0.765405,0.46919,1.53671
0.683611,0.632777,1.99693
0.679711,0.640578,1.97993
0.681912,0.636177,1.99845
0.675872,0.648255,1.99535
0.678809,0.642383,1.99231
0.677253,0.645494,1.98224
0.688807,0.622386,1.95195
0.685905,0.628191,1.94982
0.681295,0.63741,1.9608
0.69285,0.614301,1.94074
0.6838,0.6324,1.97849
0.6871,0.6258,1.93639
0.689241,0.621519,1.98234
0.689776,0.620448,1.93049
0.685101,0.629798,1.96623
0.685163,0.629674,1.94318
0.684043,0.631914,1.98962
0.691472,0.617056,1.95315
0.690092,0.619816,1.92215
0.689228,0.621544,1.96257
0.688921,0.622158,1.9715
0.692039,0.615921,1.9359
0.696743,0.606514,1.93777
0.698139,0.603721,1.86544
0.69995,0.600101,1.88669
0.691319,0.617361,1.89552
0.702029,0.595943,1.88844
0.692637,0.614727,1.88117
0.695329,0.609341,1.92005
0.696912,0.606175,1.86857
0.695011,0.609977,1.86051
0.701453,0.597094,1.88477
0.694857,0.610285,1.89046
0.699882,0.600236,1.91216
0.692157,0.615686,1.88583
0.694485,0.61103,1.91103
0.703882,0.592235,1.88237
0.698947,0.602106,1.90601
0.699808,0.600384,1.88373
0.696811,0.606378,1.85985
0.693678,0.612644,1.92515
0.702694,0.594612,1.89752
0.698789,0.602421,1.87256
0.689298,0.621404,1.89422
0.693552,0.612896,1.88571
0.691368,0.617265,1.90979
0.695368,0.609264,1.8981
0.699846,0.600308,1.89866
0.69503,0.60994,1.86869
0.694857,0.610286,1.91347
0.701957,0.596086,1.87544
0.698369,0.603262,1.85781
0.708689,0.582622,1.84853
0.700425,0.599151,1.84926
0.70259,0.594821,1.82667
0.699637,0.600725,1.83978
0.704192,0.591615,1.83747
0.708141,0.583718,1.85424
0.70795,0.5841,1.8268
0.697677,0.604647,1.84639
0.710858,0.578283,1.83962
0.702824,0.594352,1.87272
0.705896,0.588208,1.81227
0.704918,0.590164,1.85278
0.701863,0.596275,1.82304
0.701278,0.597443,1.86095
0.700519,0.598961,1.83875
0.704105,0.591791,1.81519
0.702362,0.595277,1.8408
0.701026,0.597949,1.82721
0.705568,0.588864,1.84391
0.709022,0.581957,1.83589
0.705028,0.589945,1.80847
0.699125,0.601749,1.84906
0.703214,0.593573,1.83217
0.699246,0.601507,1.86387
0.705648,0.588703,1.85891
0.705366,0.589268,1.84161
0.705463,0.589075,1.86888
0.706698,0.586605,1.79496
0.713264,0.573472,1.78656
0.715377,0.569245,1.80268
0.71345,0.5731,1.75922
0.719828,0.560344,1.78025
0.71279,0.574419,1.79824
0.714351,0.571298,1.76863
0.715814,0.568371,1.76749
0.711308,0.577384,1.77684
0.706264,0.587472,1.80404
0.712469,0.575063,1.77605
0.711776,0.576448,1.80596
0.717041,0.565917,1.77017
0.709057,0.581887,1.77876
0.71732,0.565359,1.80169
0.718408,0.563183,1.77728
0.718448,0.563104,1.78646
0.711351,0.577299,1.79625
0.711585,0.576831,1.75819
0.708285,0.583431,1.78632
0.715451,0.569098,1.77591
0.719829,0.560343,1.73176
0.725344,0.549311,1.75581
0.714453,0.571095,1.74847
0.719195,0.561609,1.749
0.720732,0.558537,1.71257
0.719709,0.560582,1.7547
0.728624,0.542752,1.72722
0.716251,0.567498,1.76081
0.717606,0.564788,1.73828
0.723262,0.553476,1.74657
0.722823,0.554353,1.72972
0.721496,0.557008,1.77538
0.722191,0.555618,1.73588
0.722114,0.555772,1.75125
0.725038,0.549924,1.74724
0.721131,0.557739,1.76206
0.720694,0.558612,1.7693
0.723583,0.552834,1.72236
0.721405,0.55719,1.72005
0.71802,0.56396,1.75919
0.723848,0.552303,1.75235
0.716398,0.567204,1.74796
0.727822,0.544355,1.67647
0.733134,0.533732,1.68193
0.730967,0.538065,1.71305
0.729132,0.541735,1.68174
0.730031,0.539937,1.66958
0.728141,0.543718,1.72154
0.730569,0.538862,1.69039
0.724034,0.551931,1.69442
0.72639,0.54722,1.70787
0.729227,0.541547,1.7016
0.731569,0.536862,1.70333
0.723284,0.553432,1.70399
0.7342,0.531599,1.68176
0.730893,0.538214,1.72025
0.73063,0.53874,1.67869
0.723555,0.552891,1.69016
0.724476,0.551049,1.70825
0.73044,0.53912,1.67651
0.732191,0.535618,1.69026
0.730019,0.539963,1.70684
0.7339,0.5322,1.70297
0.726875,0.54625,1.67164
0.729806,0.540388,1.71818
0.735182,0.529637,1.68489
0.725728,0.548545,1.67667
0.732348,0.535303,1.69593
0.732483,0.535033,1.68263
0.722488,0.555025,1.69964
0.732158,0.535684,1.71135
0.73381,0.53238,1.63823
0.734817,0.530367,1.66063
0.736533,0.526933,1.63848
0.738015,0.523971,1.65296
0.733504,0.532991,1.65949
0.738947,0.522105,1.63857
0.737981,0.524038,1.65976
0.733242,0.533517,1.64585
0.731546,0.536908,1.63643
0.735646,0.528708,1.67826
0.738347,0.523306,1.65622
0.734398,0.531203,1.63076
0.728703,0.542595,1.66053
0.740534,0.518932,1.63498
0.735966,0.528067,1.62861
0.739755,0.52049,1.65123
0.739352,0.521296,1.64544
0.73501,0.529981,1.64601
0.743183,0.513635,1.64324
0.7364,0.527201,1.65275
0.738483,0.523034,1.63657
0.734927,0.530147,1.64304
0.73484,0.53032,1.67189
0.738267,0.523466,1.63062
0.730152,0.539696,1.65295
0.738382,0.523236,1.6458
0.738055,0.52389,1.60096
0.743984,0.512031,1.60098
0.73808,0.52384,1.61313
0.741062,0.517877,1.62462
0.739507,0.520986,1.61012
0.745453,0.509093,1.61301
0.742861,0.514278,1.60372
0.735524,0.528952,1.61716
0.746392,0.507217,1.59546
0.745039,0.509922,1.59904
0.740952,0.518097,1.63129
0.740919,0.518163,1.59615
0.747579,0.504842,1.60072
0.749562,0.500876,1.59969
0.74234,0.515321,1.61969
0.74249,0.515019,1.59242
0.74404,0.51192,1.60739
0.73887,0.522259,1.61639
0.74595,0.5081,1.60334
0.746922,0.506157,1.6004
0.742015,0.51597,1.61595
0.737431,0.525138,1.60789
0.744154,0.511693,1.63589
0.744594,0.510813,1.59083
0.747437,0.505125,1.5534
0.751014,0.497973,1.56366
0.744227,0.511545,1.56948
0.749768,0.500463,1.57426
0.746394,0.507212,1.58248
0.746327,0.507346,1.57863
0.747907,0.504185,1.57895
0.753624,0.492752,1.55965
0.750007,0.499986,1.55719
0.750672,0.498657,1.57015
0.750135,0.49973,1.58053
0.7479,0.5042,1.58669
0.74802,0.503961,1.57012
0.75348,0.493039,1.56518
0.745148,0.509703,1.57924
0.7463,0.5074,1.56297
0.742739,0.514522,1.56846
0.749558,0.500883,1.59755
0.746996,0.506008,1.58729
0.751758,0.496484,1.56013
0.742232,0.515536,1.5761
0.752336,0.495327,1.58085
0.750242,0.499516,1.58839
0.748464,0.503073,1.55737
0.744723,0.510555,1.58591
0.754938,0.490123,1.5597
0.749691,0.500618,1.53953
0.757347,0.485307,1.54436
0.753737,0.492525,1.52818
0.752442,0.495116,1.50916
0.751829,0.496342,1.55215
0.752809,0.494382,1.53729
0.756245,0.487509,1.51844
0.754643,0.490713,1.54312
0.750327,0.499347,1.54421
0.761231,0.477538,1.52522
0.757211,0.485578,1.52906
0.75098,0.49804,1.52306
0.759074,0.481851,1.53651
0.754472,0.491056,1.55062
0.753893,0.492214,1.51785
0.753734,0.492532,1.5501
0.760234,0.479533,1.53329
0.757159,0.485682,1.52158
0.749244,0.501512,1.53489
0.756519,0.486961,1.53972
0.754467,0.491066,1.53232
0.75994,0.48012,1.52348
0.753508,0.492983,1.53976
0.757186,0.485627,1.53456
0.754489,0.491023,1.51971
0.755246,0.489509,1.55655
0.749221,0.501558,1.52973
0.751078,0.497844,1.54318
0.752885,0.494231,1.51336
0.753842,0.492317,1.52155
0.757107,0.485785,1.55043
0.749174,0.501652,1.54237
0.666537,0.666926,1.94142
0.666844,0.666312,1.97748
0.669394,0.661212,1.99927
0.6618,0.676401,1.9736
0.667712,0.664575,1.98757
0.665616,0.668767,1.95969
0.674382,0.651235,1.98402
0.667468,0.665064,1.98777
0.663236,0.673527,1.96926
0.670472,0.659056,1.97588
0.671338,0.657324,1.98957
0.667102,0.665796,1.95026
0.658926,0.682148,1.994
0.664785,0.67043,1.97724
0.668873,0.662254,1.96096
0.665892,0.668215,1.99423
0.675665,0.64867,1.9668
0.660116,0.679769,1.97973
0.673765,0.652471,1.97202
0.667689,0.664623,1.99821
0.665081,0.669837,1.96913
0.671853,0.656294,1.99636
0.665221,0.669559,1.95595
0.674526,0.650947,1.90986
0.677772,0.644457,1.93365
0.679024,0.641952,1.91996
0.677167,0.645666,1.96534
0.678255,0.64349,1.8957
0.683522,0.632956,1.90229
0.67803,0.643941,1.95019
0.674073,0.651854,1.94201
0.680329,0.639341,1.93956
0.675197,0.649605,1.92037
0.680505,0.638989,1.90528
0.673424,0.653151,1.93375
0.682042,0.635917,1.9213
0.67663,0.646741,1.95206
0.670048,0.659904,1.94736
0.675708,0.648583,1.93721
0.676311,0.647378,1.88926
0.681085,0.63783,1.91524
0.669976,0.660047,1.93519
0.678234,0.643531,1.95308
0.676301,0.647398,1.90258
0.676759,0.646482,1.94232
0.672092,0.655815,1.94569
0.680904,0.638192,1.92717
0.675432,0.649137,1.92808
0.676015,0.647971,1.91078
0.683729,0.632543,1.91707
0.681487,0.637027,1.85448
0.681791,0.636419,1.87815
0.681648,0.636705,1.87217
0.689455,0.62109,1.87091
0.685982,0.628036,1.86843
0.678133,0.643734,1.88056
0.69089,0.618221,1.8494
0.685956,0.628087,1.84954
0.679127,0.641747,1.87924
0.686883,0.626234,1.86097
0.685845,0.628311,1.83817
0.680758,0.638484,1.89036
0.686443,0.627114,1.88789
0.687284,0.625431,1.85047
0.687321,0.625358,1.89708
0.680128,0.639744,1.88293
0.694435,0.61113,1.8598
0.685633,0.628735,1.89517
0.691353,0.617295,1.86975
0.683141,0.633718,1.87969
0.678745,0.642511,1.87089
0.680424,0.639152,1.86746
0.68732,0.62536,1.88934
0.695786,0.608429,1.83363
0.696034,0.607931,1.84678
0.697838,0.604324,1.81753
0.694138,0.611725,1.82441
0.69383,0.612339,1.79768
0.702148,0.595704,1.8051
0.689183,0.621634,1.81998
0.698644,0.602711,1.80332
0.699182,0.601636,1.833
0.692264,0.615472,1.84468
0.699383,0.601234,1.81532
0.690881,0.618237,1.82233
0.694178,0.611643,1.84133
0.693529,0.612942,1.81331
0.697618,0.604764,1.8115
0.702169,0.595662,1.81369
0.694634,0.610731,1.83196
0.69708,0.605841,1.84105
0.696076,0.607847,1.81648
0.701024,0.597952,1.81534
0.687261,0.625477,1.81995
0.705284,0.589431,1.75911
0.699276,0.601449,1.75285
0.701433,0.597134,1.78542
0.702644,0.594713,1.74212
0.696554,0.606891,1.7752
0.704142,0.591715,1.7469
0.699616,0.600769,1.76791
0.702835,0.594329,1.73521
0.70715,0.5857,1.75106
0.697549,0.604902,1.77367
0.698167,0.603665,1.76148
0.710592,0.578816,1.76047
0.701088,0.597824,1.75165
0.701084,0.597832,1.74091
0.701208,0.597584,1.76482
0.707482,0.585036,1.77191
0.707367,0.585266,1.74247
0.704202,0.591595,1.75511
0.699773,0.600454,1.75734
0.703665,0.592669,1.77703
0.701573,0.596855,1.74376
0.707932,0.584135,1.75725
0.696836,0.606328,1.76841
0.702181,0.595638,1.76032
0.719382,0.561236,1.7061
0.707797,0.584406,1.73861
0.710928,0.578144,1.73212
0.712578,0.574844,1.71945
0.711659,0.576682,1.70128
0.715035,0.569929,1.72898
0.714152,0.571696,1.71517
0.714461,0.571077,1.69738
0.711302,0.577395,1.72489
0.714557,0.570886,1.70159
0.705269,0.589462,1.73079
0.710144,0.579712,1.72634
0.710224,0.579552,1.7014
0.706922,0.586156,1.73229
0.706245,0.58751,1.72236
0.717779,0.564442,1.71099
0.710166,0.579667,1.73448
0.716297,0.567406,1.70025
0.719484,0.561031,1.68959
0.713011,0.573979,1.68107
0.719182,0.561635,1.66753
0.718368,0.563264,1.64641
0.722499,0.555003,1.69034
0.717893,0.564215,1.66114
0.722089,0.555821,1.67581
0.717841,0.564318,1.65389
0.725579,0.548842,1.66609
0.715234,0.569532,1.68175
0.722445,0.55511,1.66699
0.721685,0.55663,1.65201
0.716095,0.567809,1.68687
0.714306,0.571387,1.67076
0.719784,0.560432,1.70462
0.719899,0.560201,1.65202
0.724337,0.551327,1.65881
0.713045,0.573911,1.68421
0.719525,0.56095,1.66055
0.717209,0.565583,1.64768
0.723128,0.553744,1.67945
0.715258,0.569484,1.66981
0.716073,0.567853,1.65836
0.718756,0.562488,1.68266
0.719967,0.560065,1.64713
0.717813,0.564375,1.69672
0.7238,0.552399,1.67269
0.721572,0.556856,1.65975
0.725359,0.549282,1.64536
0.719782,0.560436,1.64025
0.728169,0.543662,1.61274
0.726235,0.54753,1.63443
0.726165,0.54767,1.62982
0.73026,0.539479,1.64253
0.726407,0.547186,1.60519
0.724037,0.551925,1.64799
0.732865,0.534271,1.62161
0.726361,0.547278,1.61586
0.727068,0.545865,1.65115
0.722842,0.554316,1.62887
0.721345,0.557309,1.63299
0.728447,0.543105,1.62376
0.727772,0.544455,1.63444
0.723761,0.552477,1.64659
0.723955,0.55209,1.6308
0.718733,0.562534,1.64084
0.728209,0.543582,1.61498
0.721141,0.557719,1.64203
0.724436,0.551128,1.6144
0.724081,0.551838,1.6356
0.730873,0.538253,1.63135
0.721127,0.557746,1.63837
0.728677,0.542645,1.6427
0.725276,0.549448,1.62406
0.73596,0.52808,1.58265
0.727007,0.545986,1.59534
0.733168,0.533664,1.58577
0.736693,0.526613,1.60213
0.733167,0.533666,1.60297
0.729632,0.540735,1.60446
0.731003,0.537995,1.57034
0.738129,0.523742,1.59516
0.736234,0.527532,1.57709
0.732008,0.535985,1.57943
0.734303,0.531395,1.60103
0.730737,0.538525,1.584
0.736594,0.526812,1.58518
0.727269,0.545462,1.58809
0.734924,0.530153,1.57093
0.727952,0.544096,1.6051
0.734713,0.530573,1.5791
0.735054,0.529893,1.59053
0.73031,0.53938,1.59721
0.732508,0.534985,1.61029
0.731499,0.537003,1.58473
0.73593,0.52814,1.59661
0.728519,0.542963,1.59598
0.732547,0.534906,1.6137
0.72908,0.54184,1.58867
0.735021,0.529958,1.58483
0.730142,0.539716,1.60298
0.735113,0.529774,1.60644
0.737799,0.524402,1.57597
0.736156,0.527689,1.59642
0.739022,0.521956,1.53763
0.739962,0.520076,1.57021
0.735763,0.528475,1.54986
0.736932,0.526136,1.53833
0.739881,0.520238,1.55934
0.73595,0.5281,1.56953
0.745772,0.508456,1.54515
0.744058,0.511884,1.5497
0.742712,0.514576,1.56057
0.743355,0.513291,1.55873
0.740649,0.518703,1.56689
0.742521,0.514959,1.53442
0.736891,0.526218,1.54058
0.743499,0.513002,1.54541
0.741822,0.516356,1.53592
0.734646,0.530707,1.54983
0.741879,0.516241,1.54901
0.738649,0.522702,1.53746
0.738124,0.523751,1.55951
0.745288,0.509425,1.5404
0.73475,0.530499,1.54417
0.738041,0.523918,1.52863
0.738401,0.523199,1.55699
0.744975,0.510049,1.55409
0.734181,0.531639,1.55659
0.739756,0.520488,1.54528
0.738267,0.523466,1.5673
0.738214,0.523571,1.53408
0.742611,0.514777,1.55336
0.736598,0.526804,1.55025
0.737102,0.525796,1.56023
0.741115,0.51777,1.55578
0.741283,0.517434,1.53061
0.74437,0.511261,1.51438
0.745264,0.509472,1.49677
0.743644,0.512711,1.52902
0.750026,0.499948,1.50519
0.73912,0.52176,1.52177
0.747695,0.50461,1.52579
0.747389,0.505221,1.51086
0.741178,0.517645,1.5154
0.749858,0.500284,1.5094
0.74219,0.51562,1.5215
0.747446,0.505107,1.50361
0.741044,0.517911,1.52208
0.74381,0.51238,1.49199
0.742563,0.514873,1.53064
0.752365,0.49527,1.50612
0.744988,0.510024,1.52435
0.746206,0.507587,1.53096
0.748318,0.503364,1.50822
0.740453,0.519095,1.51856
0.74751,0.504981,1.52441
0.75058,0.49884,1.51865
0.746567,0.506867,1.50071
0.742702,0.514596,1.51015
0.74649,0.507021,1.51342
0.746458,0.507084,1.4985
0.745375,0.50925,1.52703
0.743767,0.512467,1.49691
0.743046,0.513907,1.51384
0.74791,0.504179,1.51921
0.649545,0.70091,1.99491
0.648384,0.703231,1.98205
0.653409,0.693182,1.99195
0.649966,0.700068,1.98364
0.651237,0.697527,1.99316
0.645256,0.709489,1.99007
0.654939,0.690122,1.98019
0.656498,0.687005,1.93065
0.646223,0.707554,1.96918
0.659215,0.681571,1.97669
0.652562,0.694875,1.94044
0.665253,0.669494,1.94653
0.655433,0.689133,1.97229
0.659084,0.681832,1.96931
0.661911,0.676177,1.94454
0.657596,0.684809,1.9673
0.658688,0.682625,1.94452
0.65533,0.689339,1.99525
0.653873,0.692254,1.95107
0.662746,0.674507,1.93188
0.648817,0.702366,1.96622
0.661237,0.677526,1.96958
0.658933,0.682134,1.93446
0.659603,0.680794,1.9545
0.66456,0.670881,1.86801
0.664812,0.670376,1.89314
0.660492,0.679016,1.89534
0.669979,0.660041,1.89227
0.66562,0.668759,1.92829
0.666258,0.667485,1.90529
0.664138,0.671723,1.87801
0.665703,0.668594,1.91359
0.67341,0.65318,1.88104
0.672877,0.654246,1.89712
0.666328,0.667343,1.88728
0.661353,0.677294,1.92005
0.665906,0.668187,1.90572
0.670169,0.659662,1.89678
0.667054,0.665891,1.92342
0.664463,0.671074,1.92347
0.671006,0.657989,1.8956
0.670543,0.658914,1.88075
0.670796,0.658409,1.91388
0.665938,0.668124,1.93588
0.670055,0.65989,1.86715
0.666497,0.667007,1.88054
0.658576,0.682848,1.91036
0.671767,0.656467,1.90619
0.6643,0.6714,1.91852
0.674401,0.651197,1.83538
0.680551,0.638899,1.83012
0.673581,0.652839,1.85276
0.682363,0.635274,1.84374
0.67874,0.64252,1.81956
0.677241,0.645519,1.87063
0.674985,0.65003,1.86061
0.677366,0.645269,1.83303
0.681248,0.637504,1.82036
0.68065,0.6387,1.83519
0.678543,0.642914,1.81547
0.675607,0.648786,1.87201
0.674948,0.650103,1.82878
0.67466,0.65068,1.85626
0.677587,0.644827,1.84504
0.672987,0.654027,1.84504
0.675225,0.64955,1.80768
0.679707,0.640587,1.85539
0.678484,0.643031,1.83717
0.670913,0.658175,1.84371
0.671501,0.656998,1.85252
0.682264,0.635473,1.82454
0.668217,0.663566,1.84934
0.677008,0.645984,1.82614
0.681266,0.637469,1.84792
0.681423,0.637155,1.80883
0.684662,0.630675,1.80054
0.684023,0.631955,1.76896
0.686217,0.627566,1.76834
0.685121,0.629757,1.81642
0.687746,0.624508,1.78756
0.689687,0.620626,1.79113
0.682191,0.635619,1.7968
0.687988,0.624024,1.80518
0.684789,0.630421,1.78469
0.67984,0.640321,1.79791
0.685275,0.629451,1.77736
0.683899,0.632202,1.79136
0.689757,0.620487,1.79989
0.679975,0.64005,1.80108
0.690905,0.618191,1.77884
0.686506,0.626989,1.79723
0.688092,0.623815,1.78257
0.68833,0.62334,1.77083
0.678181,0.643638,1.79748
0.68688,0.626239,1.77539
0.679661,0.640678,1.80854
0.681746,0.636509,1.77135
0.688199,0.623602,1.76235
0.684188,0.631625,1.82445
0.691552,0.616896,1.78592
0.683054,0.633891,1.78738
0.684829,0.630342,1.76221
0.691646,0.616707,1.73653
0.697509,0.604982,1.74488
0.697233,0.605533,1.76097
0.698161,0.603677,1.7236
0.687449,0.625102,1.74065
0.69717,0.60566,1.74058
0.695896,0.608209,1.74965
0.692817,0.614366,1.73125
0.687076,0.625848,1.74965
0.691576,0.616847,1.76436
0.695372,0.609256,1.72512
0.696953,0.606094,1.72142
0.694881,0.610239,1.7717
0.699044,0.601912,1.73304
0.690848,0.618305,1.72933
0.685823,0.628354,1.7515
0.69391,0.61218,1.73153
0.693345,0.613311,1.72155
0.691898,0.616204,1.74413
0.690286,0.619428,1.76184
0.696052,0.607895,1.73954
0.693616,0.612768,1.76543
0.698503,0.602995,1.74149
0.696934,0.606133,1.75458
0.699961,0.600077,1.70191
0.700572,0.598856,1.71882
0.701594,0.596813,1.66371
0.705028,0.589943,1.68115
0.703571,0.592858,1.72221
0.698119,0.603763,1.6875
0.7013,0.597399,1.70837
0.694476,0.611047,1.70193
0.702067,0.595866,1.6869
0.705736,0.588528,1.69871
0.703041,0.593919,1.70179
0.699095,0.601811,1.7096
0.709041,0.581919,1.69258
0.702492,0.595017,1.72272
0.704665,0.59067,1.67371
0.701524,0.596952,1.70214
0.700656,0.598688,1.71333
0.706337,0.587326,1.70418
0.701541,0.596917,1.67926
0.703183,0.593634,1.71038
0.698262,0.603477,1.70231
0.701857,0.596286,1.67048
0.705685,0.588631,1.68748
0.702209,0.595581,1.69367
0.709641,0.580718,1.6839
0.702852,0.594296,1.70841
0.69887,0.602261,1.69261
0.702999,0.594001,1.69093
0.711709,0.576581,1.64167
0.706062,0.587876,1.6361
0.711572,0.576856,1.65883
0.715695,0.56861,1.64871
0.714097,0.571806,1.63795
0.703798,0.592404,1.6596
0.713132,0.573736,1.63881
0.709371,0.581259,1.62593
0.708179,0.583643,1.65965
0.716407,0.567186,1.63842
0.703683,0.592634,1.66624
0.707886,0.584227,1.6296
0.708278,0.583445,1.65156
0.712393,0.575213,1.63483
0.705286,0.589428,1.66049
0.710097,0.579805,1.65809
0.709177,0.581646,1.67318
0.71064,0.57872,1.65197
0.70615,0.587699,1.66792
0.706324,0.587352,1.6709
0.719636,0.560729,1.59222
0.717795,0.56441,1.61288
0.720604,0.558792,1.59255
0.710793,0.578415,1.62329
0.720509,0.558983,1.61789
0.714831,0.570337,1.58795
0.718022,0.563957,1.58531
0.72121,0.557579,1.61028
0.721021,0.557957,1.60483
0.718374,0.563251,1.6074
0.724245,0.551511,1.60406
0.717487,0.565026,1.61951
0.718557,0.562886,1.60031
0.710131,0.579738,1.61846
0.720018,0.559964,1.61182
0.718135,0.563729,1.60452
0.718204,0.563592,1.61944
0.713937,0.572126,1.61892
0.718407,0.563186,1.63028
0.712188,0.575624,1.60357
0.723505,0.552989,1.5981
0.712583,0.574833,1.62599
0.715652,0.568696,1.59672
0.715481,0.569038,1.62911
0.715537,0.568926,1.61474
0.722653,0.554694,1.6111
0.719369,0.561262,1.61796
0.715625,0.568749,1.60023
0.729895,0.54021,1.56941
0.72069,0.558619,1.55878
0.725296,0.549409,1.54876
0.727244,0.545513,1.57447
0.721719,0.556562,1.57095
0.717254,0.565492,1.57618
0.720061,0.559878,1.56437
0.726278,0.547444,1.58927
0.721768,0.556464,1.57772
0.722376,0.555248,1.54657
0.722714,0.554572,1.59143
0.722903,0.554194,1.56674
0.729647,0.540706,1.56336
0.718026,0.563947,1.56925
0.726036,0.547928,1.55312
0.723102,0.553796,1.58436
0.728368,0.543265,1.57645
0.723316,0.553367,1.55853
0.725352,0.549297,1.58239
0.720248,0.559505,1.58471
0.730254,0.539492,1.56405
0.724744,0.550511,1.58949
0.724778,0.550445,1.55451
0.724231,0.551538,1.57068
0.720856,0.558288,1.56862
0.7277,0.5446,1.5669
0.729041,0.541918,1.51933
0.735936,0.528128,1.51985
0.732635,0.534731,1.5204
0.72967,0.540661,1.52568
0.728281,0.543438,1.54256
0.727457,0.545086,1.52435
0.734242,0.531516,1.537
0.733065,0.533871,1.54598
0.734971,0.530057,1.52905
0.731217,0.537567,1.55882
0.734058,0.531884,1.51822
0.724978,0.550044,1.54176
0.73159,0.53682,1.54552
0.729126,0.541747,1.51223
0.734374,0.531251,1.53139
0.730381,0.539237,1.53135
0.725292,0.549416,1.53539
0.731156,0.537688,1.54278
0.736486,0.527029,1.52495
0.738026,0.523947,1.50768
0.738317,0.523365,1.48859
0.735468,0.529064,1.48042
0.741487,0.517027,1.50275
0.737696,0.524608,1.48062
0.738174,0.523652,1.5187
0.73295,0.534101,1.50941
0.737294,0.525411,1.50879
0.735342,0.529316,1.48553
0.739666,0.520669,1.49064
0.73447,0.53106,1.48299
0.742182,0.515636,1.48438
0.739339,0.521322,1.51611
0.736832,0.526335,1.4839
0.73077,0.53846,1.50241
0.741443,0.517114,1.49855
0.733968,0.532063,1.50264
0.736408,0.527184,1.51618
0.740184,0.519632,1.50197
0.735187,0.529625,1.49955
0.738925,0.52215,1.51127
0.736502,0.526996,1.48998
0.740976,0.518049,1.48685
0.630891,0.738217,1.99131
0.636045,0.72791,1.97982
0.636412,0.727177,1.99989
0.643101,0.713797,1.9708
0.637312,0.725375,1.96231
0.636034,0.727932,1.95202
0.627187,0.745625,1.9972
0.641513,0.716975,1.96075
0.632292,0.735417,1.96602
0.63935,0.721301,1.9563
0.632645,0.73471,1.98537
0.642771,0.714459,1.96618
0.629295,0.741411,1.98474
0.642555,0.71489,1.97138
0.632919,0.734162,1.98964
0.641037,0.717927,1.98681
0.637304,0.725391,1.9516
0.637892,0.724217,1.9387
0.645753,0.708494,1.92882
0.644282,0.711437,1.94334
0.646197,0.707606,1.96048
0.640874,0.718251,1.94096
0.648511,0.702977,1.9349
0.655245,0.689509,1.91253
0.649035,0.70193,1.90071
0.641758,0.716484,1.91312
0.649906,0.700188,1.94505
0.646325,0.707349,1.92302
0.640447,0.719107,1.92959
0.650572,0.698855,1.91097
0.642323,0.715353,1.93158
0.647648,0.704704,1.88794
0.644659,0.710683,1.9513
0.639532,0.720936,1.93892
0.649236,0.701528,1.94514
0.642864,0.714271,1.94132
0.654198,0.691603,1.9081
0.639287,0.721425,1.94652
0.645949,0.708102,1.94045
0.644112,0.711775,1.90368
0.644198,0.711604,1.93272
0.642098,0.715803,1.94985
0.648492,0.703017,1.89399
0.6459,0.7082,1.91495
0.638488,0.723024,1.93017
0.650599,0.698802,1.88978
0.65939,0.681219,1.87598
0.654955,0.69009,1.87705
0.657866,0.684267,1.83695
0.654251,0.691498,1.86613
0.656529,0.686942,1.83921
0.655032,0.689937,1.89112
0.658521,0.682958,1.85536
0.661941,0.676118,1.85084
0.660953,0.678094,1.86455
0.655297,0.689405,1.90375
0.654218,0.691564,1.85908
0.663679,0.672642,1.86278
0.653331,0.693339,1.87961
0.656181,0.687638,1.8959
0.654752,0.690495,1.89974
0.657234,0.685532,1.83146
0.653522,0.692956,1.87676
0.654401,0.691198,1.8837
0.655245,0.689509,1.87103
0.661086,0.677827,1.87938
0.657995,0.684009,1.89156
0.656868,0.686265,1.85485
0.647188,0.705623,1.88183
0.659738,0.680525,1.86066
0.657033,0.685934,1.90437
0.663267,0.673467,1.85633
0.65814,0.68372,1.87493
0.671238,0.657524,1.82939
0.671669,0.656663,1.81209
0.662948,0.674103,1.81948
0.667702,0.664595,1.79928
0.664631,0.670737,1.83492
0.666268,0.667464,1.79908
0.662219,0.675562,1.80311
0.668036,0.663927,1.82637
0.670364,0.659272,1.78874
0.666206,0.667588,1.85254
0.66191,0.67618,1.82093
0.668288,0.663424,1.80698
0.669907,0.660187,1.80849
0.665235,0.66953,1.84561
0.662932,0.674136,1.8322
0.671585,0.656831,1.79263
0.659311,0.681378,1.83214
0.67135,0.657299,1.80759
0.659083,0.681834,1.81824
0.668227,0.663547,1.78601
0.672024,0.655952,1.8187
0.669814,0.660371,1.79841
0.667587,0.664826,1.84692
0.67323,0.653541,1.80141
0.680284,0.639431,1.75925
0.670221,0.659557,1.76219
0.678246,0.643508,1.74278
0.676294,0.647413,1.76752
0.674875,0.65025,1.74288
0.673022,0.653956,1.76044
0.676398,0.647204,1.79431
0.676502,0.646995,1.77649
0.682592,0.634816,1.7556
0.681601,0.636798,1.76798
0.673757,0.652486,1.77652
0.677771,0.644458,1.78307
0.681659,0.636682,1.74994
0.680595,0.63881,1.77264
0.671979,0.656043,1.75447
0.680925,0.638149,1.75735
0.679665,0.64067,1.74258
0.675731,0.648538,1.75814
0.679074,0.641852,1.77733
0.676164,0.647671,1.74788
0.676059,0.647881,1.78711
0.685592,0.628816,1.7364
0.688404,0.623192,1.72699
0.681703,0.636594,1.73451
0.684798,0.630404,1.69675
0.686792,0.626416,1.7109
0.688464,0.623073,1.69672
0.685424,0.629152,1.72425
0.687538,0.624924,1.734
0.688074,0.623852,1.70278
0.67889,0.64222,1.72682
0.683547,0.632906,1.69069
0.689339,0.621322,1.71866
0.684722,0.630557,1.73628
0.684956,0.630089,1.70127
0.683955,0.632091,1.72922
0.683169,0.633662,1.69942
0.687788,0.624425,1.7348
0.689761,0.620478,1.69817
0.682048,0.635904,1.71061
0.684354,0.631293,1.72256
0.680378,0.639243,1.73298
0.68491,0.630181,1.7325
0.691033,0.617933,1.70784
0.685239,0.629522,1.71578
0.687207,0.625587,1.67592
0.694313,0.611374,1.65615
0.690511,0.618979,1.65403
0.699771,0.600457,1.66325
0.688619,0.622762,1.6831
0.698658,0.602684,1.66507
0.694964,0.610072,1.65348
0.693252,0.613496,1.70139
0.697142,0.605716,1.65486
0.693558,0.612885,1.68845
0.692084,0.615832,1.68962
0.691854,0.616291,1.67809
0.697428,0.605144,1.6819
0.695399,0.609202,1.68155
0.690565,0.618869,1.67846
0.698144,0.603711,1.67414
0.68847,0.62306,1.66671
0.690902,0.618196,1.65762
0.699115,0.601769,1.65757
0.69431,0.611379,1.64924
0.695071,0.609858,1.66912
0.689657,0.620687,1.66195
0.691394,0.617212,1.67064
0.690435,0.61913,1.68839
0.685328,0.629344,1.68121
0.705677,0.588647,1.61305
0.699023,0.601954,1.64469
0.701988,0.596023,1.63859
0.696807,0.606386,1.64374
0.701965,0.596071,1.62567
0.699389,0.601223,1.63686
0.701137,0.597727,1.60599
0.703641,0.592719,1.6209
0.697463,0.605073,1.62999
0.702715,0.59457,1.63382
0.699087,0.601826,1.61492
0.696387,0.607225,1.63057
0.703953,0.592094,1.61044
0.699309,0.601383,1.65736
0.697393,0.605214,1.6183
0.700599,0.598801,1.61192
0.703956,0.592089,1.61323
0.706712,0.586576,1.61455
0.711531,0.576937,1.59866
0.70352,0.592959,1.5949
0.710413,0.579174,1.58075
0.715123,0.569754,1.58338
0.707542,0.584915,1.60027
0.703982,0.592036,1.58648
0.706995,0.586009,1.58975
0.712577,0.574845,1.59348
0.706194,0.587612,1.60204
0.707834,0.584331,1.57321
0.708035,0.58393,1.57808
0.709046,0.581907,1.59614
0.709889,0.580221,1.5857
0.708563,0.582875,1.58421
0.710732,0.578535,1.60913
0.70213,0.59574,1.59774
0.707084,0.585832,1.56916
0.706807,0.586386,1.60672
0.705651,0.588698,1.58934
0.710896,0.578208,1.5959
0.703043,0.593914,1.58722
0.707524,0.584952,1.6148
0.706185,0.58763,1.58015
0.708114,0.583773,1.59299
0.708625,0.58275,1.60136
0.71446,0.57108,1.57979
0.709487,0.581026,1.57773
0.705635,0.588729,1.58577
0.712367,0.575266,1.57909
0.701856,0.596287,1.59477
0.70568,0.588639,1.60819
0.717929,0.564142,1.5582
0.71345,0.573099,1.55625
0.716138,0.567723,1.52944
0.71222,0.575559,1.57082
0.712741,0.574518,1.53688
0.717506,0.564987,1.53851
0.714744,0.570513,1.57157
0.717474,0.565052,1.54844
0.71011,0.57978,1.55291
0.712231,0.575538,1.56409
0.715619,0.568762,1.54142
0.718938,0.562124,1.55387
0.714826,0.570347,1.56677
0.71412,0.57176,1.54214
0.711765,0.57647,1.55233
0.716896,0.566208,1.54492
0.715336,0.569328,1.57576
0.709841,0.580319,1.55678
0.715786,0.568429,1.53871
0.714002,0.571997,1.53737
0.71081,0.57838,1.56826
0.72192,0.556159,1.54331
0.716328,0.567344,1.52198
0.726177,0.547647,1.5032
0.719907,0.560186,1.50698
0.716789,0.566423,1.5128
0.72145,0.557099,1.521
0.717328,0.565345,1.52781
0.725138,0.549724,1.5277
0.721631,0.556738,1.49452
0.718542,0.562917,1.52901
0.721804,0.556391,1.52595
0.717888,0.564224,1.51126
0.722882,0.554237,1.51618
0.721742,0.556516,1.50879
0.717583,0.564834,1.51831
0.719857,0.560285,1.51702
0.726781,0.546438,1.5142
0.721861,0.556279,1.53439
0.717686,0.564628,1.52328
0.725195,0.549611,1.51717
0.721871,0.556259,1.52931
0.714595,0.570809,1.52384
0.724952,0.550095,1.48376
0.727404,0.545193,1.45784
0.726397,0.547207,1.49689
0.731436,0.537129,1.4735
0.730183,0.539633,1.49744
0.729109,0.541783,1.46413
0.727202,0.545596,1.46355
0.727355,0.545289,1.49444
0.730826,0.538347,1.48444
0.731421,0.537158,1.47777
0.72547,0.54906,1.48636
0.729504,0.540991,1.48437
0.728796,0.542409,1.46212
0.729147,0.541706,1.50486
0.728728,0.542543,1.47323
0.72348,0.553041,1.49017
0.732961,0.534077,1.46664
0.732446,0.535109,1.48087
0.727754,0.544492,1.4975
0.730979,0.538042,1.49005
0.728009,0.543982,1.47332
0.730891,0.538218,1.4689
0.723651,0.552697,1.49188
0.727375,0.545249,1.48939
0.729625,0.540751,1.48081
0.728877,0.542245,1.49651
0.617315,0.765369,1.97815
0.617994,0.764012,1.99397
0.622187,0.755626,1.9985
0.618764,0.762471,1.98568
0.619034,0.761932,1.99926
0.615482,0.769036,1.97838
0.620185,0.759629,1.95854
0.625426,0.749149,1.9972
0.631024,0.737953,1.92531
0.620298,0.759403,1.96515
0.632555,0.734889,1.93873
0.630959,0.738082,1.95897
0.630323,0.739353,1.93301
0.624612,0.750777,1.96951
0.627526,0.744948,1.95664
0.623903,0.752193,1.92721
0.626262,0.747476,1.98544
0.629362,0.741276,1.93109
0.62308,0.75384,1.94815
0.623833,0.752334,1.94625
0.618927,0.762145,1.95633
0.630827,0.738346,1.94214
0.623446,0.753109,1.96653
0.632179,0.735641,1.96024
0.627914,0.744171,1.91756
0.621012,0.757975,1.98692
0.633557,0.732886,1.9469
0.620546,0.758907,1.97316
0.625393,0.749215,1.95713
0.629056,0.741888,1.96009
0.623189,0.753621,1.95196
0.617306,0.765388,1.97023
0.627502,0.744996,1.98319
0.631025,0.737949,1.89003
0.636723,0.726555,1.89935
0.638911,0.722177,1.92178
0.635793,0.728414,1.87075
0.635222,0.729556,1.91864
0.644481,0.711038,1.88217
0.638404,0.723193,1.89314
0.63417,0.731659,1.88817
0.638428,0.723143,1.86177
0.630491,0.739017,1.90063
0.639835,0.720329,1.88994
0.642722,0.714555,1.88939
0.632101,0.735798,1.90685
0.637639,0.724723,1.90455
0.633691,0.732619,1.88302
0.641843,0.716314,1.90228
0.637665,0.72467,1.87072
0.638689,0.722622,1.91428
0.628477,0.743046,1.90601
0.64346,0.713081,1.88078
0.635357,0.729285,1.87984
0.646332,0.707337,1.88332
0.637914,0.724172,1.87306
0.630935,0.73813,1.9072
0.637246,0.725508,1.85947
0.634331,0.731339,1.92532
0.648365,0.703271,1.81432
0.646196,0.707607,1.8648
0.648836,0.702328,1.8617
0.642613,0.714773,1.84305
0.64988,0.70024,1.81267
0.653166,0.693667,1.83508
0.644668,0.710664,1.82764
0.651773,0.696454,1.8433
0.644333,0.711335,1.85321
0.650491,0.699019,1.8573
0.65034,0.699321,1.82485
0.649394,0.701213,1.83843
0.647437,0.705126,1.85379
0.643915,0.71217,1.84208
0.649276,0.701447,1.8073
0.648422,0.703155,1.83436
0.649813,0.700374,1.85113
0.651345,0.69731,1.82918
0.644394,0.711212,1.8214
0.649371,0.701259,1.82115
0.647715,0.704569,1.87102
0.644015,0.711971,1.83765
0.650494,0.699012,1.81947
0.642351,0.715299,1.85462
0.648799,0.702401,1.8535
0.653749,0.692502,1.82272
0.655167,0.689666,1.77317
0.65688,0.686239,1.7822
0.654376,0.691248,1.82014
0.654693,0.690614,1.79555
0.663004,0.673993,1.7875
0.654616,0.690769,1.78105
0.659827,0.680346,1.78289
0.651417,0.697166,1.79133
0.650301,0.699398,1.80698
0.655712,0.688576,1.76406
0.655406,0.689188,1.80463
0.655727,0.688546,1.81218
0.661823,0.676354,1.77382
0.659388,0.681223,1.81409
0.653533,0.692935,1.80045
0.661189,0.677622,1.78532
0.653211,0.693578,1.79082
0.656278,0.687444,1.82222
0.658345,0.683311,1.78732
0.65192,0.696159,1.81271
0.654405,0.69119,1.81226
0.658978,0.682044,1.80153
0.657609,0.684783,1.78718
0.650898,0.698204,1.79952
0.667758,0.664485,1.71692
0.662917,0.674167,1.76183
0.664236,0.671528,1.74908
0.671911,0.656178,1.74303
0.659432,0.681135,1.74545
0.668827,0.662346,1.75515
0.66894,0.66212,1.72798
0.663463,0.673075,1.73451
0.659898,0.680204,1.75896
0.664253,0.671494,1.72784
0.663572,0.672855,1.75404
0.669715,0.66057,1.73585
0.664734,0.670532,1.74216
0.6657,0.668601,1.71503
0.665536,0.668928,1.76485
0.66695,0.666099,1.73311
0.662249,0.675503,1.74576
0.666973,0.666054,1.7714
0.667799,0.664403,1.75361
0.658557,0.682885,1.75386
0.672569,0.654862,1.72267
0.669271,0.661457,1.7441
0.670981,0.658037,1.75303
0.663518,0.672963,1.76715
0.674895,0.65021,1.71687
0.67375,0.6525,1.68067
0.669697,0.660607,1.70886
0.680293,0.639414,1.68733
0.678841,0.642317,1.70731
0.671794,0.656412,1.71639
0.67741,0.645179,1.67172
0.674931,0.650139,1.67727
0.67476,0.650479,1.71442
0.669151,0.661697,1.70098
0.679575,0.640849,1.6822
0.677326,0.645349,1.7067
0.675872,0.648256,1.67029
0.676914,0.646172,1.71576
0.674811,0.650377,1.70255
0.668659,0.662681,1.70528
0.674721,0.650559,1.68384
0.678203,0.643594,1.71577
0.674777,0.650446,1.69791
0.677538,0.644925,1.6848
0.678649,0.642702,1.67139
0.673786,0.652428,1.68507
0.681604,0.636792,1.69256
0.681051,0.637899,1.64155
0.689002,0.621996,1.64259
0.686469,0.627062,1.64895
0.688448,0.623104,1.65681
0.682776,0.634448,1.64947
0.677704,0.644592,1.66559
0.684102,0.631796,1.64455
0.687131,0.625737,1.66195
0.677617,0.644766,1.65285
0.688077,0.623846,1.64388
0.680261,0.639477,1.67442
0.681554,0.636891,1.65387
0.682041,0.635919,1.6358
0.691057,0.617886,1.644
0.679907,0.640187,1.66953
0.684399,0.631203,1.63339
0.683836,0.632328,1.67303
0.68551,0.628981,1.66113
0.678197,0.643607,1.65773
0.68212,0.63576,1.67353
0.68324,0.633519,1.62649
0.686773,0.626454,1.65225
0.680783,0.638435,1.65164
0.686276,0.627448,1.6705
0.688388,0.623223,1.63684
0.686747,0.626506,1.62822
0.685378,0.629243,1.65681
0.691473,0.617055,1.61117
0.690486,0.619028,1.62602
0.691245,0.617509,1.58708
0.693339,0.613322,1.62251
0.695728,0.608545,1.59644
0.694931,0.610138,1.60809
0.694707,0.610586,1.58805
0.695732,0.608536,1.6207
0.688278,0.623444,1.60872
0.692615,0.61477,1.59655
0.699103,0.601795,1.60051
0.694242,0.611517,1.6032
0.692632,0.614735,1.59019
0.68868,0.622639,1.62244
0.688721,0.622559,1.59787
0.690103,0.619793,1.61011
0.694923,0.610155,1.61621
0.691687,0.616626,1.59249
0.690548,0.618903,1.593
0.687081,0.625837,1.62178
0.694072,0.611857,1.60815
0.694092,0.611816,1.62173
0.691371,0.617258,1.58379
0.694517,0.610965,1.56532
0.702138,0.595723,1.56285
0.697165,0.605671,1.59129
0.699753,0.600494,1.54476
0.701158,0.597685,1.56101
0.704097,0.591806,1.55654
0.698706,0.602589,1.5535
0.702456,0.595088,1.57133
0.702528,0.594945,1.557
0.694997,0.610007,1.56834
0.70243,0.595139,1.55213
0.704135,0.591731,1.56481
0.696307,0.607385,1.56521
0.699612,0.600775,1.58094
0.697247,0.605505,1.55475
0.702201,0.595599,1.58328
0.698803,0.602394,1.56726
0.706661,0.586677,1.51877
0.713958,0.572083,1.52345
0.702977,0.594046,1.54828
0.710646,0.578708,1.52491
0.706797,0.586407,1.53652
0.710863,0.578275,1.52677
0.70299,0.594021,1.539
0.709599,0.580802,1.52787
0.709697,0.580607,1.51657
0.710464,0.579073,1.53891
0.705273,0.589453,1.51159
0.709438,0.581123,1.51869
0.708051,0.583898,1.54689
0.705641,0.588718,1.51576
0.705792,0.588417,1.54454
0.709731,0.580538,1.53553
0.704235,0.59153,1.52988
0.703483,0.593034,1.54333
0.702849,0.594301,1.5346
0.712368,0.575263,1.5229
0.705652,0.588696,1.52158
0.70518,0.589641,1.54132
0.702377,0.595245,1.52744
0.707775,0.58445,1.55386
0.705527,0.588947,1.52522
0.709026,0.581947,1.52525
0.7048,0.5904,1.55331
0.705438,0.589124,1.53766
0.712279,0.575442,1.5342
0.709768,0.580465,1.50654
0.710506,0.578988,1.49716
0.715479,0.569043,1.48258
0.71756,0.564881,1.48239
0.706891,0.586218,1.50613
0.712687,0.574627,1.48673
0.709695,0.58061,1.51039
0.714353,0.571295,1.51562
0.714782,0.570436,1.48206
0.710867,0.578265,1.51517
0.710379,0.579242,1.50002
0.712406,0.575188,1.4915
0.707136,0.585728,1.4999
0.715929,0.568142,1.48535
0.713819,0.572361,1.51088
0.720187,0.559626,1.48857
0.711238,0.577525,1.5066
0.717636,0.564728,1.49267
0.714252,0.571495,1.50233
0.715352,0.569296,1.49279
0.711748,0.576503,1.49654
0.711357,0.577286,1.51057
0.71753,0.564941,1.45394
0.721799,0.556403,1.47552
0.72016,0.55968,1.4561
0.71848,0.56304,1.47373
0.720896,0.558207,1.44273
0.718731,0.562539,1.45929
0.714312,0.571376,1.4643
0.719822,0.560356,1.47994
0.717088,0.565823,1.45841
0.71548,0.56904,1.47161
0.720551,0.558897,1.45142
0.718049,0.563901,1.47777
0.720245,0.559511,1.45891
0.714844,0.570312,1.46913
0.716656,0.566687,1.46966
0.719609,0.560783,1.45119
0.606784,0.786431,1.99625
0.597003,0.805995,1.99719
0.611692,0.776615,1.9855
0.602506,0.794988,1.99119
0.599734,0.800532,1.97517
0.607526,0.784948,1.96458
0.602505,0.79499,1.99787
0.605587,0.788825,1.99778
0.595981,0.808038,1.99496
0.602664,0.794671,1.97888
0.596995,0.806009,1.98605
0.603636,0.792729,1.98109
0.607691,0.784619,1.94848
0.603266,0.793469,1.95979
0.613766,0.772467,1.9762
0.60042,0.79916,1.97674
0.60649,0.78702,1.98092
0.598524,0.802952,1.9975
0.609478,0.781045,1.95669
0.598944,0.802113,1.98373
0.61124,0.777519,1.95598
0.615398,0.769205,1.90928
0.615609,0.768783,1.94417
0.617479,0.765042,1.92397
0.621581,0.756838,1.90899
0.621773,0.756454,1.92042
0.617868,0.764263,1.88883
0.620781,0.758437,1.92119
0.623097,0.753807,1.91711
0.612333,0.775333,1.91148
0.614074,0.771851,1.95048
0.61735,0.7653,1.89512
0.614086,0.771829,1.92232
0.622129,0.755742,1.93303
0.620003,0.759993,1.93352
0.614793,0.770413,1.92524
0.608008,0.783984,1.94447
0.610053,0.779893,1.94002
0.62016,0.75968,1.91599
0.614525,0.770949,1.95823
0.617232,0.765536,1.95927
0.619172,0.761656,1.92434
0.611933,0.776135,1.94627
0.615289,0.769422,1.89864
0.619454,0.761092,1.89056
0.613376,0.773247,1.95757
0.612363,0.775274,1.93287
0.608893,0.782214,1.92991
0.630293,0.739415,1.88504
0.632761,0.734477,1.85717
0.635908,0.728184,1.85983
0.627508,0.744984,1.87938
0.624045,0.75191,1.85852
0.631071,0.737858,1.84883
0.618655,0.762689,1.88056
0.626988,0.746024,1.88978
0.628009,0.743981,1.84704
0.62534,0.749321,1.86753
0.628009,0.743981,1.90296
0.623652,0.752696,1.88811
0.62788,0.74424,1.87265
0.627723,0.744554,1.8517
0.629902,0.740195,1.8608
0.63198,0.736039,1.83925
0.635538,0.728925,1.85324
0.629432,0.741137,1.84814
0.624156,0.751687,1.86765
0.624659,0.750683,1.89641
0.634877,0.730245,1.86925
0.629953,0.740093,1.87682
0.628306,0.743388,1.86407
0.640535,0.71893,1.81511
0.633591,0.732817,1.83548
0.645971,0.708057,1.79804
0.636571,0.726859,1.79679
0.638091,0.723818,1.82531
0.641752,0.716497,1.80157
0.640911,0.718177,1.82778
0.64409,0.711819,1.81419
0.639474,0.721052,1.78831
0.641772,0.716456,1.82141
0.638856,0.722288,1.80108
0.636727,0.726546,1.8422
0.636029,0.727941,1.80088
0.633411,0.733177,1.82557
0.644254,0.711491,1.81199
0.638666,0.722667,1.81744
0.642191,0.715617,1.81014
0.639216,0.721568,1.83224
0.643508,0.712985,1.8214
0.638558,0.722884,1.83174
0.64616,0.70768,1.80626
0.636617,0.726766,1.82317
0.642414,0.715172,1.8142
0.639498,0.721004,1.7807
0.649855,0.700291,1.77051
0.642844,0.714311,1.77593
0.652206,0.695587,1.74457
0.651274,0.697452,1.75745
0.649309,0.701382,1.74279
0.64534,0.709319,1.78112
0.653004,0.693992,1.77122
0.6548,0.690401,1.74968
0.64014,0.71972,1.77358
0.646994,0.706013,1.7781
0.649154,0.701693,1.74689
0.65283,0.69434,1.76463
0.645721,0.708558,1.76954
0.648207,0.703586,1.75917
0.646245,0.707511,1.78484
0.646621,0.706759,1.75276
0.644398,0.711204,1.77711
0.647532,0.704937,1.79245
0.651602,0.696796,1.76376
0.646257,0.707486,1.77484
0.64257,0.71486,1.78113
0.649029,0.701942,1.77715
0.65213,0.69574,1.72186
0.663068,0.673863,1.71319
0.653411,0.693178,1.70629
0.662936,0.674128,1.72566
0.656535,0.686931,1.72299
0.660682,0.678637,1.70323
0.659365,0.68127,1.71412
0.657587,0.684825,1.72973
0.652026,0.695948,1.73168
0.656563,0.686874,1.71197
0.662608,0.674784,1.71018
0.653898,0.692204,1.74108
0.661558,0.676883,1.69913
0.659403,0.681194,1.73786
0.656398,0.687205,1.71502
0.656578,0.686843,1.73862
0.654396,0.691209,1.73128
0.655355,0.68929,1.70664
0.672332,0.655336,1.65919
0.660261,0.679478,1.68831
0.668473,0.663055,1.69243
0.670032,0.659936,1.67776
0.665716,0.668568,1.69591
0.670448,0.659105,1.65287
0.668561,0.662878,1.66913
0.661954,0.676093,1.68135
0.667432,0.665135,1.68116
0.664359,0.671283,1.66119
0.671774,0.656452,1.67301
0.666351,0.667297,1.681
0.662573,0.674854,1.68999
0.673468,0.653064,1.6584
0.668088,0.663824,1.65316
0.662211,0.675578,1.665
0.668131,0.663738,1.65814
0.666969,0.666062,1.68733
0.666102,0.667797,1.65803
0.667113,0.665774,1.64404
0.670569,0.658862,1.67102
0.665316,0.669368,1.66505
0.669993,0.660014,1.68854
0.671525,0.656949,1.67796
0.662109,0.675783,1.67743
0.674025,0.65195,1.63891
0.676217,0.647565,1.61766
0.670617,0.658767,1.62508
0.673246,0.653509,1.63921
0.679119,0.641762,1.61782
0.672714,0.654572,1.62723
0.680681,0.638639,1.6139
0.674217,0.651566,1.65614
0.676795,0.646411,1.62335
0.670971,0.658059,1.63762
0.672446,0.655108,1.6222
0.669656,0.660689,1.63098
0.675011,0.649978,1.61984
0.677231,0.645538,1.64382
0.674161,0.651678,1.64932
0.674946,0.650109,1.64868
0.67627,0.647461,1.60798
0.679189,0.641623,1.63158
0.67255,0.654899,1.63408
0.680653,0.638694,1.57712
0.6812,0.6376,1.58914
0.68096,0.63808,1.60467
0.67591,0.64818,1.59825
0.68817,0.62366,1.57828
0.68219,0.63562,1.61012
0.682375,0.63525,1.56383
0.681199,0.637602,1.59632
0.685276,0.629449,1.60079
0.682314,0.635372,1.58521
0.684847,0.630307,1.57902
0.679803,0.640395,1.58274
0.677551,0.644898,1.60337
0.682079,0.635841,1.57566
0.682389,0.635223,1.59875
0.688597,0.622807,1.58339
0.679601,0.640797,1.60023
0.686415,0.62717,1.58789
0.677181,0.645637,1.59044
0.683636,0.632728,1.61487
0.683198,0.633604,1.57666
0.684407,0.631187,1.6018
0.687305,0.625389,1.57448
0.676611,0.646779,1.60198
0.688302,0.623395,1.59589
0.682555,0.63489,1.60469
0.682343,0.635314,1.57078
0.680109,0.639783,1.59214
0.683546,0.632908,1.58694
0.686604,0.626792,1.58238
0.679113,0.641773,1.60404
0.679823,0.640353,1.58901
0.689191,0.621617,1.56658
0.684995,0.63001,1.56169
0.691308,0.617383,1.56487
0.692017,0.615966,1.54443
0.689361,0.621279,1.54249
0.687894,0.624213,1.56139
0.695607,0.608785,1.54842
0.692911,0.614178,1.53058
0.685847,0.628307,1.54739
0.694248,0.611504,1.53978
0.694329,0.611342,1.5647
0.689662,0.620675,1.54605
0.694408,0.611184,1.5516
0.689094,0.621811,1.56948
0.692169,0.615662,1.53852
0.691891,0.616218,1.5682
0.697663,0.604675,1.54206
0.685957,0.628086,1.56753
0.689053,0.621895,1.5343
0.692142,0.615716,1.55216
0.686686,0.626628,1.54805
0.690794,0.618412,1.56311
0.687976,0.624048,1.56611
0.696119,0.607761,1.54208
0.686705,0.62659,1.55711
0.694746,0.610508,1.54402
0.693167,0.613667,1.55942
0.687366,0.625269,1.57001
0.688265,0.623469,1.555
0.689878,0.620243,1.55073
0.691314,0.617371,1.54188
0.693453,0.613093,1.53522
0.686001,0.627997,1.55401
0.697231,0.605538,1.54848
0.693547,0.612907,1.52105
0.696142,0.607716,1.50374
0.700259,0.599482,1.51381
0.694315,0.61137,1.51065
0.698864,0.602271,1.49927
0.69838,0.60324,1.53128
0.695683,0.608634,1.52771
0.694485,0.611029,1.51351
0.703068,0.593865,1.50619
0.70409,0.591819,1.50666
0.698743,0.602514,1.51382
0.692595,0.614811,1.51719
0.697249,0.605502,1.50643
0.694759,0.610481,1.52643
0.697625,0.60475,1.53762
0.693122,0.613757,1.51338
0.701229,0.597542,1.52914
0.692317,0.615367,1.52383
0.708278,0.583443,1.48434
0.706947,0.586106,1.49401
0.708211,0.583577,1.46498
0.698131,0.603739,1.48905
0.701268,0.597463,1.48743
0.711413,0.577173,1.47484
0.707447,0.585107,1.46532
0.704516,0.590967,1.49858
0.707233,0.585535,1.48855
0.704664,0.590672,1.47797
0.70883,0.582341,1.47441
0.709701,0.580598,1.48128
0.706738,0.586524,1.47183
0.708814,0.582372,1.46923
0.704179,0.591642,1.46099
0.709692,0.580616,1.48502
0.709963,0.580074,1.47505
0.70242,0.59516,1.48878
0.699939,0.600122,1.47782
0.704435,0.59113,1.47217
0.708829,0.582341,1.47724
0.703703,0.592593,1.48459
0.700862,0.598276,1.49243
0.710425,0.57915,1.45421
0.707162,0.585676,1.45092
0.712327,0.575345,1.44277
0.715271,0.569459,1.44447
0.708913,0.582175,1.44704
0.71064,0.578721,1.43161
0.716326,0.567348,1.45226
0.716911,0.566178,1.44002
0.713522,0.572957,1.4326
0.713244,0.573512,1.44141
0.708172,0.583656,1.44844
0.713475,0.573049,1.44451
0.713994,0.572013,1.45406
0.715714,0.568572,1.43983
0.709355,0.581289,1.4521
0.711455,0.57709,1.46038
0.710173,0.579654,1.42731
0.709891,0.580218,1.44666
0.712339,0.575323,1.439
0.707412,0.585176,1.44496
0.58687,0.82626,1.98807
0.598496,0.803008,1.95762
0.587305,0.82539,1.96312
0.597416,0.805167,1.91912
0.587164,0.825673,1.96884
0.593337,0.813325,1.99239
0.596522,0.806957,1.96386
0.594077,0.811847,1.93946
0.58566,0.82868,1.96807
0.596734,0.806533,1.97175
0.596649,0.806701,1.92979
0.602077,0.795846,1.94127
0.591817,0.816367,1.93978
0.59461,0.810781,1.99496
0.597197,0.805605,1.91148
0.594369,0.811263,1.93581
0.60474,0.790521,1.943
0.588344,0.823312,1.97124
0.598969,0.802062,1.93359
0.608654,0.782693,1.91933
0.607074,0.785852,1.8644
0.604879,0.790241,1.89649
0.603709,0.792583,1.91346
0.605244,0.789513,1.88277
0.607814,0.784372,1.90013
0.604486,0.791028,1.9325
0.610675,0.778651,1.86345
0.611398,0.777203,1.88821
0.609357,0.781287,1.91278
0.606348,0.787304,1.89189
0.599205,0.801589,1.90236
0.61305,0.7739,1.89908
0.606988,0.786023,1.90926
0.610301,0.779397,1.87806
0.603992,0.792016,1.88157
0.607858,0.784284,1.91305
0.608429,0.783142,1.87757
0.607452,0.785096,1.87151
0.612397,0.775207,1.90385
0.608789,0.782422,1.86015
0.61247,0.775059,1.89278
0.603848,0.792303,1.89754
0.611356,0.777289,1.88201
0.601508,0.796984,1.90147
0.611515,0.77697,1.91219
0.615455,0.76909,1.85533
0.622019,0.755962,1.838
0.618501,0.762999,1.81006
0.616558,0.766883,1.86724
0.621083,0.757834,1.86095
0.620295,0.759409,1.82879
0.623121,0.753758,1.82085
0.617551,0.764897,1.85787
0.611109,0.777782,1.84746
0.624137,0.751725,1.83091
0.621527,0.756947,1.85068
0.620262,0.759476,1.85079
0.615811,0.768377,1.82449
0.617509,0.764982,1.87557
0.618968,0.762063,1.82677
0.610022,0.779956,1.85718
0.627115,0.745769,1.82969
0.613473,0.773053,1.861
0.620426,0.759149,1.80495
0.621401,0.757198,1.86023
0.619086,0.761828,1.83943
0.623893,0.752214,1.78615
0.631784,0.736433,1.77927
0.636258,0.727485,1.78506
0.628336,0.743329,1.79384
0.629144,0.741711,1.76266
0.634697,0.730607,1.77568
0.630838,0.738324,1.80336
0.631124,0.737752,1.77307
0.623678,0.752644,1.80979
0.637434,0.725132,1.77484
0.624063,0.751873,1.79266
0.63136,0.737281,1.76489
0.628861,0.742278,1.82353
0.629509,0.740982,1.79626
0.625564,0.748871,1.80623
0.635323,0.729353,1.7814
0.628466,0.743069,1.80817
0.634482,0.731037,1.78778
0.626836,0.746329,1.79675
0.634212,0.731575,1.78321
0.627921,0.744157,1.77404
0.624754,0.750493,1.78474
0.638379,0.723242,1.73306
0.645655,0.708691,1.74331
0.637167,0.725665,1.74909
0.640846,0.718308,1.71067
0.63919,0.72162,1.75707
0.640115,0.71977,1.74078
0.638609,0.722782,1.74604
0.64214,0.715719,1.75861
0.64161,0.716781,1.7306
0.636707,0.726587,1.73854
0.638489,0.723022,1.7583
0.644162,0.711676,1.74319
0.643076,0.713847,1.72556
0.642166,0.715667,1.75642
0.639184,0.721631,1.73674
0.635579,0.728841,1.73205
0.639933,0.720135,1.72417
0.638794,0.722411,1.72408
0.635012,0.729975,1.74959
0.644975,0.71005,1.73519
0.643458,0.713085,1.71944
0.639906,0.720188,1.71931
0.640182,0.719635,1.75991
0.645823,0.708354,1.68826
0.648805,0.702389,1.71567
0.64754,0.704921,1.71843
0.64616,0.707681,1.70227
0.646292,0.707417,1.69652
0.652718,0.694565,1.70387
0.641453,0.717094,1.70754
0.651776,0.696447,1.71201
0.648306,0.703387,1.69578
0.644569,0.710861,1.70692
0.652612,0.694776,1.69255
0.649914,0.700173,1.66528
0.655326,0.689349,1.69523
0.643518,0.712964,1.70083
0.652746,0.694508,1.68729
0.649452,0.701096,1.72159
0.649648,0.700703,1.69342
0.644161,0.711679,1.68733
0.656083,0.687834,1.68451
0.644501,0.710999,1.71179
0.648276,0.703449,1.68288
0.657966,0.684068,1.65594
0.65783,0.684339,1.67767
0.652684,0.694633,1.66595
0.665642,0.668716,1.64169
0.656221,0.687558,1.66047
0.651998,0.696005,1.65867
0.656563,0.686875,1.64658
0.662086,0.675828,1.66229
0.659993,0.680014,1.66814
0.657238,0.685523,1.62835
0.6606,0.678801,1.64466
0.653072,0.693855,1.66202
0.658955,0.68209,1.65715
0.659518,0.680963,1.62614
0.651475,0.69705,1.65368
0.656921,0.686159,1.63373
0.667303,0.665395,1.6099
0.67029,0.65942,1.60144
0.663539,0.672922,1.61142
0.666761,0.666479,1.61085
0.66465,0.6707,1.6032
0.667089,0.665822,1.63421
0.670231,0.659539,1.60706
0.665532,0.668936,1.59061
0.671441,0.657118,1.61568
0.670775,0.658451,1.59427
0.667317,0.665366,1.62257
0.667916,0.664169,1.6
0.671981,0.656038,1.5964
0.665291,0.669417,1.60847
0.667186,0.665628,1.59018
0.664396,0.671209,1.62367
0.668846,0.662309,1.607
0.662441,0.675118,1.6096
0.663034,0.673933,1.62403
0.664384,0.671232,1.59723
0.668825,0.66235,1.6104
0.666222,0.667557,1.61709
0.665165,0.669671,1.59579
0.672177,0.655645,1.60015
0.661121,0.677758,1.62528
0.663972,0.672056,1.61699
0.662204,0.675593,1.61584
0.669334,0.661332,1.59757
0.665275,0.669451,1.60616
0.677496,0.645008,1.56095
0.674317,0.651366,1.56268
0.677605,0.64479,1.55718
0.68072,0.63856,1.55897
0.674258,0.651485,1.57997
0.678352,0.643295,1.5734
0.672737,0.654525,1.5719
0.674927,0.650146,1.55477
0.675653,0.648693,1.56279
0.67723,0.64554,1.58368
0.671809,0.656383,1.56175
0.672192,0.655617,1.58037
0.675745,0.64851,1.54657
0.671308,0.657385,1.57443
0.669285,0.66143,1.57459
0.679194,0.641612,1.55998
0.671959,0.656082,1.55607
0.67029,0.659419,1.58745
0.674682,0.650636,1.5909
0.67582,0.648361,1.55846
0.671929,0.656143,1.56868
0.679604,0.640791,1.55365
0.678649,0.642703,1.57905
0.67432,0.651359,1.57158
0.674382,0.651235,1.59538
0.677048,0.645904,1.55356
0.672987,0.654025,1.56242
0.682376,0.635249,1.55467
0.679249,0.641502,1.53232
0.679638,0.640724,1.52174
0.682247,0.635506,1.53657
0.681897,0.636205,1.51521
0.685003,0.629994,1.53816
0.681765,0.636471,1.53396
0.688669,0.622661,1.52204
0.681513,0.636975,1.52315
0.677685,0.644629,1.52837
0.683492,0.633016,1.55074
0.686017,0.627966,1.52559
0.684695,0.63061,1.5392
0.682795,0.63441,1.53044
0.678877,0.642245,1.53697
0.677545,0.64491,1.54612
0.681768,0.636463,1.54439
0.683505,0.632991,1.51138
0.681307,0.637386,1.55122
0.686662,0.626675,1.53429
0.676569,0.646862,1.53594
0.682228,0.635544,1.52614
0.688183,0.623633,1.51995
0.680942,0.638115,1.544
0.683791,0.632417,1.51471
0.682774,0.634453,1.56023
0.679834,0.640332,1.5463
0.686895,0.626209,1.52719
0.68342,0.63316,1.53704
0.685301,0.629398,1.50644
0.686665,0.62667,1.51379
0.690942,0.618115,1.47716
0.692758,0.614484,1.50443
0.693638,0.612724,1.49105
0.688749,0.622503,1.47896
0.68874,0.62252,1.49587
0.684501,0.630998,1.50757
0.693323,0.613354,1.4838
0.68937,0.62126,1.51666
0.692083,0.615834,1.4766
0.685809,0.628383,1.49523
0.696637,0.606726,1.49291
0.690704,0.618591,1.48567
0.696086,0.607829,1.48914
0.690193,0.619613,1.47522
0.693638,0.612724,1.49692
0.688742,0.622516,1.5073
0.690115,0.61977,1.4792
0.691416,0.617169,1.50263
0.691837,0.616325,1.49016
0.686502,0.626997,1.49979
0.692206,0.615588,1.48228
0.698857,0.602286,1.44558
0.696472,0.607056,1.46651
0.701306,0.597389,1.46988
0.695218,0.609563,1.45954
0.700527,0.598946,1.4501
0.69759,0.604819,1.47567
0.698386,0.603228,1.45555
0.691952,0.616096,1.46962
0.700276,0.599448,1.45582
0.69569,0.60862,1.4586
0.700484,0.599032,1.47193
0.692851,0.614299,1.45739
0.70358,0.592841,1.45343
0.693043,0.613913,1.47519
0.69911,0.60178,1.47469
0.701899,0.596201,1.45113
0.69568,0.60864,1.44274
0.695627,0.608745,1.46536
0.69495,0.6101,1.45591
0.693703,0.612594,1.47861
0.696387,0.607227,1.47121
0.69729,0.605419,1.44897
0.698479,0.603042,1.48304
0.70173,0.59654,1.46417
0.696856,0.606289,1.45834
0.699637,0.600726,1.45237
0.691791,0.616418,1.46432
0.704319,0.591362,1.42183
0.696902,0.606195,1.43703
0.705188,0.589624,1.41332
0.700814,0.598372,1.42301
0.701503,0.596994,1.4413
0.709812,0.580376,1.42734
0.708708,0.582584,1.42289
0.699095,0.601809,1.43987
0.703499,0.593003,1.40883
0.708644,0.582712,1.42881
0.703041,0.593919,1.43196
0.702718,0.594564,1.44444
0.703873,0.592254,1.43268
0.706784,0.586431,1.42719
0.699355,0.60129,1.42731
0.69981,0.600379,1.44409
0.701785,0.59643,1.44494
0.703678,0.592645,1.41186
0.701019,0.597961,1.43294
0.69831,0.60338,1.43357
0.57154,0.85692,1.96451
0.58129,0.837419,1.98356
0.576031,0.847938,1.97884
0.581503,0.836995,1.96455
0.572239,0.855522,1.97896
0.572881,0.854238,1.96335
0.568889,0.862223,1.97851
0.575948,0.848105,1.98384
0.577637,0.844726,1.96537
0.583724,0.832552,1.9673
0.570573,0.858855,1.97839
0.573948,0.852103,1.9835
0.579015,0.84197,1.99257
0.566861,0.866278,1.98413
0.568265,0.86347,1.99648
0.571654,0.856693,1.9742
0.587946,0.824108,1.92394
0.586359,0.827282,1.90187
0.578309,0.843382,1.94558
0.591145,0.817711,1.92698
0.58799,0.82402,1.94234
0.587582,0.824835,1.91222
0.590915,0.81817,1.93053
0.584922,0.830155,1.946
0.589584,0.820831,1.89566
0.588737,0.822527,1.93408
0.584849,0.830301,1.93565
0.58384,0.83232,1.95975
0.581781,0.836438,1.93595
0.594556,0.810888,1.91732
0.588199,0.823601,1.95005
0.588765,0.82247,1.9319
0.585833,0.828335,1.92729
0.599688,0.800623,1.8531
0.600154,0.799693,1.88657
0.603662,0.792676,1.87451
0.60019,0.79962,1.8408
0.593096,0.813808,1.86952
0.603296,0.793408,1.84335
0.599701,0.800598,1.84774
0.596506,0.806987,1.88238
0.592963,0.814075,1.89276
0.608368,0.783263,1.85637
0.595059,0.809883,1.87246
0.60457,0.790861,1.84621
0.600351,0.799298,1.89303
0.595411,0.809178,1.86719
0.598292,0.803416,1.87332
0.602881,0.794237,1.86373
0.601577,0.796845,1.8439
0.601549,0.796903,1.84717
0.598338,0.803324,1.89803
0.598198,0.803605,1.88365
0.602752,0.794496,1.85871
0.599702,0.800596,1.88244
0.597246,0.805509,1.86055
0.601083,0.797834,1.83241
0.604074,0.791852,1.87378
0.611002,0.777996,1.80969
0.61478,0.770439,1.81292
0.606028,0.787944,1.84197
0.608949,0.782101,1.83337
0.604258,0.791483,1.83385
0.617646,0.764707,1.806
0.61046,0.779081,1.81588
0.605923,0.788154,1.81393
0.614831,0.770338,1.82431
0.6094,0.781201,1.79217
0.614076,0.771847,1.79812
0.608819,0.782363,1.81068
0.606612,0.786775,1.82538
0.607265,0.785471,1.84449
0.609313,0.781375,1.82438
0.612616,0.774768,1.81354
0.61364,0.77272,1.82317
0.611109,0.777782,1.83615
0.613514,0.772972,1.78483
0.620667,0.758666,1.74612
0.621116,0.757767,1.77919
0.613904,0.772192,1.78571
0.616141,0.767718,1.75548
0.617118,0.765764,1.78763
0.625804,0.748392,1.75243
0.62385,0.7523,1.78223
0.612487,0.775027,1.77552
0.62104,0.75792,1.74055
0.61812,0.763759,1.786
0.617787,0.764425,1.77985
0.613387,0.773225,1.78034
0.622965,0.75407,1.75966
0.621307,0.757386,1.77462
0.614735,0.770531,1.77796
0.613803,0.772394,1.76785
0.62633,0.747339,1.76413
0.623127,0.753746,1.73814
0.616474,0.767051,1.78432
0.62704,0.74592,1.73425
0.630725,0.738549,1.74694
0.633475,0.73305,1.71489
0.63602,0.72796,1.69627
0.622475,0.75505,1.72883
0.632047,0.735907,1.70654
0.631333,0.737334,1.70049
0.634864,0.730272,1.72323
0.63046,0.73908,1.70879
0.639049,0.721901,1.71113
0.630064,0.739871,1.70244
0.63002,0.739959,1.73932
0.636433,0.727134,1.72155
0.632539,0.734923,1.72891
0.625127,0.749746,1.7373
0.636299,0.727401,1.70313
0.624188,0.751625,1.72823
0.632862,0.734276,1.73899
0.63124,0.73752,1.69228
0.633422,0.733155,1.72199
0.626498,0.747003,1.72854
0.637266,0.725468,1.71508
0.632811,0.734378,1.70945
0.629254,0.741491,1.74686
0.640169,0.719662,1.65987
0.644824,0.710351,1.65783
0.641007,0.717985,1.65116
0.639414,0.721172,1.67692
0.638514,0.722973,1.70208
0.64421,0.711581,1.65152
0.64489,0.71022,1.6677
0.646487,0.707027,1.67164
0.636514,0.726972,1.68147
0.63742,0.72516,1.65936
0.640807,0.718387,1.67459
0.640951,0.718098,1.69457
0.64211,0.715779,1.68237
0.644998,0.710004,1.6632
0.634102,0.731795,1.68201
0.637606,0.724787,1.69352
0.641074,0.717852,1.64657
0.642979,0.714042,1.66807
0.635367,0.729265,1.67382
0.642242,0.715516,1.6522
0.6403,0.7194,1.7017
0.637836,0.724328,1.66323
0.643487,0.713025,1.6585
0.63905,0.7219,1.68539
0.638288,0.723424,1.65845
0.648459,0.703081,1.66464
0.638376,0.723247,1.67755
0.642744,0.714512,1.64722
0.639913,0.720174,1.66496
0.654174,0.691652,1.6324
0.644123,0.711755,1.63911
0.65198,0.696039,1.64135
0.649619,0.700761,1.62387
0.651261,0.697477,1.61138
0.651091,0.697819,1.63137
0.647968,0.704065,1.63371
0.653037,0.693927,1.63487
0.641629,0.716742,1.63911
0.6519,0.696201,1.64588
0.64791,0.70418,1.62062
0.650581,0.698838,1.63915
0.644728,0.710545,1.62705
0.651954,0.696092,1.61213
0.648052,0.703897,1.64457
0.647485,0.705031,1.62867
0.643384,0.713231,1.63391
0.647738,0.704524,1.63863
0.651444,0.697112,1.61818
0.656793,0.686414,1.62213
0.643876,0.712247,1.64733
0.646851,0.706297,1.61555
0.652666,0.694668,1.5879
0.659964,0.680072,1.58533
0.660661,0.678677,1.57019
0.656598,0.686804,1.60314
0.659235,0.68153,1.6022
0.65135,0.6973,1.60291
0.660564,0.678872,1.57417
0.655081,0.689838,1.58852
0.653578,0.692844,1.60464
0.656693,0.686614,1.59441
0.661802,0.676397,1.58028
0.65521,0.689581,1.6079
0.653439,0.693121,1.59718
0.663382,0.673235,1.58036
0.660186,0.679629,1.60136
0.658934,0.682131,1.57466
0.655647,0.688705,1.57957
0.662184,0.675632,1.56971
0.653982,0.692035,1.59051
0.65133,0.697341,1.59616
0.667985,0.664029,1.52816
0.660716,0.678568,1.55314
0.669514,0.660972,1.54052
0.668715,0.662569,1.5397
0.66313,0.673741,1.54724
0.673629,0.652741,1.54473
0.664487,0.671027,1.5634
0.661267,0.677466,1.56172
0.668016,0.663969,1.56601
0.6666,0.6668,1.57927
0.667896,0.664207,1.53296
0.666933,0.666135,1.55919
0.663799,0.672403,1.5641
0.670514,0.658973,1.54346
0.666718,0.666563,1.5276
0.666281,0.667437,1.53842
0.662716,0.674569,1.54295
0.669651,0.660698,1.55465
0.666005,0.66799,1.5347
0.659543,0.680914,1.56237
0.669496,0.661008,1.53227
0.672642,0.654716,1.54506
0.663173,0.673653,1.56008
0.663433,0.673134,1.54187
0.668603,0.662794,1.52726
0.673178,0.653643,1.49591
0.673885,0.65223,1.52834
0.670387,0.659226,1.52296
0.674707,0.650586,1.51948
0.671846,0.656308,1.50852
0.676909,0.646182,1.51098
0.672063,0.655874,1.50258
0.681496,0.637007,1.50863
0.671095,0.657811,1.52864
0.675462,0.649076,1.49781
0.675394,0.649211,1.51467
0.671276,0.657447,1.5312
0.676046,0.647908,1.4922
0.674582,0.650836,1.51089
0.678212,0.643577,1.50433
0.676164,0.647672,1.52386
0.674651,0.650699,1.49237
0.679438,0.641124,1.51757
0.681174,0.637652,1.50436
0.669596,0.660807,1.52861
0.67353,0.65294,1.52176
0.672223,0.655554,1.51337
0.675586,0.648828,1.50732
0.667972,0.664057,1.52279
0.671068,0.657864,1.51417
0.67333,0.653341,1.53853
0.680067,0.639865,1.51222
0.671883,0.656234,1.52267
0.67168,0.65664,1.50197
0.676108,0.647784,1.52007
0.677256,0.645487,1.48396
0.685054,0.629893,1.47318
0.683582,0.632836,1.46702
0.681972,0.636055,1.49102
0.677771,0.644459,1.49245
0.685088,0.629823,1.47914
0.68251,0.634979,1.50071
0.679099,0.641801,1.47019
0.681446,0.637107,1.4835
0.681387,0.637225,1.46403
0.680256,0.639488,1.47738
0.682962,0.634076,1.49022
0.675045,0.64991,1.48971
0.684108,0.631784,1.47893
0.678713,0.642575,1.49526
0.684153,0.631695,1.48852
0.681517,0.636966,1.47848
0.68673,0.626541,1.48148
0.676844,0.646312,1.48778
0.683631,0.632737,1.49387
0.680745,0.63851,1.45981
0.680889,0.638222,1.50178
0.688276,0.623447,1.45053
0.694252,0.611495,1.44833
0.688743,0.622515,1.42717
0.687271,0.625459,1.46451
0.684379,0.631241,1.45176
0.690527,0.618946,1.45411
0.685377,0.629245,1.44058
0.690514,0.618973,1.43421
0.687789,0.624422,1.45377
0.691257,0.617487,1.42984
0.69074,0.61852,1.4509
0.689815,0.62037,1.44087
0.68579,0.628419,1.46017
0.689423,0.621153,1.45358
0.68566,0.62868,1.44445
0.689368,0.621265,1.46197
0.693695,0.61261,1.44407
0.686696,0.626609,1.46062
0.688454,0.623091,1.44517
0.691679,0.616641,1.44415
0.692069,0.615862,1.43221
0.689431,0.621137,1.44969
0.687343,0.625315,1.43785
0.694863,0.610273,1.40644
0.697962,0.604077,1.40116
0.695915,0.60817,1.40571
0.698279,0.603442,1.42892
0.69031,0.61938,1.42294
0.698705,0.602591,1.41682
0.694781,0.610437,1.39953
0.693857,0.612287,1.40988
0.697062,0.605877,1.43106
0.69397,0.61206,1.39945
0.701763,0.596474,1.40699
0.693843,0.612313,1.43214
0.69757,0.60486,1.42249
0.696034,0.607932,1.41304
0.698891,0.602217,1.40673
0.695548,0.608904,1.39419
0.699222,0.601557,1.42136
0.700215,0.599571,1.40728
0.691924,0.616151,1.42098
0.696815,0.60637,1.41565
0.691962,0.616077,1.4171
0.697648,0.604704,1.39585
0.696425,0.60715,1.41879
0.700238,0.599525,1.41116
0.693765,0.612471,1.42263
0.695425,0.60915,1.42902
0.699825,0.60035,1.41722
0.696523,0.606955,1.40645
0.556472,0.887056,1.98612
0.55465,0.890701,1.9736
0.550467,0.899065,1.98958
0.560043,0.879913,1.99471
0.555882,0.888236,1.99422
0.555773,0.888454,1.98202
0.55736,0.88528,1.99173
0.561442,0.877116,1.96092
0.570249,0.859503,1.95664
0.568078,0.863844,1.91905
0.556704,0.886593,1.95802
0.561966,0.876068,1.94499
0.573013,0.853974,1.93891
0.564859,0.870281,1.92812
0.565583,0.868833,1.96218
0.561862,0.876275,1.94311
0.560944,0.878112,1.98972
0.558397,0.883205,1.95396
0.565583,0.868833,1.92084
0.561386,0.877228,1.97
0.568726,0.862548,1.95853
0.563035,0.87393,1.95777
0.559026,0.881948,1.98586
0.567066,0.865868,1.91651
0.570304,0.859391,1.9486
0.558192,0.883615,1.9718
0.561651,0.876698,1.93573
0.561303,0.877395,1.97965
0.572666,0.854668,1.91064
0.577707,0.844587,1.89784
0.571156,0.857687,1.89328
0.575972,0.848055,1.90128
0.577736,0.844529,1.88057
0.579275,0.84145,1.88937
0.583066,0.833868,1.88097
0.580831,0.838339,1.85985
0.584709,0.830582,1.87924
0.573914,0.852171,1.91659
0.581079,0.837841,1.90611
0.574881,0.850239,1.92974
0.581602,0.836795,1.86514
0.581132,0.837737,1.8895
0.572922,0.854156,1.89348
0.580608,0.838785,1.8954
0.578571,0.842858,1.92606
0.570803,0.858394,1.91276
0.578465,0.843071,1.86181
0.583973,0.832055,1.8962
0.574011,0.851977,1.90785
0.570505,0.85899,1.90829
0.580186,0.839629,1.9073
0.594285,0.811429,1.84202
0.592889,0.814223,1.84327
0.590636,0.818727,1.82176
0.587341,0.825318,1.82441
0.584918,0.830164,1.85413
0.585853,0.828294,1.84123
0.594529,0.810943,1.81411
0.588579,0.822842,1.84376
0.586818,0.826365,1.86326
0.590813,0.818373,1.8147
0.596479,0.807041,1.82329
0.581384,0.837232,1.85389
0.590309,0.819382,1.82635
0.589829,0.820342,1.87274
0.593848,0.812303,1.82182
0.585503,0.828994,1.8386
0.596912,0.806176,1.82836
0.582778,0.834445,1.84383
0.595174,0.809652,1.83144
0.592237,0.815527,1.85455
0.589686,0.820628,1.83411
0.596245,0.807511,1.84123
0.58845,0.823099,1.86402
0.59585,0.8083,1.81646
0.582388,0.835224,1.8582
0.583654,0.832692,1.84347
0.585388,0.829223,1.86135
0.596873,0.806254,1.79351
0.603338,0.793323,1.78392
0.607943,0.784115,1.76979
0.603818,0.792364,1.77772
0.599731,0.800539,1.78574
0.602789,0.794422,1.75748
0.599466,0.801068,1.79567
0.607831,0.784339,1.79184
0.600616,0.798768,1.77833
0.5954,0.8092,1.8091
0.608557,0.782886,1.77859
0.600999,0.798003,1.77387
0.604758,0.790484,1.77103
0.606269,0.787462,1.79157
0.607161,0.785678,1.77724
0.603579,0.792841,1.80609
0.600877,0.798246,1.81142
0.597848,0.804305,1.78408
0.603244,0.793512,1.78782
0.600329,0.799342,1.77064
0.610242,0.779517,1.77868
0.601534,0.796931,1.78022
0.60641,0.787181,1.76934
0.601051,0.797898,1.76137
0.599421,0.801159,1.81389
0.601698,0.796604,1.7934
0.595919,0.808162,1.80004
0.60008,0.799841,1.82683
0.612077,0.775846,1.7342
0.608393,0.783214,1.73475
0.610891,0.778219,1.76515
0.611093,0.777815,1.7548
0.615221,0.769558,1.71675
0.606913,0.786174,1.74357
0.615733,0.768535,1.73666
0.617409,0.765183,1.73517
0.608653,0.782694,1.75645
0.612848,0.774305,1.73331
0.617128,0.765744,1.71982
0.611279,0.777442,1.76086
0.613841,0.772318,1.71756
0.614342,0.771315,1.73542
0.606172,0.787656,1.73847
0.609475,0.781051,1.76048
0.611929,0.776141,1.741
0.614154,0.771693,1.72215
0.610914,0.778172,1.74918
0.61023,0.779541,1.723
0.620012,0.759975,1.72743
0.613358,0.773284,1.71424
0.613964,0.772072,1.74915
0.612404,0.775192,1.74035
0.624875,0.75025,1.67607
0.624586,0.750827,1.69866
0.618909,0.762183,1.69354
0.619881,0.760238,1.67818
0.620826,0.758348,1.70611
0.617682,0.764637,1.71042
0.629639,0.740722,1.68471
0.628174,0.743652,1.69617
0.624581,0.750839,1.66761
0.616301,0.767398,1.69578
0.629336,0.741327,1.69026
0.623531,0.752938,1.7044
0.621943,0.756114,1.69783
0.628423,0.743155,1.67827
0.628012,0.743975,1.68541
0.621687,0.756625,1.68945
0.626748,0.746504,1.69583
0.624832,0.750336,1.68372
0.620943,0.758114,1.71453
0.626105,0.747791,1.68719
0.618321,0.763358,1.69412
0.627756,0.744487,1.689
0.61927,0.761461,1.70691
0.623126,0.753749,1.69985
0.625845,0.748309,1.66577
0.633547,0.732907,1.64135
0.630509,0.738982,1.6497
0.634478,0.731044,1.64769
0.632105,0.735789,1.67832
0.628285,0.743431,1.64819
0.631951,0.736098,1.67128
0.640561,0.718878,1.64257
0.626367,0.747266,1.66592
0.637248,0.725503,1.64947
0.633914,0.732172,1.62797
0.635218,0.729564,1.66031
0.625314,0.749372,1.65659
0.629316,0.741369,1.67214
0.633049,0.733901,1.62404
0.633216,0.733568,1.66208
0.62684,0.746321,1.65714
0.632168,0.735663,1.66433
0.638854,0.722293,1.64008
0.628166,0.743669,1.64232
0.630928,0.738143,1.66543
0.635637,0.728726,1.65305
0.627576,0.744848,1.66375
0.634973,0.730054,1.63264
0.64065,0.7187,1.61218
0.646982,0.706037,1.59448
0.644224,0.711553,1.59288
0.643698,0.712604,1.60187
0.637047,0.725905,1.61447
0.647004,0.705992,1.60613
0.638112,0.723775,1.5977
0.643188,0.713625,1.61654
0.641063,0.717874,1.59462
0.640003,0.719994,1.61967
0.641216,0.717568,1.63051
0.637774,0.724453,1.60074
0.64314,0.713721,1.61336
0.638679,0.722642,1.63007
0.645572,0.708855,1.60917
0.635788,0.728424,1.61542
0.647614,0.704772,1.59755
0.639745,0.72051,1.59489
0.63777,0.724459,1.60802
0.644209,0.711582,1.61833
0.639079,0.721841,1.61674
0.643251,0.713499,1.58789
0.636809,0.726383,1.60832
0.641286,0.717427,1.61494
0.648376,0.703249,1.60623
0.63876,0.722481,1.61972
0.640096,0.719807,1.62856
0.645382,0.709237,1.59458
0.64223,0.715541,1.59995
0.642679,0.714641,1.62756
0.650656,0.698687,1.58745
0.646,0.707999,1.56302
0.644872,0.710255,1.57739
0.653804,0.692391,1.56862
0.646967,0.706066,1.59028
0.651343,0.697314,1.56504
0.654929,0.690143,1.57453
0.648105,0.70379,1.56997
0.648123,0.703753,1.58754
0.650105,0.69979,1.59393
0.653793,0.692413,1.56637
0.646734,0.706532,1.58012
0.653492,0.693016,1.55339
0.651213,0.697575,1.57672
0.65324,0.693521,1.57542
0.649713,0.700573,1.54766
0.652171,0.695658,1.57069
0.6536,0.692801,1.55917
0.655538,0.688923,1.56847
0.658474,0.683053,1.53784
0.654192,0.691616,1.53355
0.662683,0.674633,1.51685
0.659456,0.681088,1.52151
0.660581,0.678838,1.54626
0.658244,0.683513,1.54717
0.655192,0.689616,1.54957
0.656355,0.68729,1.53493
0.662667,0.674666,1.52596
0.664002,0.671997,1.52245
0.657438,0.685123,1.52176
0.658073,0.683854,1.54487
0.654932,0.690136,1.52779
0.657179,0.685642,1.52869
0.65639,0.687221,1.54061
0.659424,0.681152,1.51136
0.653847,0.692307,1.54747
0.655999,0.688002,1.52939
0.659182,0.681637,1.54593
0.652645,0.694709,1.5422
0.660785,0.67843,1.5136
0.66154,0.676921,1.51131
0.670463,0.659074,1.48874
0.669766,0.660468,1.49931
0.667698,0.664605,1.49011
0.661341,0.677318,1.49645
0.670056,0.659889,1.49403
0.671648,0.656704,1.48892
0.664037,0.671927,1.50964
0.667815,0.664369,1.51018
0.659456,0.681087,1.5046
0.663241,0.673518,1.5096
0.664827,0.670346,1.4861
0.668632,0.662736,1.49564
0.662933,0.674134,1.4929
0.669044,0.661913,1.48809
0.666316,0.667369,1.49333
0.672461,0.655078,1.4626
0.671735,0.65653,1.47459
0.674357,0.651287,1.44953
0.676099,0.647802,1.47609
0.675482,0.649037,1.4658
0.672548,0.654904,1.46674
0.669446,0.661107,1.47317
0.680177,0.639646,1.45178
0.673323,0.653355,1.47303
0.678319,0.643361,1.44989
0.675049,0.649901,1.47461
0.673029,0.653942,1.47511
0.678192,0.643616,1.46843
0.673759,0.652482,1.46264
0.671085,0.65783,1.46686
0.67805,0.6439,1.46001
0.677544,0.644912,1.47262
0.6781,0.643799,1.45508
0.669108,0.661785,1.46508
0.671437,0.657126,1.46149
0.675146,0.649707,1.46053
0.67439,0.65122,1.47967
0.669875,0.660249,1.47667
0.680449,0.639102,1.45735
0.685289,0.629422,1.424
0.675802,0.648395,1.43388
0.683933,0.632134,1.43984
0.678729,0.642542,1.44591
0.684651,0.630699,1.41584
0.684458,0.631083,1.42651
0.677856,0.644287,1.43665
0.675895,0.64821,1.44148
0.680835,0.63833,1.4458
0.679984,0.640032,1.43124
0.682648,0.634705,1.42314
0.67579,0.648419,1.4361
0.680458,0.639084,1.44121
0.681053,0.637895,1.45155
0.680775,0.638451,1.4212
0.683249,0.633503,1.43538
0.679779,0.640443,1.44637
0.681706,0.636589,1.408
0.684444,0.631112,1.39805
0.688551,0.622899,1.42138
0.691274,0.617453,1.38653
0.688806,0.622387,1.38979
0.691914,0.616173,1.38604
0.683849,0.632301,1.407
0.687382,0.625236,1.39911
0.688273,0.623455,1.41038
0.685811,0.628377,1.40377
0.689387,0.621227,1.37997
0.692557,0.614886,1.39223
0.691739,0.616522,1.40555
0.68794,0.62412,1.4141
0.694678,0.610645,1.39476
0.687292,0.625417,1.40314
0.687834,0.624332,1.38881
0.687872,0.624256,1.38578
0.686938,0.626123,1.40996
0.694114,0.611773,1.39387
0.54694,0.906119,1.97448
0.54275,0.9145,1.98844
0.550543,0.898915,1.98264
0.547073,0.905855,1.9874
0.544919,0.910163,1.956
0.533056,0.933889,1.99317
0.5362,0.9276,1.9924
0.543907,0.912186,1.98717
0.552849,0.894302,1.96825
0.538931,0.922139,1.98315
0.54289,0.914219,1.95695
0.545595,0.90881,1.96766
0.547719,0.904563,1.9536
0.544885,0.91023,1.97515
0.541542,0.916916,1.96888
0.54347,0.913059,1.99544
0.550943,0.898115,1.94655
0.55034,0.89932,1.95345
0.559963,0.880073,1.893
0.552384,0.895233,1.93138
0.562206,0.875588,1.9133
0.555715,0.88857,1.92078
0.555205,0.88959,1.90831
0.556156,0.887688,1.89525
0.560471,0.879059,1.93472
0.547747,0.904507,1.94182
0.559491,0.881017,1.91446
0.560085,0.879831,1.89772
0.553107,0.893787,1.96245
0.560165,0.87967,1.92744
0.557623,0.884754,1.89696
0.553522,0.892956,1.9436
0.557715,0.884571,1.94836
0.561701,0.876597,1.90635
0.551738,0.896524,1.91345
0.555563,0.888874,1.95673
0.557226,0.885547,1.90304
0.564741,0.870517,1.91015
0.567984,0.864031,1.87774
0.56285,0.874299,1.88854
0.573176,0.853648,1.84798
0.568184,0.863631,1.89881
0.567374,0.865253,1.86207
0.563014,0.873973,1.8728
0.575417,0.849167,1.871
0.571755,0.85649,1.83366
0.572194,0.855612,1.85696
0.564907,0.870186,1.87105
0.570873,0.858253,1.87633
0.570109,0.859782,1.86925
0.568066,0.863868,1.89112
0.571384,0.857232,1.8479
0.578989,0.842022,1.85729
0.568096,0.863808,1.88406
0.566288,0.867424,1.87149
0.560899,0.878203,1.87677
0.569979,0.860041,1.85959
0.572386,0.855227,1.88296
0.567332,0.865336,1.90574
0.57482,0.850361,1.84198
0.562033,0.875934,1.88095
0.569169,0.861663,1.83822
0.566853,0.866294,1.89317
0.582519,0.834961,1.82523
0.587838,0.824324,1.8082
0.582147,0.835706,1.82969
0.583935,0.83213,1.80414
0.57818,0.84364,1.83543
0.579181,0.841637,1.81137
0.583366,0.833268,1.78572
0.586205,0.827589,1.8019
0.583883,0.832233,1.81853
0.58386,0.832279,1.79923
0.57503,0.849939,1.83525
0.576391,0.847217,1.84147
0.577495,0.84501,1.82236
0.581556,0.836887,1.79608
0.588669,0.822662,1.80057
0.581284,0.837432,1.84666
0.578067,0.843867,1.80503
0.572101,0.855799,1.82789
0.587347,0.825306,1.79114
0.580151,0.839698,1.83425
0.582462,0.835076,1.79275
0.576086,0.847828,1.82703
0.57888,0.84224,1.84613
0.576916,0.846168,1.81384
0.59247,0.81506,1.74153
0.593022,0.813956,1.77439
0.587417,0.825166,1.76483
0.591011,0.817979,1.79318
0.589532,0.820936,1.76203
0.591177,0.817647,1.7793
0.588643,0.822713,1.78464
0.589852,0.820297,1.7934
0.595888,0.808223,1.73552
0.598606,0.802788,1.76613
0.593698,0.812604,1.75862
0.596596,0.806809,1.75107
0.586285,0.827431,1.7736
0.591762,0.816476,1.76008
0.597095,0.805809,1.76527
0.593223,0.813555,1.74905
0.592577,0.814846,1.78874
0.597878,0.804244,1.74891
0.585019,0.829962,1.77751
0.597559,0.804882,1.77482
0.593194,0.813612,1.7663
0.589528,0.820944,1.77555
0.588861,0.822277,1.76679
0.597764,0.804472,1.75946
0.604716,0.790567,1.70489
0.60456,0.79088,1.73798
0.603952,0.792097,1.72328
0.60185,0.796299,1.70319
0.606818,0.786364,1.71409
0.605737,0.788527,1.71686
0.599711,0.800577,1.71497
0.604598,0.790805,1.74187
0.611233,0.777533,1.70348
0.599673,0.800653,1.7351
0.59818,0.803639,1.72592
0.60347,0.79306,1.71468
0.60647,0.78706,1.72929
0.602034,0.795932,1.73372
0.601405,0.79719,1.71679
0.602286,0.795428,1.70929
0.609631,0.780737,1.71414
0.599329,0.801341,1.73133
0.597772,0.804456,1.7182
0.606452,0.787096,1.70367
0.611643,0.776714,1.70853
0.60218,0.795639,1.72906
0.597463,0.805073,1.72245
0.606009,0.787981,1.69009
0.602458,0.795084,1.72374
0.620174,0.759652,1.67202
0.612319,0.775361,1.69471
0.613931,0.772138,1.67134
0.616638,0.766724,1.68223
0.613102,0.773795,1.68306
0.615036,0.769928,1.66158
0.613228,0.773544,1.67144
0.617748,0.764503,1.67969
0.611996,0.776009,1.6871
0.615215,0.769569,1.68522
0.618809,0.762382,1.65879
0.611982,0.776037,1.69368
0.614361,0.771277,1.67353
0.620233,0.759534,1.66585
0.618451,0.763097,1.67157
0.610235,0.779531,1.69773
0.61537,0.76926,1.64686
0.616964,0.766071,1.68863
0.608352,0.783295,1.68061
0.614481,0.771039,1.69275
0.617137,0.765725,1.65589
0.609347,0.781305,1.68787
0.627579,0.744842,1.62744
0.627579,0.744842,1.6074
0.623207,0.753587,1.65616
0.62422,0.75156,1.61051
0.628696,0.742608,1.61737
0.616122,0.767756,1.64171
0.621934,0.756133,1.63976
0.628058,0.743884,1.62297
0.619228,0.761544,1.62486
0.624351,0.751298,1.64233
0.625354,0.749293,1.63588
0.618853,0.762294,1.64126
0.619308,0.761383,1.63104
0.624708,0.750584,1.62068
0.617781,0.764437,1.64216
0.630624,0.738752,1.6161
0.623516,0.752968,1.60736
0.622894,0.754213,1.63165
0.626088,0.747824,1.64202
0.621892,0.756217,1.65164
0.621036,0.757929,1.63439
0.624547,0.750906,1.65429
0.637754,0.724492,1.59163
0.630879,0.738242,1.61348
0.633578,0.732845,1.58544
0.636236,0.727528,1.60194
0.636239,0.727521,1.57954
0.635073,0.729853,1.57155
0.629873,0.740255,1.60538
0.641388,0.717223,1.57954
0.633367,0.733265,1.61651
0.629578,0.740843,1.59619
0.625834,0.748333,1.59884
0.638985,0.72203,1.57873
0.63396,0.73208,1.57214
0.635001,0.729998,1.56452
0.630714,0.738572,1.60809
0.635594,0.728813,1.5965
0.632574,0.734851,1.58393
0.635086,0.729827,1.57792
0.630579,0.738842,1.58725
0.634736,0.730529,1.58733
0.628461,0.743078,1.58635
0.632004,0.735991,1.61561
0.633141,0.733717,1.56925
0.635989,0.728022,1.59451
0.63493,0.73014,1.55817
0.643283,0.713433,1.53413
0.640461,0.719077,1.56157
0.646056,0.707888,1.55322
0.64352,0.712961,1.55569
0.638818,0.722364,1.56419
0.646038,0.707923,1.53863
0.641779,0.716443,1.54469
0.648421,0.703158,1.5406
0.636815,0.726369,1.5659
0.641578,0.716844,1.5611
0.641586,0.716828,1.53665
0.643641,0.712717,1.55317
0.639451,0.721098,1.55043
0.643019,0.713963,1.561
0.646604,0.706792,1.5479
0.638731,0.722537,1.57207
0.642118,0.715763,1.55066
0.636522,0.726956,1.55685
0.640459,0.719082,1.56791
0.642146,0.715708,1.55119
0.646418,0.707165,1.55793
0.641646,0.716708,1.57561
0.641938,0.716125,1.55581
0.640984,0.718031,1.54245
0.647906,0.704187,1.54641
0.645282,0.709436,1.51796
0.651457,0.697085,1.5099
0.652083,0.695834,1.49125
0.651011,0.697979,1.53465
0.651083,0.697834,1.50223
0.649178,0.701644,1.52591
0.653503,0.692995,1.51696
0.647091,0.705817,1.52339
0.657227,0.685547,1.50964
0.655436,0.689128,1.50732
0.64822,0.703561,1.52236
0.652938,0.694123,1.50487
0.649872,0.700257,1.50179
0.651074,0.697852,1.52302
0.645301,0.709399,1.52663
0.651857,0.696285,1.52919
0.644141,0.711717,1.52067
0.654242,0.691517,1.50198
0.655733,0.688535,1.5091
0.653046,0.693907,1.49462
0.661888,0.676224,1.46655
0.659623,0.680754,1.46393
0.657088,0.685824,1.48879
0.659135,0.68173,1.47076
0.662176,0.675649,1.46841
0.654425,0.69115,1.48437
0.658884,0.682233,1.47399
0.6625,0.675,1.48052
0.658075,0.68385,1.48949
0.66584,0.668319,1.47332
0.655055,0.689891,1.4944
0.655861,0.688278,1.474
0.658727,0.682546,1.49636
0.662876,0.674249,1.46817
0.65825,0.6835,1.46299
0.65717,0.685661,1.47763
0.661425,0.677151,1.48391
0.658114,0.683773,1.50073
0.657325,0.685349,1.47236
0.665106,0.669789,1.47035
0.654406,0.691188,1.49056
0.656516,0.686968,1.4669
0.659946,0.680108,1.47595
0.655835,0.68833,1.49732
0.656937,0.686125,1.48749
0.672914,0.654173,1.4378
0.662749,0.674502,1.45738
0.665592,0.668815,1.45396
0.666976,0.666048,1.46047
0.662794,0.674412,1.44097
0.670288,0.659423,1.44526
0.661529,0.676941,1.45149
0.664478,0.671044,1.45953
0.670761,0.658477,1.43661
0.66835,0.663301,1.44003
0.672043,0.655914,1.44123
0.663577,0.672846,1.45729
0.672707,0.654587,1.44442
0.666917,0.666166,1.45038
0.665455,0.66909,1.4659
0.661329,0.677341,1.45491
0.670629,0.658742,1.4311
0.665538,0.668925,1.44486
0.667751,0.664498,1.46423
0.6678,0.6644,1.4456
0.663455,0.673091,1.44409
0.672023,0.655954,1.43673
0.67152,0.65696,1.4453
0.664562,0.670876,1.45227
0.66117,0.677661,1.4467
0.665347,0.669305,1.44338
0.678215,0.64357,1.41652
0.673124,0.653753,1.401
0.673368,0.653265,1.42068
0.670804,0.658392,1.40873
0.676125,0.647751,1.40381
0.674926,0.650148,1.43329
0.679982,0.640036,1.40994
0.670695,0.65861,1.4136
0.676341,0.647318,1.40919
0.675068,0.649864,1.39914
0.666987,0.666025,1.42284
0.674622,0.650756,1.40752
0.672455,0.65509,1.41437
0.668646,0.662708,1.4145
0.673487,0.653025,1.41748
0.678639,0.642721,1.41061
0.668225,0.663549,1.4225
0.6783,0.643401,1.41972
0.671646,0.656708,1.40328
0.680228,0.639543,1.4061
0.674949,0.650101,1.4041
0.677843,0.644313,1.41194
0.668476,0.663048,1.41934
0.684226,0.631548,1.37637
0.676205,0.647591,1.38665
0.681895,0.636209,1.39203
0.676982,0.646036,1.39519
0.679572,0.640856,1.37771
0.68063,0.638741,1.38718
0.678205,0.643589,1.39206
0.682698,0.634604,1.36827
0.684779,0.630441,1.37153
0.676086,0.647829,1.3905
0.682883,0.634234,1.39702
0.683088,0.633823,1.38761
0.679607,0.640787,1.38561
0.680615,0.63877,1.37167
0.682282,0.635437,1.39368
0.685573,0.628854,1.37488
0.677039,0.645922,1.38445
0.683764,0.632471,1.3697
0.678365,0.64327,1.37715
0.681761,0.636479,1.38774
0.677701,0.644599,1.38888
0.68463,0.63074,1.38545
0.676608,0.646783,1.39083
0.683656,0.632688,1.3927
0.681284,0.637433,1.3799
0.680075,0.63985,1.37282
0.52445,0.9511,1.99514
0.521941,0.956119,1.97637
0.526243,0.947514,1.99171
0.523258,0.953484,1.99233
0.519352,0.961296,1.98653
0.533282,0.933436,1.95928
0.528558,0.942884,1.94821
0.53121,0.93758,1.99026
0.535457,0.929086,1.97987
0.524721,0.950558,1.97309
0.536892,0.926217,1.96069
0.535089,0.929823,1.92404
0.538772,0.922457,1.9297
0.541296,0.917407,1.95713
0.53045,0.939101,1.96751
0.537061,0.925878,1.91935
0.533366,0.933268,1.94546
0.536405,0.927191,1.96427
0.530907,0.938187,1.97178
0.532489,0.935023,1.95449
0.534763,0.930474,1.97322
0.538754,0.922492,1.94293
0.531035,0.937931,1.99911
0.541004,0.917992,1.94607
0.539383,0.921234,1.95709
0.530443,0.939114,1.95965
0.536632,0.926737,1.91389
0.530413,0.939174,1.98425
0.535099,0.929801,1.94537
0.527844,0.944311,1.96453
0.531533,0.936935,1.98243
0.534679,0.930642,1.93248
0.548098,0.903805,1.92316
0.543359,0.913282,1.88897
0.548319,0.903363,1.89673
0.546625,0.906751,1.91581
0.549563,0.900874,1.8763
0.550061,0.899878,1.91814
0.551267,0.897467,1.90061
0.546883,0.906234,1.90437
0.548325,0.90335,1.91731
0.548398,0.903204,1.86702
0.546263,0.907473,1.88143
0.543082,0.913836,1.91369
0.552259,0.895481,1.87719
0.545263,0.909474,1.92452
0.546555,0.906891,1.90756
0.547634,0.904732,1.87267
0.540949,0.918102,1.91117
0.540579,0.918841,1.89828
0.557037,0.885927,1.86005
0.56479,0.87042,1.85288
0.558847,0.882306,1.84195
0.553635,0.89273,1.85791
0.561044,0.877913,1.8647
0.557905,0.884189,1.85523
0.564747,0.870506,1.83265
0.556122,0.887756,1.8382
0.562951,0.874099,1.85871
0.565318,0.869364,1.84355
0.557588,0.884824,1.84978
0.559695,0.88061,1.86576
0.564322,0.871355,1.82613
0.557848,0.884304,1.83355
0.557865,0.88427,1.82852
0.56073,0.87854,1.84663
0.558669,0.882663,1.87288
0.565377,0.869247,1.81823
0.555903,0.888194,1.84619
0.551557,0.896886,1.85737
0.562534,0.874932,1.82356
0.555567,0.888865,1.86084
0.569326,0.861349,1.82882
0.554888,0.890224,1.84803
0.561951,0.876097,1.83681
0.563347,0.873306,1.84947
0.567805,0.86439,1.84402
0.556224,0.887551,1.86923
0.576917,0.846166,1.78826
0.572804,0.854392,1.79042
0.576291,0.847418,1.79543
0.57426,0.85148,1.81365
0.57421,0.85158,1.77514
0.573552,0.852896,1.7888
0.56843,0.863141,1.81655
0.575969,0.848063,1.76903
0.568389,0.863222,1.78218
0.57454,0.850919,1.78787
0.581794,0.836412,1.77439
0.577762,0.844476,1.79543
0.573735,0.852529,1.76146
0.566612,0.866776,1.80391
0.574509,0.850982,1.79467
0.578537,0.842926,1.7843
0.576539,0.846921,1.76279
0.576492,0.847017,1.78156
0.565891,0.868217,1.8095
0.573127,0.853746,1.76801
0.570017,0.859966,1.78314
0.56643,0.86714,1.79281
0.578622,0.842756,1.7436
0.582555,0.834891,1.75367
0.592062,0.815875,1.73031
0.584316,0.831368,1.76968
0.582757,0.834487,1.73605
0.589104,0.821792,1.71943
0.591412,0.817175,1.73637
0.585966,0.828067,1.74906
0.586971,0.826058,1.7597
0.582559,0.834882,1.75744
0.583199,0.833602,1.74587
0.590891,0.818217,1.73122
0.582444,0.835112,1.7285
0.588,0.823999,1.73802
0.584203,0.831593,1.77247
0.586831,0.826339,1.72717
0.589593,0.820815,1.7225
0.575788,0.848425,1.7541
0.58304,0.833919,1.76367
0.588392,0.823217,1.75084
0.587109,0.825782,1.73941
0.588319,0.823361,1.72527
0.584109,0.831782,1.75299
0.593902,0.812195,1.72921
0.578445,0.843109,1.75674
0.588089,0.823822,1.7517
0.589662,0.820676,1.73403
0.595022,0.809956,1.67609
0.603375,0.793251,1.68124
0.596809,0.806382,1.71856
0.59678,0.806441,1.69705
0.591552,0.816895,1.71765
0.588616,0.822769,1.70002
0.601065,0.79787,1.68709
0.600077,0.799846,1.69813
0.595131,0.809737,1.67357
0.5936,0.8128,1.71645
0.600451,0.799098,1.67758
0.596482,0.807037,1.6868
0.597531,0.804937,1.71254
0.590714,0.818573,1.69511
0.599931,0.800138,1.67443
0.591968,0.816065,1.69739
0.593284,0.813432,1.67946
0.59721,0.80558,1.7041
0.598201,0.803598,1.66568
0.59197,0.81606,1.70166
0.600541,0.798919,1.69048
0.595974,0.808052,1.69376
0.594572,0.810856,1.70284
0.590323,0.819354,1.71364
0.603563,0.792874,1.68744
0.597975,0.804049,1.67931
0.595444,0.809112,1.71812
0.608802,0.782395,1.63949
0.61428,0.77144,1.64241
0.605958,0.788085,1.63575
0.601133,0.797733,1.65837
0.608528,0.782944,1.66437
0.603929,0.792143,1.65692
0.610689,0.778623,1.65345
0.607148,0.785704,1.6229
0.610352,0.779295,1.64526
0.601628,0.796744,1.65278
0.608721,0.782558,1.6313
0.605146,0.789708,1.68361
0.602648,0.794704,1.66731
0.603309,0.793383,1.64226
0.598486,0.803028,1.66029
0.61151,0.776981,1.63179
0.60756,0.784879,1.64206
0.610715,0.77857,1.65711
0.603079,0.793842,1.67453
0.609883,0.780234,1.64164
0.606784,0.786432,1.67267
0.604525,0.79095,1.63593
0.605479,0.789042,1.65232
0.599044,0.801911,1.66532
0.601314,0.797372,1.64742
0.612853,0.774295,1.64537
0.61589,0.76822,1.60018
0.617278,0.765444,1.62125
0.620593,0.758815,1.61566
0.616908,0.766183,1.58808
0.61188,0.77624,1.62104
0.616155,0.76769,1.61273
0.614048,0.771904,1.60358
0.614661,0.770678,1.63738
0.616001,0.767998,1.62404
0.623418,0.753164,1.60268
0.613053,0.773894,1.61353
0.61287,0.774261,1.62831
0.618429,0.763142,1.58352
0.619315,0.76137,1.62363
0.610624,0.778751,1.612
0.614615,0.770769,1.60814
0.619104,0.761791,1.61589
0.617152,0.765696,1.59317
0.607947,0.784106,1.62064
0.618461,0.763079,1.60536
0.612452,0.775096,1.60962
0.616647,0.766705,1.6181
0.61333,0.77334,1.62238
0.615317,0.769367,1.59518
0.617278,0.765443,1.6306
0.61889,0.76222,1.59624
0.613511,0.772977,1.61812
0.615716,0.768568,1.60539
0.619194,0.761612,1.60102
0.627317,0.745365,1.54751
0.623924,0.752152,1.57795
0.620106,0.759788,1.58526
0.626954,0.746092,1.56676
0.625922,0.748156,1.54997
0.624093,0.751814,1.56747
0.628463,0.743073,1.5738
0.627295,0.74541,1.58877
0.630523,0.738954,1.55392
0.619447,0.761106,1.57889
0.624261,0.751477,1.56144
0.631185,0.73763,1.56794
0.621743,0.756515,1.58101
0.626016,0.747968,1.54687
0.623503,0.752994,1.573
0.628927,0.742146,1.5596
0.624988,0.750024,1.55517
0.626964,0.746071,1.57298
0.626806,0.746389,1.58426
0.626279,0.747441,1.55509
0.628498,0.743003,1.56443
0.621269,0.757462,1.57676
0.627072,0.745856,1.57413
0.628908,0.742184,1.54677
0.633762,0.732476,1.54995
0.636775,0.726449,1.52291
0.637385,0.72523,1.5425
0.632393,0.735213,1.53922
0.627349,0.745301,1.53966
0.632819,0.734362,1.52157
0.637009,0.725982,1.53043
0.634252,0.731495,1.5586
0.636625,0.726751,1.51408
0.634602,0.730795,1.52406
0.63679,0.72642,1.54817
0.634184,0.731632,1.51458
0.632743,0.734513,1.52766
0.631039,0.737922,1.53929
0.636728,0.726544,1.52591
0.638246,0.723508,1.51367
0.628841,0.742318,1.53722
0.630517,0.738967,1.54547
0.645885,0.70823,1.48024
0.639422,0.721156,1.49798
0.646167,0.707666,1.49667
0.639171,0.721658,1.50673
0.64299,0.714019,1.50104
0.643747,0.712506,1.47838
0.641913,0.716174,1.5094
0.642831,0.714338,1.49617
0.63704,0.72592,1.5035
0.645166,0.709668,1.51289
0.64359,0.712819,1.50602
0.643921,0.712157,1.49445
0.643933,0.712133,1.51599
0.647308,0.705384,1.4886
0.643402,0.713197,1.49653
0.644141,0.711717,1.47313
0.64564,0.708721,1.48529
0.643369,0.713263,1.51194
0.64452,0.710961,1.49904
0.640146,0.719708,1.49255
0.642011,0.715978,1.50662
0.64518,0.709641,1.508
0.637148,0.725705,1.50094
0.641424,0.717152,1.50015
0.641114,0.717773,1.51705
0.641545,0.716911,1.49649
0.647427,0.705146,1.50008
0.64187,0.716259,1.47929
0.638357,0.723287,1.49666
0.643199,0.713602,1.51933
0.655144,0.689712,1.45111
0.653886,0.692228,1.47567
0.650641,0.698719,1.48274
0.649824,0.700351,1.45713
0.649581,0.700838,1.46779
0.652305,0.69539,1.44275
0.648504,0.702993,1.48101
0.646007,0.707986,1.46681
0.647334,0.705332,1.47356
0.657694,0.684613,1.45315
0.648878,0.702244,1.45999
0.651312,0.697377,1.44001
0.650073,0.699853,1.48022
0.654019,0.691963,1.47099
0.647097,0.705807,1.46757
0.654323,0.691353,1.45096
0.651709,0.696582,1.45076
0.647379,0.705241,1.4599
0.653161,0.693678,1.463
0.646856,0.706289,1.47177
0.64954,0.700921,1.45272
0.650367,0.699265,1.46165
0.661432,0.677136,1.43016
0.660428,0.679144,1.41837
0.655064,0.689872,1.44305
0.657048,0.685904,1.44559
0.659446,0.681107,1.41415
0.662566,0.674868,1.43703
0.659459,0.681082,1.44119
0.653151,0.693698,1.43556
0.663864,0.672272,1.41831
0.660714,0.678572,1.42482
0.661785,0.67643,1.41543
0.655392,0.689215,1.43782
0.660145,0.679709,1.43733
0.661565,0.67687,1.41988
0.664896,0.670208,1.4192
0.657644,0.684712,1.41747
0.657645,0.684709,1.43356
0.663452,0.673096,1.43186
0.658894,0.682211,1.42364
0.658209,0.683582,1.44432
0.662108,0.675784,1.43304
0.65952,0.68096,1.43245
0.656721,0.686558,1.43782
0.658187,0.683627,1.44786
0.654787,0.690426,1.43029
0.662155,0.67569,1.42511
0.663503,0.672995,1.40579
0.671855,0.65629,1.39299
0.669571,0.660859,1.39545
0.666648,0.666704,1.4167
0.66071,0.678581,1.40824
0.665018,0.669964,1.4118
0.666466,0.667068,1.40996
0.667748,0.664504,1.3862
0.666769,0.666462,1.3988
0.66122,0.677561,1.40194
0.667155,0.665691,1.39683
0.66944,0.661121,1.40978
0.661608,0.676785,1.40936
0.66644,0.66712,1.40487
0.668984,0.662032,1.40596
0.664367,0.671266,1.40476
0.665354,0.669292,1.39709
0.667254,0.665491,1.38389
0.668445,0.663111,1.41141
0.660268,0.679463,1.40414
0.6627,0.6746,1.39846
0.668152,0.663696,1.38338
0.668854,0.662291,1.37769
0.678061,0.643878,1.36079
0.674681,0.650637,1.36145
0.671505,0.656989,1.37892
0.677509,0.644983,1.3729
0.671673,0.656654,1.36379
0.674507,0.650986,1.37382
0.675465,0.64907,1.35212
0.675894,0.648211,1.36521
0.669292,0.661417,1.36942
0.672847,0.654306,1.38361
0.67451,0.65098,1.35259
0.676654,0.646692,1.37494
0.676545,0.646909,1.35992
0.667861,0.664277,1.37327
0.675277,0.649446,1.36037
0.672039,0.655923,1.35876
0.669036,0.661927,1.37981
0.671151,0.657697,1.36027
0.67384,0.652321,1.37072
0.676743,0.646515,1.36664
0.673443,0.653114,1.38653
0.670114,0.659771,1.36261
0.670514,0.658972,1.37971
0.679198,0.641603,1.36121
0.669349,0.661303,1.37243
0.671351,0.657297,1.38356
0.512983,0.974034,1.96236
0.51166,0.97668,1.97219
0.518134,0.963732,1.96954
0.515146,0.969707,1.94417
0.502164,0.995671,1.99767
0.519818,0.960364,1.95772
0.50815,0.9837,1.96797
0.515766,0.968468,1.96987
0.51005,0.979901,1.99804
0.520827,0.958347,1.97794
0.505883,0.988233,1.99475
0.505939,0.988122,1.98106
0.514997,0.970006,1.97621
0.510456,0.979087,1.9852
0.523312,0.953376,1.93107
0.521676,0.956648,1.95642
0.52955,0.940901,1.93766
0.517942,0.964117,1.93197
0.522225,0.95555,1.9202
0.528063,0.943874,1.92813
0.530225,0.93955,1.90665
0.524278,0.951443,1.93906
0.525455,0.94909,1.90488
0.527213,0.945574,1.89183
0.531082,0.937837,1.89157
0.529667,0.940666,1.91663
0.524577,0.950845,1.91283
0.521847,0.956306,1.92512
0.525693,0.948615,1.92814
0.534135,0.93173,1.91809
0.534041,0.931917,1.90004
0.527254,0.945492,1.89847
0.520005,0.95999,1.92985
0.532104,0.935792,1.93123
0.519779,0.960442,1.95616
0.527863,0.944274,1.922
0.524899,0.950203,1.95532
0.529788,0.940424,1.88192
0.541971,0.916058,1.85176
0.536659,0.926682,1.88282
0.533893,0.932213,1.8804
0.540429,0.919141,1.87817
0.536934,0.926131,1.85631
0.538008,0.923984,1.90523
0.543042,0.913915,1.83122
0.536483,0.927033,1.87479
0.540167,0.919666,1.86217
0.541909,0.916182,1.87026
0.535401,0.929199,1.86466
0.539041,0.921918,1.85191
0.535319,0.929362,1.89321
0.537463,0.925073,1.87871
0.538984,0.922031,1.85867
0.542881,0.914238,1.85205
0.541463,0.917075,1.86453
0.539003,0.921994,1.8443
0.539623,0.920754,1.88283
0.532335,0.93533,1.88945
0.540094,0.919812,1.87179
0.535535,0.92893,1.88011
0.547247,0.905506,1.86378
0.536211,0.927577,1.90492
0.544955,0.91009,1.84121
0.534515,0.93097,1.86435
0.54086,0.91828,1.89468
0.55041,0.899179,1.84114
0.554401,0.891198,1.79343
0.556042,0.887915,1.82469
0.558739,0.882522,1.79062
0.549941,0.900117,1.8461
0.548195,0.90361,1.82478
0.559538,0.880925,1.81431
0.548827,0.902346,1.82325
0.547182,0.905637,1.84177
0.549025,0.901949,1.80815
0.553658,0.892684,1.82943
0.55803,0.883939,1.82304
0.549819,0.900361,1.81518
0.550749,0.898502,1.85014
0.554024,0.891953,1.82312
0.548201,0.903598,1.8317
0.555888,0.888225,1.83259
0.557975,0.884051,1.80016
0.546221,0.907559,1.82073
0.55739,0.885219,1.8163
0.556037,0.887927,1.78298
0.550855,0.898289,1.8081
0.555674,0.888652,1.81824
0.561607,0.876786,1.80345
0.552531,0.894938,1.7923
0.563761,0.872478,1.78072
0.564326,0.871349,1.7867
0.56285,0.8743,1.76965
0.562633,0.874735,1.75624
0.562337,0.875325,1.77831
0.570943,0.858115,1.75743
0.568289,0.863421,1.76338
0.567602,0.864797,1.75212
0.556628,0.886744,1.77413
0.563338,0.873323,1.78716
0.5641,0.8718,1.76262
0.566846,0.866308,1.78625
0.563042,0.873915,1.79526
0.568732,0.862535,1.75464
0.560025,0.87995,1.77733
0.572823,0.854355,1.75699
0.564413,0.871174,1.75501
0.563986,0.872027,1.77177
0.564385,0.87123,1.74366
0.56045,0.8791,1.78249
0.562697,0.874606,1.76054
0.578281,0.843439,1.73964
0.583991,0.832018,1.71199
0.581612,0.836776,1.69237
0.57881,0.84238,1.72674
0.581771,0.836458,1.70811
0.574866,0.850268,1.70079
0.58524,0.82952,1.70534
0.57392,0.852161,1.71631
0.577163,0.845673,1.71246
0.57891,0.84218,1.73208
0.575526,0.848949,1.7293
0.571209,0.857582,1.74009
0.580447,0.839105,1.71078
0.575411,0.849178,1.75029
0.578564,0.842872,1.72224
0.570964,0.858072,1.72968
0.57573,0.84854,1.71896
0.581631,0.836737,1.72363
0.584373,0.831253,1.6944
0.582377,0.835247,1.67902
0.59317,0.813661,1.66092
0.590628,0.818745,1.6882
0.58882,0.82236,1.65153
0.593184,0.813632,1.67902
0.585635,0.828729,1.67105
0.580659,0.838683,1.68107
0.588547,0.822905,1.68621
0.593746,0.812508,1.66752
0.588013,0.823975,1.67529
0.585272,0.829456,1.66209
0.5866,0.8268,1.70302
0.584209,0.831582,1.67067
0.5868,0.8264,1.65741
0.59067,0.81866,1.64884
0.581167,0.837666,1.67731
0.590458,0.819084,1.68186
0.58325,0.8335,1.67211
0.592942,0.814117,1.65205
0.594156,0.811688,1.66062
0.584835,0.83033,1.69005
0.600014,0.799971,1.60889
0.599707,0.800585,1.62454
0.596544,0.806912,1.65879
0.594542,0.810916,1.63298
0.594938,0.810124,1.64246
0.599635,0.800731,1.63712
0.600458,0.799085,1.60175
0.59334,0.81332,1.6337
0.598207,0.803586,1.6215
0.598118,0.803764,1.65513
0.594839,0.810322,1.62144
0.603549,0.792903,1.62949
0.598638,0.802724,1.62612
0.59817,0.803659,1.6477
0.597716,0.804568,1.61517
0.597869,0.804263,1.64126
0.606845,0.786309,1.62028
0.601536,0.796928,1.62826
0.594221,0.811558,1.6272
0.603201,0.793598,1.61224
0.598238,0.803524,1.63619
0.599183,0.801633,1.64667
0.603105,0.793791,1.61379
0.591649,0.816701,1.64536
0.597428,0.805144,1.62951
0.597985,0.80403,1.60863
0.608954,0.782093,1.59691
0.60398,0.79204,1.5983
0.611107,0.777785,1.58456
0.612576,0.774849,1.57235
0.61465,0.770701,1.57553
0.601614,0.796772,1.59653
0.607337,0.785326,1.59027
0.607247,0.785506,1.60948
0.607457,0.785087,1.57821
0.604198,0.791604,1.60739
0.605135,0.78973,1.59622
0.606474,0.787052,1.6115
0.609914,0.780172,1.5614
0.612011,0.775979,1.59879
0.608294,0.783412,1.58168
0.609801,0.780397,1.56826
0.61372,0.77256,1.59384
0.607048,0.785904,1.59398
0.606198,0.787605,1.58488
0.610913,0.778174,1.57513
0.607094,0.785813,1.57325
0.608405,0.78319,1.59233
0.615322,0.769356,1.58412
0.605394,0.789213,1.59964
0.607617,0.784767,1.61297
0.612761,0.774477,1.58475
0.60313,0.79374,1.58775
0.610271,0.779458,1.5832
0.606603,0.786793,1.60685
0.608058,0.783883,1.57221
0.617127,0.765745,1.57205
0.619627,0.760745,1.54704
0.624443,0.751114,1.5465
0.61696,0.766079,1.5426
0.623576,0.752847,1.53872
0.617792,0.764416,1.55092
0.617808,0.764383,1.53409
0.615145,0.76971,1.55096
0.613596,0.772808,1.56498
0.61726,0.765481,1.55726
0.618221,0.763557,1.55042
0.619967,0.760065,1.55913
0.623358,0.753284,1.55255
0.619083,0.761834,1.52985
0.622663,0.754674,1.54725
0.614948,0.770105,1.56428
0.617105,0.76579,1.57892
0.613382,0.773236,1.55386
0.611072,0.777856,1.55764
0.617024,0.765952,1.56648
0.622161,0.755678,1.55476
0.617558,0.764884,1.56216
0.625351,0.749298,1.54604
0.612272,0.775456,1.56464
0.614768,0.770464,1.54558
0.616775,0.766449,1.57014
0.620432,0.759137,1.56378
0.623846,0.752308,1.51144
0.62694,0.74612,1.52167
0.632633,0.734734,1.50629
0.621189,0.757621,1.51727
0.630612,0.738777,1.50365
0.626763,0.746473,1.51097
0.621454,0.757092,1.52374
0.627974,0.744052,1.50391
0.624905,0.750191,1.52485
0.62262,0.75476,1.52264
0.625607,0.748786,1.51976
0.623815,0.752371,1.53244
0.62784,0.744321,1.49391
0.626673,0.746653,1.52787
0.627017,0.745967,1.53121
0.629507,0.740987,1.50248
0.627115,0.745769,1.51711
0.63306,0.733879,1.5076
0.624226,0.751548,1.52212
0.631761,0.736477,1.501
0.624749,0.750502,1.51439
0.635378,0.729243,1.46125
0.638633,0.722733,1.4769
0.634098,0.731805,1.49967
0.638437,0.723126,1.46041
0.629643,0.740714,1.48255
0.635252,0.729495,1.47378
0.637498,0.725004,1.4614
0.632602,0.734795,1.49432
0.633924,0.732151,1.46767
0.637974,0.724051,1.48129
0.6389,0.722199,1.47959
0.636915,0.726171,1.45764
0.638297,0.723406,1.49115
0.635626,0.728749,1.47887
0.639095,0.721811,1.47118
0.641064,0.717872,1.46553
0.635482,0.729035,1.49992
0.642391,0.715218,1.44241
0.642255,0.71549,1.4317
0.639016,0.721968,1.45894
0.650024,0.699952,1.43648
0.645912,0.708177,1.43544
0.64238,0.715239,1.4609
0.648252,0.703496,1.43448
0.638149,0.723703,1.45348
0.649096,0.701807,1.44475
0.645545,0.70891,1.43152
0.650554,0.698892,1.44112
0.640444,0.719112,1.45953
0.642824,0.714352,1.43535
0.644237,0.711527,1.42451
0.641995,0.716009,1.46451
0.641823,0.716355,1.44899
0.641384,0.717233,1.43837
0.639988,0.720024,1.44777
0.644358,0.711285,1.46701
0.647295,0.705411,1.43279
0.645,0.709999,1.45778
0.649715,0.70057,1.43407
0.652859,0.694283,1.40741
0.645237,0.709526,1.42133
0.650302,0.699395,1.41343
0.649437,0.701125,1.40505
0.651693,0.696613,1.41931
0.649789,0.700422,1.42229
0.654178,0.691643,1.40307
0.65358,0.692839,1.41293
0.648485,0.70303,1.41121
0.650619,0.698762,1.40526
0.648498,0.703005,1.43018
0.654649,0.690702,1.42066
0.655611,0.688778,1.40892
0.648001,0.703999,1.42373
0.657083,0.685833,1.41149
0.646791,0.706419,1.41292
0.651592,0.696817,1.40512
0.654024,0.691952,1.42635
0.656537,0.686926,1.40143
0.652759,0.694482,1.41055
0.652876,0.694248,1.39504
0.647492,0.705016,1.42873
0.653992,0.692017,1.41708
0.64979,0.70042,1.41107
0.652461,0.695079,1.4317
0.659418,0.681163,1.37923
0.663059,0.673881,1.37888
0.656609,0.686781,1.39527
0.659263,0.681474,1.39272
0.655797,0.688406,1.38813
0.660002,0.679997,1.38677
0.657256,0.685487,1.37802
0.662189,0.675621,1.37841
0.658394,0.683212,1.39647
0.662734,0.674532,1.3872
0.65554,0.688919,1.37926
0.658692,0.682616,1.38961
0.658276,0.683449,1.3785
0.659971,0.680058,1.36514
0.66419,0.671619,1.38385
0.657769,0.684462,1.38891
0.659139,0.681723,1.36889
0.657934,0.684132,1.39287
0.661249,0.677503,1.39772
0.664113,0.671774,1.37199
0.661171,0.677659,1.37003
0.656737,0.686527,1.37436
0.656162,0.687676,1.39213
0.667495,0.66501,1.34344
0.664873,0.670255,1.34286
0.6718,0.6564,1.34801
0.663929,0.672142,1.35512
0.667653,0.664695,1.36156
0.661474,0.677053,1.35457
0.666244,0.667512,1.34802
0.6686,0.6628,1.36575
0.661725,0.676551,1.36106
0.663076,0.673849,1.35184
0.666753,0.666494,1.36059
0.662083,0.675835,1.36379
0.663759,0.672482,1.36874
0.670677,0.658647,1.35357
0.669133,0.661734,1.362
0.667378,0.665244,1.37301
0.668248,0.663505,1.33872
0.665431,0.669137,1.35228
0.669875,0.660251,1.35932
